season,pos,name,team,proj_fpts
2008,QB,Tom Brady,NE,376
2008,QB,Peyton Manning,IND,322.5
2008,QB,Tony Romo,DAL,318
2008,QB,Drew Brees,NO,317.8
2008,QB,Derek Anderson,CLE,296
2008,QB,Jay Cutler,DEN,294.1
2008,QB,Ben Roethlisberger,PIT,288.7
2008,QB,David Garrard,JAC,280.5
2008,QB,Carson Palmer,CIN,279.3
2008,QB,Vince Young,TEN,271
2008,QB,Aaron Rodgers,GB,268.7
2008,QB,Donovan McNabb,PHI,268.5
2008,QB,Matt Schaub,HOU,268
2008,QB,Matt Hasselbeck,SEA,263.9
2008,QB,Jon Kitna,DET,261
2008,QB,Philip Rivers,SD,254.5
2008,QB,Jason Campbell,WAS,252.4
2008,QB,Brett Favre,NYJ,251.3
2008,QB,Eli Manning,NYG,250.9
2008,QB,Marc Bulger,STL,246.6
2008,QB,Jake Delhomme,CAR,245.5
2008,QB,Kurt Warner,ARI,244
2008,QB,Brodie Croyle,KC,222.8
2008,QB,Chad Pennington,MIA,210
2008,QB,Matt Ryan,ATL,210
2008,QB,JaMarcus Russell,LV,201.3
2008,QB,Trent Edwards,BUF,200
2008,QB,J.T. O'Sullivan,SF,198
2008,QB,Jeff Garcia,TB,161.1
2008,QB,Kyle Orton,CHI,159.9
2008,QB,Troy Smith,BAL,151.9
2008,QB,Tarvaris Jackson,MIN,150.7
2008,QB,Gus Frerotte,MIN,105.8
2008,QB,Rex Grossman,CHI,95.9
2008,QB,Matt Leinart,ARI,73.6
2008,QB,Joe Flacco,BAL,61.3
2008,QB,Alex Smith,SF,60.2
2008,QB,Brian Griese,TB,40.4
2008,QB,Luke McCown,TB,38.3
2008,QB,Kyle Boller,BAL,36.8
2008,QB,Andrew Walter,LV,35.4
2008,QB,Damon Huard,KC,32.9
2008,QB,J.P. Losman,BUF,32.8
2008,QB,Josh McCown,CAR,32.7
2008,QB,Cleo Lemon,JAC,31.8
2008,QB,Todd Collins,WAS,29.5
2008,QB,Trent Green,STL,29.5
2008,QB,Chad Henne,MIA,27.5
2008,QB,Patrick Ramsey,DEN,26.1
2008,QB,Kerry Collins,TEN,24.3
2008,QB,Jim Sorgi,IND,22
2008,QB,David Carr,NYG,19.9
2008,QB,Brady Quinn,CLE,19.8
2008,QB,Sage Rosenfels,HOU,18.9
2008,QB,Kellen Clemens,NYJ,17.2
2008,QB,Chris Redman,ATL,16.8
2008,QB,Kevin Kolb,PHI,16.8
2008,QB,Brad Johnson,DAL,15.1
2008,QB,Billy Volek,SD,14.8
2008,QB,Brian Brohm,GB,13.2
2008,QB,A.J. Feeley,PHI,10.5
2008,QB,Seneca Wallace,SEA,8.3
2008,QB,Dan Orlovsky,DET,6
2008,QB,Matt Cassel,NE,3.1
2008,QB,Ryan Fitzpatrick,CIN,2.7
2008,QB,Mark Brunell,NO,1.6
2008,RB,LaDainian Tomlinson,SD,323.8
2008,RB,Adrian Peterson,MIN,282.9
2008,RB,Steven Jackson,STL,252
2008,RB,Brian Westbrook,PHI,241.7
2008,RB,Marion Barber,DAL,227.8
2008,RB,Joseph Addai,IND,227.3
2008,RB,Clinton Portis,WAS,223
2008,RB,Marshawn Lynch,BUF,218.6
2008,RB,Maurice Jones-Drew,JAC,210.9
2008,RB,Ryan Grant,GB,209.1
2008,RB,Willis McGahee,BAL,192.5
2008,RB,Larry Johnson,KC,190.4
2008,RB,Frank Gore,SF,186.2
2008,RB,Kevin Smith,DET,185
2008,RB,Earnest Graham,TB,180.9
2008,RB,Selvin Young,DEN,176.5
2008,RB,Brandon Jacobs,NYG,173
2008,RB,Jamal Lewis,CLE,172.8
2008,RB,Willie Parker,PIT,172.5
2008,RB,Thomas Jones,NYJ,172.4
2008,RB,Laurence Maroney,NE,171
2008,RB,Michael Turner,ATL,169.2
2008,RB,Edgerrin James,ARI,168.2
2008,RB,LenDale White,TEN,168.1
2008,RB,Reggie Bush,NO,166
2008,RB,Darren McFadden,LV,156.7
2008,RB,Justin Fargas,LV,155
2008,RB,Chris Perry,CIN,145.5
2008,RB,Fred Taylor,JAC,143
2008,RB,Matt Forte,CHI,141.7
2008,RB,DeAngelo Williams,CAR,138.3
2008,RB,Chester Taylor,MIN,133.7
2008,RB,Julius Jones,SEA,130
2008,RB,Ricky Williams,MIA,126.5
2008,RB,Steve Slaton,HOU,123.5
2008,RB,Ronnie Brown,MIA,120.5
2008,RB,Jerious Norwood,ATL,115
2008,RB,Jonathan Stewart,CAR,112.6
2008,RB,Kenny Watson,CIN,104.9
2008,RB,Rashard Mendenhall,PIT,102.1
2008,RB,Ahmad Bradshaw,NYG,98.2
2008,RB,Felix Jones,DAL,97
2008,RB,Ray Rice,BAL,95.7
2008,RB,Jason Wright,CLE,92.4
2008,RB,Chris Johnson,TEN,90.2
2008,RB,Ladell Betts,WAS,81.8
2008,RB,Warrick Dunn,TB,76.8
2008,RB,Kevin Faulk,NE,72.5
2008,RB,Deuce McAllister,NO,69.5
2008,RB,Rudi Johnson,DET,69
2008,RB,Leon Washington,NYJ,69
2008,RB,Maurice Morris,SEA,67.8
2008,RB,Ahman Green,HOU,64.5
2008,RB,Dominic Rhodes,IND,61.7
2008,RB,Fred Jackson,BUF,59.8
2008,RB,Derrick Ward,NYG,57.5
2008,RB,Kevin Jones,CHI,56.1
2008,RB,Brandon Jackson,GB,55.4
2008,RB,DeShaun Foster,SF,53.9
2008,RB,Correll Buckhalter,PHI,52
2008,RB,Darren Sproles,SD,49
2008,RB,Andre Hall,DEN,49
2008,RB,Michael Pittman,DEN,48
2008,RB,Sammy Morris,NE,48
2008,RB,Lorenzo Booker,PHI,46.1
2008,RB,Leonard Weaver,SEA,45.9
2008,RB,Reuben Droughns,NYG,44.7
2008,RB,T.J. Duckett,SEA,44.4
2008,RB,Tim Hightower,ARI,43
2008,RB,Pierre Thomas,NO,40.5
2008,RB,Kolby Smith,KC,39.7
2008,RB,Michael Bennett,TB,38.4
2008,RB,Brian Leonard,STL,36.7
2008,RB,Michael Bush,LV,35.7
2008,RB,LaMont Jordan,NE,33.7
2008,RB,Chris Taylor,HOU,31.6
2008,RB,Heath Evans,NE,31.1
2008,RB,Aaron Stecker,NO,30.6
2008,RB,Garrett Wolfe,CHI,29.1
2008,RB,Jesse Chatman,NYJ,25.1
2008,RB,Jacob Hester,SD,24.7
2008,RB,Adrian Peterson,CHI,23.5
2008,RB,Justin Griffith,LV,23.5
2008,RB,Chris Henry,TEN,21.7
2008,RB,Jamaal Charles,KC,20.7
2008,RB,Ryan Torain,DEN,19.6
2008,RB,Patrick Cobbs,MIA,19.4
2008,RB,Mike Sellers,WAS,17.7
2008,RB,Mike Hart,IND,16.6
2008,RB,Mike Karney,NO,16.5
2008,RB,Greg Jones,JAC,16
2008,RB,Jalen Parmele,MIA,13.6
2008,RB,Brad Hoover,CAR,13.1
2008,RB,Terrelle Smith,ARI,12.5
2008,RB,J.J. Arrington,ARI,12.2
2008,RB,Antonio Pittman,STL,11.4
2008,RB,Gary Russell,PIT,11.1
2008,RB,Tony Richardson,NYJ,10.7
2008,RB,Thomas Tapeh,MIN,10
2008,RB,Michael Robinson,SF,9.9
2008,RB,Xavier Omon,BUF,8.8
2008,RB,Carey Davis,PIT,8.7
2008,RB,Jerome Harrison,CLE,8
2008,RB,Maurice Hicks,MIN,7.5
2008,RB,Tony Hunt,PHI,6.7
2008,RB,Ovie Mughelli,ATL,5.3
2008,RB,Travis Minor,STL,5.2
2008,RB,DeDe Dorsey,CIN,2.7
2008,RB,Rock Cartwright,WAS,0.6
2008,WR,Randy Moss,NE,222.9
2008,WR,Andre Johnson,HOU,209
2008,WR,Reggie Wayne,IND,205.5
2008,WR,Larry Fitzgerald,ARI,201.5
2008,WR,Terrell Owens,DAL,193.5
2008,WR,Brandon Marshall,DEN,185.5
2008,WR,Braylon Edwards,CLE,177.5
2008,WR,Chad Johnson,CIN,165.5
2008,WR,Torry Holt,STL,162.4
2008,WR,Marques Colston,NO,158
2008,WR,Santonio Holmes,PIT,154.5
2008,WR,Wes Welker,NE,154.4
2008,WR,Roy Williams,DET,153.5
2008,WR,Steve Smith,CAR,152.3
2008,WR,Greg Jennings,GB,150.8
2008,WR,Dwayne Bowe,KC,148.9
2008,WR,T.J. Houshmandzadeh,CIN,148
2008,WR,Jerricho Cotchery,NYJ,147.8
2008,WR,Plaxico Burress,NYG,146.5
2008,WR,Roddy White,ATL,143.5
2008,WR,Anquan Boldin,ARI,138.5
2008,WR,Santana Moss,WAS,131.7
2008,WR,Calvin Johnson,DET,130.5
2008,WR,Lee Evans,BUF,129.6
2008,WR,Hines Ward,PIT,126.8
2008,WR,Joey Galloway,TB,126.5
2008,WR,Laveranues Coles,NYJ,125.5
2008,WR,Chris Chambers,SD,124.9
2008,WR,Derrick Mason,BAL,123.2
2008,WR,Donald Driver,GB,121
2008,WR,Marvin Harrison,IND,111
2008,WR,Nate Burleson,SEA,109.5
2008,WR,Bernard Berrian,MIN,108.8
2008,WR,Justin Gage,TEN,108.6
2008,WR,Isaac Bruce,SF,101
2008,WR,Reggie Williams,JAC,100.5
2008,WR,Reggie Brown,PHI,97.5
2008,WR,D.J. Hackett,CAR,95.9
2008,WR,Javon Walker,LV,95.8
2008,WR,Bryant Johnson,SF,94.5
2008,WR,Ted Ginn Jr.,MIA,89.5
2008,WR,Bobby Engram,SEA,88.5
2008,WR,Patrick Crayton,DAL,88.2
2008,WR,Kevin Curtis,PHI,85.8
2008,WR,Donte' Stallworth,CLE,80.5
2008,WR,Steve Smith,NYG,79.9
2008,WR,David Patten,NO,78.4
2008,WR,Vincent Jackson,SD,77.2
2008,WR,Anthony Gonzalez,IND,75.5
2008,WR,Ronald Curry,LV,74.1
2008,WR,Deion Branch,SEA,73.6
2008,WR,Muhsin Muhammad,CAR,73.5
2008,WR,Derek Hagan,MIA,73.5
2008,WR,Michael Jenkins,ATL,73.4
2008,WR,Marty Booker,CHI,69.5
2008,WR,Kevin Walter,HOU,69.5
2008,WR,Jerry Porter,JAC,69.4
2008,WR,Drew Bennett,STL,69.4
2008,WR,Antwaan Randle El,WAS,69.2
2008,WR,Sidney Rice,MIN,69.1
2008,WR,Jabar Gaffney,NE,68.1
2008,WR,Justin McCareins,TEN,67.5
2008,WR,Dennis Northcutt,JAC,66.5
2008,WR,Mark Clayton,BAL,65.5
2008,WR,Chris Henry,CIN,64.9
2008,WR,Amani Toomer,NYG,63.6
2008,WR,Devin Hester,CHI,63.6
2008,WR,Laurent Robinson,ATL,63.5
2008,WR,Brandon Stokley,DEN,60.5
2008,WR,Robert Meachem,NO,59.5
2008,WR,Eddie Royal,DEN,58.2
2008,WR,Troy Williamson,JAC,57.4
2008,WR,Demetrius Williams,BAL,56.4
2008,WR,Ike Hilliard,TB,56.2
2008,WR,Brandon Lloyd,CHI,55
2008,WR,Josh Reed,BUF,54.9
2008,WR,Ernest Wilford,MIA,54.6
2008,WR,DeSean Jackson,PHI,53.5
2008,WR,Devard Darling,KC,53.4
2008,WR,Sam Hurd,DAL,52.5
2008,WR,Courtney Taylor,SEA,48.2
2008,WR,James Hardy,BUF,47.6
2008,WR,Nate Washington,PIT,47.2
2008,WR,Brad Smith,NYJ,45.9
2008,WR,Donnie Avery,STL,45.1
2008,WR,Antonio Bryant,TB,44.5
2008,WR,Jerheme Urban,ARI,44
2008,WR,Michael Clayton,TB,43.6
2008,WR,Andre' Davis,HOU,43.5
2008,WR,Josh Morgan,SF,42
2008,WR,Bobby Wade,MIN,37.5
2008,WR,Shaun McDonald,DET,37
2008,WR,Steve Breaston,ARI,37
2008,WR,Greg Camarillo,MIA,36.1
2008,WR,Devery Henderson,NO,35.5
2008,WR,Darrell Jackson,DEN,35.5
2008,WR,Mike Furrey,DET,35.5
2008,WR,James Jones,GB,34.5
2008,WR,Jeff Webb,KC,34.5
2008,WR,Arnaz Battle,SF,29.5
2008,WR,Sinorice Moss,NYG,29.1
2008,WR,Johnnie Lee Higgins,LV,28.5
2008,WR,Robert Ferguson,MIN,28.4
2008,WR,Devin Thomas,WAS,27.8
2008,WR,Craig Davis,SD,27.7
2008,WR,Mark Bradley,CHI,27.5
2008,WR,Roscoe Parrish,BUF,27.5
2008,WR,Hank Baskett,PHI,27.5
2008,WR,Malcolm Kelly,WAS,27.4
2008,WR,Harry Douglas,ATL,27.1
2008,WR,Dwayne Jarrett,CAR,26.5
2008,WR,Logan Payne,SEA,26
2008,WR,Jordy Nelson,GB,25.2
2008,WR,Kelley Washington,NE,22.9
2008,WR,Joe Jurevicius,CLE,22.2
2008,WR,Lance Moore,NO,21.5
2008,WR,Miles Austin,DAL,20.5
2008,WR,Legedu Naanee,SD,20
2008,WR,Early Doucet,ARI,19.5
2008,WR,Mike Sims-Walker,JAC,18.5
2008,WR,Jason Avant,PHI,18.2
2008,WR,Matt Jones,JAC,17.5
2008,WR,Dante' Hall,STL,17.5
2008,WR,Jacoby Jones,HOU,16.5
2008,WR,Roy Hall,IND,15.5
2008,WR,Maurice Stovall,TB,14.5
2008,WR,Brandon Jones,TEN,13.6
2008,WR,Limas Sweed,PIT,13.2
2008,WR,Lavelle Hawkins,TEN,12.9
2008,WR,Will Franklin,KC,10.4
2008,WR,Ruvell Martin,GB,9.5
2008,WR,Keary Colbert,DEN,9.2
2008,WR,Terrance Copper,NO,8
2008,WR,James Thrash,WAS,7.9
2008,WR,Rashied Davis,CHI,7.5
2008,WR,Antonio Chatman,CIN,7.2
2008,WR,Andre Caldwell,CIN,6.7
2008,WR,Josh Cribbs,CLE,5.4
2008,WR,Jerome Simpson,CIN,5.2
2008,TE,Kellen Winslow,CLE,142.7
2008,TE,Jason Witten,DAL,134.6
2008,TE,Antonio Gates,SD,132.5
2008,TE,Tony Gonzalez,KC,125.8
2008,TE,Chris Cooley,WAS,109.5
2008,TE,Owen Daniels,HOU,101.2
2008,TE,Heath Miller,PIT,96.5
2008,TE,Todd Heap,BAL,95.5
2008,TE,Dallas Clark,IND,91
2008,TE,Zach Miller,LV,87.5
2008,TE,Tony Scheffler,DEN,85.5
2008,TE,Randy McMichael,STL,83.5
2008,TE,Vernon Davis,SF,82.5
2008,TE,Jeremy Shockey,NO,79.7
2008,TE,Alge Crumpler,TEN,79
2008,TE,Marcedes Lewis,JAC,75.5
2008,TE,Greg Olsen,CHI,73.5
2008,TE,Donald Lee,GB,73.2
2008,TE,Kevin Boss,NYG,69.7
2008,TE,Ben Watson,NE,67.5
2008,TE,L.J. Smith,PHI,65
2008,TE,Bo Scaife,TEN,59.5
2008,TE,Alex Smith,TB,59.5
2008,TE,Desmond Clark,CHI,57.6
2008,TE,Robert Royal,BUF,52.5
2008,TE,Anthony Fasano,MIA,52.5
2008,TE,Jeff King,CAR,47
2008,TE,Leonard Pope,ARI,46.5
2008,TE,Ben Utecht,CIN,45.5
2008,TE,Dustin Keller,NYJ,40.2
2008,TE,Visanthe Shiancoe,MIN,38.5
2008,TE,Chris Baker,NYJ,37.5
2008,TE,Michael Gaines,DET,33.5
2008,TE,Martrez Milner,ATL,32.3
2008,TE,John Carlson,SEA,31.5
2008,TE,David Martin,MIA,30.5
2008,TE,Ben Patrick,ARI,27.5
2008,TE,Daniel Wilcox,BAL,24
2008,TE,Steve Heiden,CLE,21.9
2008,TE,George Wrighster,JAC,17.8
2008,TE,Matt Schobel,PHI,17.6
2008,TE,Jim Kleinsasser,MIN,17.5
2008,TE,Dante Rosario,CAR,17.1
2008,TE,Ben Hartsock,ATL,16.1
2008,TE,Daniel Graham,DEN,16.1
2008,TE,Will Heller,SEA,15.6
2008,TE,Brad Cottam,KC,15.6
2008,TE,Billy Bajema,SF,15.2
2008,TE,Billy Miller,NO,14.5
2008,TE,Mark Bruener,HOU,14.5
2008,TE,Anthony Becht,STL,14.2
2008,TE,Dan Campbell,DET,14
2008,TE,Jacob Tamme,IND,13.5
2008,TE,Matt Spaeth,PIT,13.4
2008,TE,Brandon Manumaleuna,SD,11.5
2008,TE,Ben Troupe,TB,11
2008,TE,John Madsen,LV,9.2
2008,TE,Martellus Bennett,DAL,9
2008,TE,Bubba Franks,NYJ,8.7
2008,TE,Reggie Kelly,CIN,8.5
2008,TE,Jermichael Finley,GB,8.4
2008,TE,Jerame Tuman,ARI,5.2
2008,TE,Todd Yoder,WAS,4.6
2009,QB,Tom Brady,NE,349.1
2009,QB,Drew Brees,NO,345.5
2009,QB,Peyton Manning,IND,330.2
2009,QB,Aaron Rodgers,GB,311.7
2009,QB,Philip Rivers,SD,301.9
2009,QB,Tony Romo,DAL,301.7
2009,QB,Donovan McNabb,PHI,299.8
2009,QB,Kurt Warner,ARI,293.8
2009,QB,Matt Schaub,HOU,289.8
2009,QB,David Garrard,JAC,280.6
2009,QB,Jay Cutler,CHI,271.5
2009,QB,Matt Ryan,ATL,271.4
2009,QB,Ben Roethlisberger,PIT,270.7
2009,QB,Trent Edwards,BUF,260.9
2009,QB,Eli Manning,NYG,259.8
2009,QB,Carson Palmer,CIN,258.5
2009,QB,Matt Hasselbeck,SEA,253.3
2009,QB,Joe Flacco,BAL,251
2009,QB,Jason Campbell,WAS,250.9
2009,QB,Matt Cassel,KC,247.8
2009,QB,Jake Delhomme,CAR,243.5
2009,QB,Chad Pennington,MIA,241.3
2009,QB,Kyle Orton,DEN,237.8
2009,QB,Brett Favre,MIN,233.2
2009,QB,Shaun Hill,SF,233.1
2009,QB,Mark Sanchez,NYJ,221.9
2009,QB,JaMarcus Russell,LV,214.9
2009,QB,Kerry Collins,TEN,208.8
2009,QB,Brady Quinn,CLE,203.1
2009,QB,Marc Bulger,STL,198.7
2009,QB,Byron Leftwich,TB,198.1
2009,QB,Matthew Stafford,DET,190
2009,QB,Daunte Culpepper,DET,62.4
2009,QB,Kyle Boller,STL,53.2
2009,QB,Michael Vick,PHI,47.3
2009,QB,Derek Anderson,CLE,41.1
2009,QB,Alex Smith,SF,39.3
2009,QB,Kellen Clemens,NYJ,37.2
2009,QB,Matt Leinart,ARI,36.9
2009,QB,Sage Rosenfels,MIN,34.3
2009,QB,Brodie Croyle,KC,31.9
2009,QB,Vince Young,TEN,30.1
2009,QB,J.T. O'Sullivan,CIN,27.8
2009,QB,Josh Freeman,TB,27.8
2009,QB,Chris Simms,DEN,26.4
2009,QB,Todd Collins,WAS,25.5
2009,QB,Caleb Hanie,CHI,25.4
2009,QB,Chad Henne,MIA,21.1
2009,QB,Dan Orlovsky,HOU,20.7
2009,QB,Billy Volek,SD,19.8
2009,QB,Charlie Batch,PIT,18.8
2009,QB,Josh McCown,CAR,18.7
2009,QB,Ryan Fitzpatrick,BUF,16.4
2009,QB,Jon Kitna,DAL,15.1
2009,QB,David Carr,NYG,14.9
2009,QB,Seneca Wallace,SEA,14.9
2009,QB,Kevin Kolb,PHI,14.4
2009,QB,Luke McCown,JAC,14
2009,QB,Jim Sorgi,IND,13.2
2009,QB,Matt Flynn,GB,12.1
2009,QB,Chris Redman,ATL,10.1
2009,QB,Troy Smith,BAL,8
2009,QB,Kevin O'Connell,NE,4.6
2009,QB,Mark Brunell,NO,1.6
2009,RB,Maurice Jones-Drew,JAC,263.1
2009,RB,Adrian Peterson,MIN,260.8
2009,RB,LaDainian Tomlinson,SD,249.1
2009,RB,Matt Forte,CHI,239.9
2009,RB,Michael Turner,ATL,237.7
2009,RB,DeAngelo Williams,CAR,230.4
2009,RB,Frank Gore,SF,227.4
2009,RB,Clinton Portis,WAS,227
2009,RB,Steven Jackson,STL,226
2009,RB,Marion Barber,DAL,215.9
2009,RB,Chris Johnson,TEN,214.6
2009,RB,Steve Slaton,HOU,209.4
2009,RB,Brian Westbrook,PHI,208
2009,RB,Brandon Jacobs,NYG,208
2009,RB,Ryan Grant,GB,206
2009,RB,Ronnie Brown,MIA,191.6
2009,RB,Kevin Smith,DET,187.3
2009,RB,Larry Johnson,KC,183.1
2009,RB,Pierre Thomas,NO,178.6
2009,RB,Ray Rice,BAL,174.2
2009,RB,Knowshon Moreno,DEN,173
2009,RB,Darren McFadden,LV,171
2009,RB,Joseph Addai,IND,170.7
2009,RB,Reggie Bush,NO,164.2
2009,RB,Thomas Jones,NYJ,162.5
2009,RB,Derrick Ward,TB,159
2009,RB,Marshawn Lynch,BUF,158.6
2009,RB,Jamal Lewis,CLE,152.1
2009,RB,Julius Jones,SEA,146.7
2009,RB,Willie Parker,PIT,144.6
2009,RB,Cedric Benson,CIN,142.5
2009,RB,Earnest Graham,TB,138.9
2009,RB,LenDale White,TEN,131
2009,RB,Beanie Wells,ARI,129.4
2009,RB,Fred Jackson,BUF,124.4
2009,RB,Donald Brown,IND,121.1
2009,RB,Ricky Williams,MIA,116.6
2009,RB,Jonathan Stewart,CAR,115.4
2009,RB,Fred Taylor,NE,114.7
2009,RB,Ahmad Bradshaw,NYG,114
2009,RB,Chester Taylor,MIN,113.2
2009,RB,Darren Sproles,SD,110.8
2009,RB,Jerious Norwood,ATL,109.5
2009,RB,Leon Washington,NYJ,103
2009,RB,Tim Hightower,ARI,101.1
2009,RB,Rashard Mendenhall,PIT,94.1
2009,RB,Kevin Faulk,NE,92.1
2009,RB,Felix Jones,DAL,86.6
2009,RB,LeSean McCoy,PHI,86.5
2009,RB,Ladell Betts,WAS,82.8
2009,RB,Willis McGahee,BAL,82.5
2009,RB,Edgerrin James,SEA,79.1
2009,RB,Maurice Morris,DET,77.6
2009,RB,Michael Bush,LV,71.1
2009,RB,Sammy Morris,NE,67.6
2009,RB,Jamaal Charles,KC,67.4
2009,RB,Le'Ron McClain,BAL,67
2009,RB,Justin Fargas,LV,64
2009,RB,Brandon Jackson,GB,62.3
2009,RB,Peyton Hillis,DEN,61.7
2009,RB,Mewelde Moore,PIT,61.1
2009,RB,James Davis,CLE,59.1
2009,RB,Jerome Harrison,CLE,59
2009,RB,Correll Buckhalter,DEN,55.3
2009,RB,Laurence Maroney,NE,55
2009,RB,Rashad Jennings,JAC,53.9
2009,RB,Chris Brown,HOU,51.1
2009,RB,Bernard Scott,CIN,44.5
2009,RB,Glen Coffee,SF,43.1
2009,RB,Adrian Peterson,CHI,41
2009,RB,Xavier Omon,BUF,39.1
2009,RB,Leonard Weaver,PHI,38
2009,RB,Cadillac Williams,TB,32.5
2009,RB,Brian Leonard,CIN,31
2009,RB,Samkon Gado,STL,30.9
2009,RB,Mike Bell,NO,30.6
2009,RB,Tashard Choice,DAL,30
2009,RB,Garrett Wolfe,CHI,28.7
2009,RB,D.J. Ware,NYG,27.3
2009,RB,Patrick Cobbs,MIA,26.4
2009,RB,LaMont Jordan,DEN,25.9
2009,RB,Jason Wright,ARI,25.3
2009,RB,Shonn Greene,NYJ,23.1
2009,RB,Greg Jones,JAC,21.7
2009,RB,Mike Goodson,CAR,19.3
2009,RB,Mike Sellers,WAS,16.1
2009,RB,Heath Evans,NO,16
2009,RB,DeShawn Wynn,GB,14.9
2009,RB,Antonio Pittman,STL,14.4
2009,RB,Jacob Hester,SD,13.7
2009,RB,Kenneth Darby,STL,13.6
2009,RB,Kolby Smith,KC,13.3
2009,RB,BenJarvus Green-Ellis,NE,11.4
2009,RB,Brad Hoover,CAR,10.7
2009,RB,Kregg Lumpkin,GB,10
2009,RB,Naufahu Tahi,MIN,10
2009,RB,Michael Robinson,SF,9.2
2009,RB,Tony Richardson,NYJ,8.7
2009,RB,Mike Karney,STL,8.7
2009,RB,Jason McKie,CHI,7.6
2009,RB,Jeremi Johnson,CIN,6.8
2009,RB,Carey Davis,PIT,6.2
2009,RB,Ovie Mughelli,ATL,5.8
2009,RB,Michael Bennett,SD,5.3
2009,RB,Madison Hedgecock,NYG,3.7
2009,RB,Rock Cartwright,WAS,0.8
2009,WR,Larry Fitzgerald,ARI,203.8
2009,WR,Andre Johnson,HOU,201
2009,WR,Randy Moss,NE,198.5
2009,WR,Calvin Johnson,DET,178.8
2009,WR,Steve Smith,CAR,173.3
2009,WR,Reggie Wayne,IND,173
2009,WR,Greg Jennings,GB,171.2
2009,WR,Marques Colston,NO,170.2
2009,WR,Roddy White,ATL,164.2
2009,WR,T.J. Houshmandzadeh,SEA,156.8
2009,WR,Dwayne Bowe,KC,152.2
2009,WR,Roy Williams,DAL,152
2009,WR,Anquan Boldin,ARI,146.2
2009,WR,Wes Welker,NE,145.4
2009,WR,Chad Johnson,CIN,144.9
2009,WR,Braylon Edwards,CLE,143.1
2009,WR,Vincent Jackson,SD,143
2009,WR,Terrell Owens,BUF,139.9
2009,WR,Santonio Holmes,PIT,139.9
2009,WR,DeSean Jackson,PHI,138.7
2009,WR,Domenik Hixon,NYG,138.2
2009,WR,Santana Moss,WAS,133.7
2009,WR,Hines Ward,PIT,133.5
2009,WR,Eddie Royal,DEN,132.6
2009,WR,Jerricho Cotchery,NYJ,131.8
2009,WR,Anthony Gonzalez,IND,130.5
2009,WR,Bernard Berrian,MIN,129.6
2009,WR,Antonio Bryant,TB,124.5
2009,WR,Donald Driver,GB,120.5
2009,WR,Lance Moore,NO,120.5
2009,WR,Donnie Avery,STL,119.1
2009,WR,Lee Evans,BUF,114.5
2009,WR,Torry Holt,JAC,112.5
2009,WR,Kevin Walter,HOU,111.6
2009,WR,Brandon Marshall,DEN,109.6
2009,WR,Chris Chambers,SD,107.9
2009,WR,Derrick Mason,BAL,106.6
2009,WR,Devin Hester,CHI,106
2009,WR,Ted Ginn Jr.,MIA,105.5
2009,WR,Muhsin Muhammad,CAR,104.5
2009,WR,Laveranues Coles,CIN,104.5
2009,WR,Josh Morgan,SF,103.5
2009,WR,Steve Breaston,ARI,102.5
2009,WR,Chris Henry,CIN,98.5
2009,WR,Justin Gage,TEN,96.9
2009,WR,Steve Smith,NYG,89.6
2009,WR,Patrick Crayton,DAL,85.1
2009,WR,Earl Bennett,CHI,80.1
2009,WR,Chaz Schilens,LV,77.5
2009,WR,Troy Williamson,JAC,76.9
2009,WR,Bryant Johnson,DET,76.5
2009,WR,Kevin Curtis,PHI,76.5
2009,WR,Isaac Bruce,SF,75.2
2009,WR,Michael Jenkins,ATL,74.7
2009,WR,Greg Camarillo,MIA,74.6
2009,WR,Sidney Rice,MIN,74.4
2009,WR,Nate Washington,TEN,74.2
2009,WR,Laurent Robinson,STL,73.5
2009,WR,Nate Burleson,SEA,72.5
2009,WR,Chansi Stuckey,NYJ,70.5
2009,WR,Davone Bess,MIA,69.5
2009,WR,Mark Clayton,BAL,69.4
2009,WR,Michael Clayton,TB,67.5
2009,WR,Michael Crabtree,SF,65.7
2009,WR,Mark Bradley,KC,65.5
2009,WR,Johnnie Lee Higgins,LV,64.5
2009,WR,Bobby Engram,KC,64.2
2009,WR,Keenan Burton,STL,63.1
2009,WR,Sinorice Moss,NYG,55.5
2009,WR,Malcolm Kelly,WAS,55.5
2009,WR,Antwaan Randle El,WAS,54.4
2009,WR,Jeremy Maclin,PHI,53.4
2009,WR,Joey Galloway,NE,52.5
2009,WR,Josh Reed,BUF,52.5
2009,WR,Miles Austin,DAL,52.5
2009,WR,Mike Furrey,CLE,48.9
2009,WR,Josh Cribbs,CLE,48.9
2009,WR,James Jones,GB,47.6
2009,WR,Javon Walker,LV,47.5
2009,WR,Mike Sims-Walker,JAC,46.5
2009,WR,Percy Harvin,MIN,46.5
2009,WR,Devery Henderson,NO,45.4
2009,WR,Andre' Davis,HOU,44.6
2009,WR,Deion Branch,SEA,43.5
2009,WR,Jabar Gaffney,DEN,41.5
2009,WR,Brian Robiskie,CLE,40.5
2009,WR,Brandon Stokley,DEN,40.5
2009,WR,Pierre Garcon,IND,40.5
2009,WR,Shaun McDonald,PIT,40.2
2009,WR,Dwayne Jarrett,CAR,39.3
2009,WR,Demetrius Williams,BAL,38.6
2009,WR,Greg Lewis,NE,38.1
2009,WR,Jerheme Urban,ARI,37.8
2009,WR,Darrius Heyward-Bey,LV,37.6
2009,WR,David Clowney,NYJ,37.5
2009,WR,Robert Meachem,NO,37.5
2009,WR,Kelley Washington,BAL,36
2009,WR,Jordy Nelson,GB,35.5
2009,WR,Dennis Northcutt,DET,34.6
2009,WR,Brad Smith,NYJ,33.5
2009,WR,Malcom Floyd,SD,31.7
2009,WR,Kenny Britt,TEN,30.5
2009,WR,Brian Finneran,ATL,29.5
2009,WR,Arnaz Battle,SF,29
2009,WR,Hakeem Nicks,NYG,28.1
2009,WR,Jason Avant,PHI,27.5
2009,WR,Dexter Jackson,TB,27.1
2009,WR,Kenneth Moore,CAR,26.5
2009,WR,Bobby Wade,MIN,25.5
2009,WR,Rashied Davis,CHI,24.5
2009,WR,Limas Sweed,PIT,24.5
2009,WR,Ben Obomanu,SEA,21.5
2009,WR,James Hardy,BUF,21.1
2009,WR,Sam Hurd,DAL,20.5
2009,WR,Craig Davis,SD,20
2009,WR,Reggie Brown,PHI,17.1
2009,WR,Devin Thomas,WAS,16.5
2009,WR,Jacoby Jones,HOU,16.5
2009,WR,Andre Caldwell,CIN,14.5
2009,WR,Deon Butler,SEA,14.4
2009,WR,Marty Booker,ATL,11.9
2009,WR,Early Doucet,ARI,11.5
2009,WR,Roscoe Parrish,BUF,11.4
2009,WR,Legedu Naanee,SD,11.1
2009,WR,Lavelle Hawkins,TEN,10.9
2009,WR,Maurice Stovall,TB,9.8
2009,WR,Juaquin Iglesias,CHI,9.5
2009,WR,Jerome Simpson,CIN,8.5
2009,TE,Tony Gonzalez,ATL,136.5
2009,TE,Antonio Gates,SD,133.5
2009,TE,Jason Witten,DAL,123.6
2009,TE,Greg Olsen,CHI,117.5
2009,TE,Dallas Clark,IND,111.2
2009,TE,Chris Cooley,WAS,108
2009,TE,Dustin Keller,NYJ,107.1
2009,TE,John Carlson,SEA,101.5
2009,TE,Kellen Winslow,TB,97.6
2009,TE,Owen Daniels,HOU,97.2
2009,TE,Zach Miller,LV,93.8
2009,TE,Brent Celek,PHI,91.2
2009,TE,Bo Scaife,TEN,88.3
2009,TE,Heath Miller,PIT,85.9
2009,TE,Visanthe Shiancoe,MIN,85.5
2009,TE,Jeremy Shockey,NO,79.7
2009,TE,Tony Scheffler,DEN,75.5
2009,TE,Kevin Boss,NYG,75.5
2009,TE,Marcedes Lewis,JAC,74.5
2009,TE,Anthony Fasano,MIA,73.5
2009,TE,Randy McMichael,STL,66.9
2009,TE,Todd Heap,BAL,66.5
2009,TE,Vernon Davis,SF,59
2009,TE,Chase Coffman,CIN,51.5
2009,TE,Desmond Clark,CHI,51.3
2009,TE,Donald Lee,GB,47.6
2009,TE,Alge Crumpler,TEN,43.2
2009,TE,Jermichael Finley,GB,40.4
2009,TE,Chris Baker,NE,38.5
2009,TE,Brandon Pettigrew,DET,37.6
2009,TE,Sean Ryan,KC,37.6
2009,TE,Derek Schouman,BUF,37.6
2009,TE,Steve Heiden,CLE,37.5
2009,TE,Dante Rosario,CAR,37
2009,TE,L.J. Smith,BAL,35.5
2009,TE,Robert Royal,CLE,33.5
2009,TE,Ben Watson,NE,33.3
2009,TE,Will Heller,DET,30.5
2009,TE,Jerramy Stevens,TB,30.5
2009,TE,Brad Cottam,KC,25.5
2009,TE,Jeff King,CAR,25.4
2009,TE,Anthony Becht,ARI,24.4
2009,TE,Daniel Graham,DEN,21.5
2009,TE,Delanie Walker,SF,21.5
2009,TE,Jared Cook,TEN,20.5
2009,TE,Martellus Bennett,DAL,20.5
2009,TE,Jim Kleinsasser,MIN,19.5
2009,TE,Ben Patrick,ARI,18.9
2009,TE,Jacob Tamme,IND,18.5
2009,TE,Travis Beckum,NYG,17.5
2009,TE,Joe Klopfenstein,STL,14.8
2009,TE,Brandon Manumaleuna,SD,8.2
2009,TE,Matt Spaeth,PIT,6.9
2010,QB,Aaron Rodgers,GB,374.4
2010,QB,Drew Brees,NO,365.4
2010,QB,Tom Brady,NE,346.5
2010,QB,Peyton Manning,IND,342.2
2010,QB,Tony Romo,DAL,328.4
2010,QB,Matt Schaub,HOU,323.6
2010,QB,Jay Cutler,CHI,316.5
2010,QB,Kevin Kolb,PHI,303.2
2010,QB,Eli Manning,NYG,298.5
2010,QB,David Garrard,JAC,287.3
2010,QB,Philip Rivers,SD,286.8
2010,QB,Joe Flacco,BAL,285.5
2010,QB,Brett Favre,MIN,275.4
2010,QB,Matt Ryan,ATL,273.4
2010,QB,Carson Palmer,CIN,267.6
2010,QB,Donovan McNabb,WAS,265
2010,QB,Josh Freeman,TB,257.3
2010,QB,Matt Cassel,KC,257.1
2010,QB,Matthew Stafford,DET,255.9
2010,QB,Alex Smith,SF,254.5
2010,QB,Vince Young,TEN,253.2
2010,QB,Jason Campbell,LV,241.2
2010,QB,Chad Henne,MIA,240.8
2010,QB,Kyle Orton,DEN,239.6
2010,QB,Mark Sanchez,NYJ,228.9
2010,QB,Ben Roethlisberger,PIT,222.8
2010,QB,Matt Moore,CAR,214
2010,QB,Matt Hasselbeck,SEA,209.6
2010,QB,Derek Anderson,ARI,202.9
2010,QB,Sam Bradford,STL,177.9
2010,QB,Jake Delhomme,CLE,155.8
2010,QB,Trent Edwards,BUF,152.8
2010,QB,Brian Brohm,BUF,105.3
2010,QB,Dennis Dixon,PIT,98.2
2010,QB,Charlie Whitehurst,SEA,72
2010,QB,Seneca Wallace,CLE,67.5
2010,QB,Max Hall,ARI,46.8
2010,QB,A.J. Feeley,STL,45.3
2010,QB,Michael Vick,PHI,40.3
2010,QB,Shaun Hill,DET,39.9
2010,QB,Jimmy Clausen,CAR,38.1
2010,QB,Kerry Collins,TEN,30
2010,QB,Josh Johnson,TB,28.8
2010,QB,Tarvaris Jackson,MIN,26.7
2010,QB,David Carr,SF,26.5
2010,QB,Rex Grossman,WAS,25.5
2010,QB,Bruce Gradkowski,LV,24.2
2010,QB,Kellen Clemens,NYJ,23
2010,QB,Tyler Thigpen,MIA,22.3
2010,QB,Chris Redman,ATL,21.6
2010,QB,Tim Tebow,DEN,21.2
2010,QB,Brodie Croyle,KC,19.4
2010,QB,Luke McCown,JAC,19.1
2010,QB,Dan Orlovsky,HOU,17.9
2010,QB,Billy Volek,SD,17.3
2010,QB,Jordan Palmer,CIN,16.9
2010,QB,Sage Rosenfels,NYG,14.7
2010,QB,Jon Kitna,DAL,12.5
2010,QB,Matt Flynn,GB,10.8
2010,QB,Brady Quinn,DEN,10
2010,QB,Marc Bulger,BAL,9.2
2010,QB,Brian Hoyer,NE,8.5
2010,QB,Caleb Hanie,CHI,6
2010,QB,Curtis Painter,IND,4.3
2010,QB,Chase Daniel,NO,3.4
2010,QB,Ryan Fitzpatrick,BUF,1.4
2010,RB,Adrian Peterson,MIN,283.2
2010,RB,Chris Johnson,TEN,277.8
2010,RB,Maurice Jones-Drew,JAC,270.2
2010,RB,Ray Rice,BAL,246.7
2010,RB,Frank Gore,SF,224
2010,RB,Ryan Mathews,SD,220.8
2010,RB,Rashard Mendenhall,PIT,220.1
2010,RB,Steven Jackson,STL,215
2010,RB,Michael Turner,ATL,211.2
2010,RB,DeAngelo Williams,CAR,210.2
2010,RB,Shonn Greene,NYJ,203
2010,RB,Ryan Grant,GB,202
2010,RB,Jamaal Charles,KC,193.5
2010,RB,Cedric Benson,CIN,185
2010,RB,Pierre Thomas,NO,182.4
2010,RB,Ahmad Bradshaw,NYG,175
2010,RB,Clinton Portis,WAS,175
2010,RB,Matt Forte,CHI,171.8
2010,RB,Jahvid Best,DET,170.3
2010,RB,Beanie Wells,ARI,170.1
2010,RB,Cadillac Williams,TB,166.8
2010,RB,LeSean McCoy,PHI,166.8
2010,RB,Knowshon Moreno,DEN,166.2
2010,RB,Joseph Addai,IND,165.8
2010,RB,Justin Forsett,SEA,159.8
2010,RB,Ricky Williams,MIA,157.7
2010,RB,Felix Jones,DAL,153.6
2010,RB,Jonathan Stewart,CAR,151.4
2010,RB,C.J. Spiller,BUF,151.1
2010,RB,Arian Foster,HOU,148.6
2010,RB,Tim Hightower,ARI,147
2010,RB,Brandon Jacobs,NYG,146.8
2010,RB,Marion Barber,DAL,139.1
2010,RB,Reggie Bush,NO,134.6
2010,RB,LaDainian Tomlinson,NYJ,133.1
2010,RB,Jerome Harrison,CLE,132.7
2010,RB,Ronnie Brown,MIA,131
2010,RB,Darren McFadden,LV,129.7
2010,RB,Donald Brown,IND,122.9
2010,RB,Fred Jackson,BUF,122.4
2010,RB,Michael Bush,LV,120.5
2010,RB,Steve Slaton,HOU,116.5
2010,RB,Laurence Maroney,NE,115
2010,RB,Correll Buckhalter,DEN,114.4
2010,RB,Willis McGahee,BAL,112.6
2010,RB,Darren Sproles,SD,107.8
2010,RB,Thomas Jones,KC,97.3
2010,RB,Kevin Faulk,NE,93.2
2010,RB,Toby Gerhart,MIN,87.1
2010,RB,Jerious Norwood,ATL,78.1
2010,RB,Chester Taylor,CHI,78
2010,RB,Peyton Hillis,CLE,72.5
2010,RB,Kevin Smith,DET,70.7
2010,RB,Kareem Huggins,TB,70.6
2010,RB,Leon Washington,SEA,69
2010,RB,Jason Snelling,ATL,68.1
2010,RB,Fred Taylor,NE,67.6
2010,RB,Javon Ringer,TEN,65
2010,RB,Lex Hilliard,MIA,63.2
2010,RB,Bernard Scott,CIN,62.5
2010,RB,Le'Ron McClain,BAL,62.1
2010,RB,Larry Johnson,WAS,60.3
2010,RB,Mike Bell,PHI,59.1
2010,RB,Sammy Morris,NE,59.1
2010,RB,Jonathan Dwyer,PIT,56.1
2010,RB,Rashad Jennings,JAC,55.7
2010,RB,Leonard Weaver,PHI,54
2010,RB,Brandon Jackson,GB,53.1
2010,RB,Anthony Dixon,SF,51.7
2010,RB,Mewelde Moore,PIT,50.7
2010,RB,Willie Parker,WAS,49.8
2010,RB,Maurice Morris,DET,47.7
2010,RB,Brian Leonard,CIN,45.2
2010,RB,Marshawn Lynch,BUF,41.7
2010,RB,Kenneth Darby,STL,41.2
2010,RB,Tashard Choice,DAL,39.7
2010,RB,Julius Jones,SEA,32.2
2010,RB,Earnest Graham,TB,30.7
2010,RB,Garrett Wolfe,CHI,30.7
2010,RB,Brian Westbrook,SF,21.9
2010,RB,Greg Jones,JAC,18
2010,RB,D.J. Ware,NYG,17.3
2010,RB,Heath Evans,NO,16.1
2010,RB,BenJarvus Green-Ellis,NE,15.9
2010,RB,Vonta Leach,HOU,14.9
2010,RB,Mike Sellers,WAS,14.8
2010,RB,Mike Hart,IND,14.5
2010,RB,LaRod Stephens-Howling,ARI,14.3
2010,RB,Derrick Ward,HOU,13.2
2010,RB,Mike Goodson,CAR,11
2010,RB,Rock Cartwright,LV,10.7
2010,RB,Isaac Redman,PIT,9.8
2010,RB,Naufahu Tahi,MIN,9
2010,RB,Gary Russell,LV,8.7
2010,RB,Patrick Cobbs,MIA,8.5
2010,RB,Tyrell Sutton,CAR,8.5
2010,RB,Tony Richardson,NYJ,7.1
2010,RB,Cedric Peerman,CIN,6.8
2010,RB,Ovie Mughelli,ATL,6.5
2010,RB,Mike Karney,STL,6.4
2010,RB,Madison Hedgecock,NYG,5.1
2010,RB,Carey Davis,PIT,3.6
2010,WR,Andre Johnson,HOU,210.5
2010,WR,Randy Moss,NE,189.8
2010,WR,Miles Austin,DAL,184.5
2010,WR,Reggie Wayne,IND,178.5
2010,WR,Roddy White,ATL,176.3
2010,WR,Larry Fitzgerald,ARI,172.4
2010,WR,DeSean Jackson,PHI,169.3
2010,WR,Calvin Johnson,DET,168.5
2010,WR,Greg Jennings,GB,167.5
2010,WR,Brandon Marshall,MIA,161.7
2010,WR,Marques Colston,NO,159.5
2010,WR,Steve Smith,CAR,156.7
2010,WR,Chad Johnson,CIN,151.6
2010,WR,Santana Moss,WAS,148.7
2010,WR,Mike Sims-Walker,JAC,147.6
2010,WR,Hines Ward,PIT,145.5
2010,WR,Steve Smith,NYG,144.9
2010,WR,Anquan Boldin,BAL,138.5
2010,WR,Hakeem Nicks,NYG,137.6
2010,WR,Michael Crabtree,SF,128.5
2010,WR,Dwayne Bowe,KC,127.6
2010,WR,Malcom Floyd,SD,126.5
2010,WR,Lee Evans,BUF,120.6
2010,WR,Terrell Owens,CIN,120.6
2010,WR,Percy Harvin,MIN,117.2
2010,WR,Jabar Gaffney,DEN,114.6
2010,WR,Mike Wallace,PIT,114.2
2010,WR,Mike Williams,TB,113.2
2010,WR,Donald Driver,GB,112.7
2010,WR,Johnny Knox,CHI,111.5
2010,WR,Derrick Mason,BAL,110.4
2010,WR,Wes Welker,NE,109.8
2010,WR,Robert Meachem,NO,108.7
2010,WR,Pierre Garcon,IND,105.9
2010,WR,Devin Hester,CHI,105.6
2010,WR,Mike Williams,SEA,104.1
2010,WR,Jeremy Maclin,PHI,102.5
2010,WR,Bernard Berrian,MIN,101.5
2010,WR,Mohamed Massaquoi,CLE,100.5
2010,WR,Nate Washington,TEN,99.6
2010,WR,Dez Bryant,DAL,98.7
2010,WR,Laurent Robinson,STL,98.5
2010,WR,Braylon Edwards,NYJ,96.8
2010,WR,Kenny Britt,TEN,96.5
2010,WR,Louis Murphy,LV,93.5
2010,WR,Eddie Royal,DEN,92.5
2010,WR,Steve Breaston,ARI,89.6
2010,WR,Jerricho Cotchery,NYJ,89.5
2010,WR,Mike Thomas,JAC,88.2
2010,WR,Brian Hartline,MIA,88.2
2010,WR,Jacoby Jones,HOU,86
2010,WR,Vincent Jackson,SD,84.5
2010,WR,Deion Branch,SEA,83.4
2010,WR,Chris Chambers,KC,79.6
2010,WR,Josh Morgan,SF,79.1
2010,WR,Devin Aromashodu,CHI,77.6
2010,WR,Lance Moore,NO,76.6
2010,WR,Nate Burleson,DET,74.6
2010,WR,Julian Edelman,NE,74.5
2010,WR,Darrius Heyward-Bey,LV,74.5
2010,WR,Santonio Holmes,NYJ,73.6
2010,WR,Early Doucet,ARI,73.6
2010,WR,Dexter McCluster,KC,71.3
2010,WR,James Jones,GB,69.3
2010,WR,Mario Manningham,NYG,69.1
2010,WR,Steve Johnson,BUF,67.6
2010,WR,Danny Amendola,STL,65.7
2010,WR,Anthony Gonzalez,IND,64.7
2010,WR,Dwayne Jarrett,CAR,62.4
2010,WR,Legedu Naanee,SD,62.2
2010,WR,Kevin Walter,HOU,60.5
2010,WR,Josh Cribbs,CLE,59.7
2010,WR,Devery Henderson,NO,59.6
2010,WR,Roy Williams,DAL,59.5
2010,WR,Brandon Tate,NE,59.5
2010,WR,Michael Jenkins,ATL,58.5
2010,WR,Deon Butler,SEA,58.4
2010,WR,Brian Robiskie,CLE,57.8
2010,WR,Sammie Stroughter,TB,57.6
2010,WR,Harry Douglas,ATL,56.5
2010,WR,Davone Bess,MIA,53.5
2010,WR,Demaryius Thomas,DEN,53.5
2010,WR,Brandon LaFell,CAR,53.5
2010,WR,Joey Galloway,WAS,53.5
2010,WR,Jordan Shipley,CIN,51.9
2010,WR,Chaz Schilens,LV,51.7
2010,WR,Devin Thomas,WAS,49.9
2010,WR,T.J. Houshmandzadeh,BAL,49.4
2010,WR,Jason Avant,PHI,48.5
2010,WR,Sidney Rice,MIN,47.6
2010,WR,Roscoe Parrish,BUF,46.5
2010,WR,Justin Gage,TEN,45.3
2010,WR,Bryant Johnson,DET,44.5
2010,WR,Austin Collie,IND,43.5
2010,WR,Keenan Burton,STL,43.5
2010,WR,Arrelious Benn,TB,40.7
2010,WR,Johnnie Lee Higgins,LV,39.5
2010,WR,Jarett Dillard,JAC,38.9
2010,WR,Earl Bennett,CHI,36.5
2010,WR,Jordy Nelson,GB,34.6
2010,WR,Patrick Crayton,SD,33.5
2010,WR,Brandon Lloyd,DEN,31
2010,WR,Ted Ginn Jr.,SF,30.6
2010,WR,Mark Clayton,STL,30.5
2010,WR,Brian Finneran,ATL,30.4
2010,WR,Emmanuel Sanders,PIT,27.5
2010,WR,Greg Camarillo,MIN,25.5
2010,WR,Golden Tate,SEA,23.5
2010,WR,Brad Smith,NYJ,23.5
2010,WR,Ramses Barden,NYG,22.7
2010,WR,Chansi Stuckey,CLE,21.8
2010,WR,Kevin Ogletree,DAL,20.5
2010,WR,Jerheme Urban,KC,19.5
2010,WR,Andre Roberts,ARI,18.5
2010,WR,Mardy Gilyard,STL,17.9
2010,WR,Craig Davis,SD,17.5
2010,WR,Javon Walker,MIN,17.5
2010,WR,Andre Caldwell,CIN,14.6
2010,WR,Hank Baskett,PHI,14.5
2010,WR,Arnaz Battle,PIT,13.9
2010,WR,Donte' Stallworth,BAL,11.4
2010,WR,Rashied Davis,CHI,8.9
2010,WR,Sam Hurd,DAL,8.9
2010,WR,Maurice Stovall,TB,8.2
2010,WR,Lavelle Hawkins,TEN,6.2
2010,TE,Antonio Gates,SD,142.5
2010,TE,Jermichael Finley,GB,138.2
2010,TE,Vernon Davis,SF,135.4
2010,TE,Dallas Clark,IND,133.5
2010,TE,Jason Witten,DAL,130.5
2010,TE,Tony Gonzalez,ATL,130.2
2010,TE,Brent Celek,PHI,120.8
2010,TE,Kellen Winslow,TB,114.5
2010,TE,Zach Miller,LV,107.5
2010,TE,John Carlson,SEA,103.9
2010,TE,Heath Miller,PIT,101.6
2010,TE,Visanthe Shiancoe,MIN,97.5
2010,TE,Chris Cooley,WAS,91.5
2010,TE,Owen Daniels,HOU,88.2
2010,TE,Greg Olsen,CHI,84.3
2010,TE,Jeremy Shockey,NO,79.5
2010,TE,Dustin Keller,NYJ,79.5
2010,TE,Todd Heap,BAL,76.9
2010,TE,Marcedes Lewis,JAC,73.3
2010,TE,Kevin Boss,NYG,67.6
2010,TE,Bo Scaife,TEN,65.2
2010,TE,Fred Davis,WAS,62.6
2010,TE,Anthony Fasano,MIA,59.5
2010,TE,Ben Watson,CLE,59.5
2010,TE,Tony Scheffler,DET,57.6
2010,TE,Daniel Graham,DEN,53
2010,TE,Dante Rosario,CAR,49.5
2010,TE,Daniel Fells,STL,46.8
2010,TE,Jermaine Gresham,CIN,46.5
2010,TE,Aaron Hernandez,NE,40.8
2010,TE,David Thomas,NO,40.7
2010,TE,Leonard Pope,KC,37.6
2010,TE,Jared Cook,TEN,33.4
2010,TE,Gary Barnidge,CAR,32.5
2010,TE,Evan Moore,CLE,31.6
2010,TE,Donald Lee,GB,31.3
2010,TE,Brandon Pettigrew,DET,30.5
2010,TE,Jerramy Stevens,TB,27.3
2010,TE,Alge Crumpler,NE,27
2010,TE,Shawn Nelson,BUF,25.9
2010,TE,Tony Moeaki,KC,24.9
2010,TE,Michael Hoomanawanui,STL,24.8
2010,TE,Delanie Walker,SF,24.6
2010,TE,Zach Miller,JAC,24.5
2010,TE,Ben Patrick,ARI,24.4
2010,TE,James Casey,HOU,21.6
2010,TE,Desmond Clark,CHI,21.6
2010,TE,Jeff King,CAR,20.5
2010,TE,Martellus Bennett,DAL,19.7
2010,TE,Jonathan Stupar,BUF,19.5
2010,TE,Daniel Coats,CIN,18.2
2010,TE,Jim Kleinsasser,MIN,17.5
2010,TE,Clay Harbor,PHI,17.5
2010,TE,Travis Beckum,NYG,16.5
2010,TE,Joel Dreessen,HOU,15.9
2010,TE,Rob Gronkowski,NE,14.9
2010,TE,Justin Peelle,ATL,14.7
2010,TE,Ed Dickson,BAL,14.2
2010,TE,Richard Quinn,DEN,13.7
2010,TE,Chris Baker,SEA,8.4
2010,TE,Ben Hartsock,NYJ,8.2
2010,TE,Matt Spaeth,PIT,6.9
2010,TE,Ernest Wilford,JAC,6.5
2010,TE,Jacob Tamme,IND,5.9
2010,TE,Stephen Spach,ARI,5.5
2010,TE,Brad Cottam,KC,4.6
2011,QB,Michael Vick,PHI,397.1
2011,QB,Aaron Rodgers,GB,375.1
2011,QB,Drew Brees,NO,357.9
2011,QB,Tom Brady,NE,352.1
2011,QB,Philip Rivers,SD,342.4
2011,QB,Tony Romo,DAL,331.6
2011,QB,Matt Schaub,HOU,319
2011,QB,Eli Manning,NYG,313
2011,QB,Josh Freeman,TB,304.7
2011,QB,Jay Cutler,CHI,299.9
2011,QB,Joe Flacco,BAL,298.3
2011,QB,Ryan Fitzpatrick,BUF,297.2
2011,QB,Ben Roethlisberger,PIT,296.3
2011,QB,Matt Ryan,ATL,294.5
2011,QB,Sam Bradford,STL,294.4
2011,QB,Matthew Stafford,DET,287
2011,QB,Matt Cassel,KC,285.4
2011,QB,Mark Sanchez,NYJ,268.7
2011,QB,Jason Campbell,LV,251.8
2011,QB,Kevin Kolb,ARI,251.8
2011,QB,Kyle Orton,DEN,250.5
2011,QB,Chad Henne,MIA,247.2
2011,QB,Cam Newton,CAR,240.7
2011,QB,Colt McCoy,CLE,227.5
2011,QB,Donovan McNabb,MIN,214.5
2011,QB,Kerry Collins,IND,210.5
2011,QB,Alex Smith,SF,207.9
2011,QB,Tarvaris Jackson,SEA,206.7
2011,QB,Matt Hasselbeck,TEN,194.9
2011,QB,Luke McCown,JAC,175.3
2011,QB,Andy Dalton,CIN,159.6
2011,QB,Rex Grossman,WAS,158.5
2011,QB,Blaine Gabbert,JAC,120.4
2011,QB,John Beck,WAS,98.6
2011,QB,Bruce Gradkowski,CIN,82.3
2011,QB,Jake Locker,TEN,80.7
2011,QB,Colin Kaepernick,SF,74.6
2011,QB,Christian Ponder,MIN,64.3
2011,QB,Charlie Whitehurst,SEA,58.8
2011,QB,Curtis Painter,IND,53.3
2011,QB,Shaun Hill,DET,52.8
2011,QB,Vince Young,PHI,46.6
2011,QB,Jimmy Clausen,CAR,41.2
2011,QB,Tim Tebow,DEN,28.4
2011,QB,Seneca Wallace,CLE,28.3
2011,QB,John Skelton,ARI,28.1
2011,QB,Kyle Boller,LV,27.5
2011,QB,Brady Quinn,DEN,26.9
2011,QB,David Garrard,FA,24
2011,QB,Charlie Batch,PIT,23.7
2011,QB,Peyton Manning,IND,23
2011,QB,Tyler Thigpen,BUF,18.7
2011,QB,Matt Leinart,HOU,16.6
2011,QB,Chris Redman,ATL,15.6
2011,QB,Matt Flynn,GB,15.1
2011,QB,Tyler Palko,KC,12
2011,QB,Brian Hoyer,NE,11.2
2011,QB,Josh Johnson,TB,11.1
2011,QB,Chase Daniel,NO,10.5
2011,QB,Billy Volek,SD,8.9
2011,QB,Jon Kitna,DAL,8.4
2011,QB,Mark Brunell,NYJ,8.4
2011,QB,David Carr,NYG,8.3
2011,QB,Tyrod Taylor,BAL,6.6
2011,QB,Caleb Hanie,CHI,6
2011,QB,Mike Kafka,PHI,2.8
2011,QB,A.J. Feeley,STL,2.3
2011,QB,Ricky Stanzi,KC,1
2011,QB,Ryan Mallett,NE,0.7
2011,RB,Arian Foster,HOU,278.8
2011,RB,Adrian Peterson,MIN,258.7
2011,RB,Ray Rice,BAL,248.7
2011,RB,Maurice Jones-Drew,JAC,240.4
2011,RB,Chris Johnson,TEN,238.1
2011,RB,Jamaal Charles,KC,237.2
2011,RB,Darren McFadden,LV,235.8
2011,RB,LeSean McCoy,PHI,210.7
2011,RB,Rashard Mendenhall,PIT,209.8
2011,RB,Matt Forte,CHI,207.1
2011,RB,Shonn Greene,NYJ,202.5
2011,RB,Peyton Hillis,CLE,196.2
2011,RB,Ahmad Bradshaw,NYG,192.2
2011,RB,LeGarrette Blount,TB,189.7
2011,RB,Beanie Wells,ARI,189.3
2011,RB,Frank Gore,SF,188.2
2011,RB,Michael Turner,ATL,186.5
2011,RB,Steven Jackson,STL,185.8
2011,RB,Felix Jones,DAL,183.1
2011,RB,Cedric Benson,CIN,181
2011,RB,Jahvid Best,DET,179.5
2011,RB,Fred Jackson,BUF,173.5
2011,RB,Knowshon Moreno,DEN,171.4
2011,RB,Mark Ingram,NO,171.1
2011,RB,BenJarvus Green-Ellis,NE,167.3
2011,RB,Ryan Mathews,SD,166.7
2011,RB,Marshawn Lynch,SEA,161.2
2011,RB,DeAngelo Williams,CAR,160
2011,RB,Brandon Jacobs,NYG,159.9
2011,RB,Mike Tolbert,SD,156
2011,RB,Joseph Addai,IND,155.7
2011,RB,Reggie Bush,MIA,149.5
2011,RB,Tim Hightower,WAS,133.5
2011,RB,Ryan Grant,GB,133.1
2011,RB,Michael Bush,LV,129.9
2011,RB,Danny Woodhead,NE,120.8
2011,RB,LaDainian Tomlinson,NYJ,115.8
2011,RB,Daniel Thomas,MIA,115
2011,RB,Willis McGahee,DEN,113.2
2011,RB,Ryan Torain,WAS,98.4
2011,RB,Pierre Thomas,NO,97.7
2011,RB,Justin Forsett,SEA,93.1
2011,RB,Jonathan Stewart,CAR,91.2
2011,RB,James Starks,GB,86.9
2011,RB,Jason Snelling,ATL,84.4
2011,RB,C.J. Spiller,BUF,82.8
2011,RB,Ricky Williams,BAL,77.6
2011,RB,Marion Barber,CHI,77.4
2011,RB,Jerome Harrison,DET,74.4
2011,RB,Thomas Jones,KC,74.1
2011,RB,Delone Carter,IND,73.6
2011,RB,Deji Karim,JAC,73.4
2011,RB,Kendall Hunter,SF,69
2011,RB,Montario Hardesty,CLE,64.9
2011,RB,Bernard Scott,CIN,63.9
2011,RB,Earnest Graham,TB,59.9
2011,RB,Tashard Choice,DAL,59.6
2011,RB,LaRod Stephens-Howling,ARI,57.4
2011,RB,Darren Sproles,NO,56.9
2011,RB,Ronnie Brown,PHI,56.3
2011,RB,Ben Tate,HOU,56.2
2011,RB,Cadillac Williams,STL,55
2011,RB,Javon Ringer,TEN,55
2011,RB,Dexter McCluster,KC,55
2011,RB,Roy Helu,WAS,50.2
2011,RB,Toby Gerhart,MIN,49.1
2011,RB,Isaac Redman,PIT,48.3
2011,RB,Marcel Reece,LV,45.1
2011,RB,Shane Vereen,NE,43.8
2011,RB,DeMarco Murray,DAL,40
2011,RB,Jacquizz Rodgers,ATL,38.4
2011,RB,Derrick Ward,HOU,37.7
2011,RB,Jordan Todman,SD,36.3
2011,RB,Mike Goodson,CAR,33.3
2011,RB,Le'Ron McClain,KC,32.8
2011,RB,Mewelde Moore,PIT,32.8
2011,RB,Jerious Norwood,STL,31.7
2011,RB,Anthony Dixon,SF,30.3
2011,RB,Leon Washington,SEA,30
2011,RB,Maurice Morris,DET,28.9
2011,RB,John Kuhn,GB,25.5
2011,RB,Lance Ball,DEN,24.6
2011,RB,Joe McKnight,NYJ,23.8
2011,RB,Anthony Allen,BAL,23
2011,RB,Brian Leonard,CIN,22
2011,RB,Donald Brown,IND,20.2
2011,RB,Lorenzo Booker,MIN,18.4
2011,RB,Chester Taylor,ARI,15.6
2011,RB,Ovie Mughelli,ATL,14
2011,RB,Alex Green,GB,11
2011,RB,Jackie Battle,KC,10.9
2011,RB,Lex Hilliard,MIA,9.7
2011,RB,Steve Slaton,HOU,8.9
2011,RB,Kregg Lumpkin,TB,8.8
2011,RB,Chris Ivory,NO,8.6
2011,RB,Jamie Harper,TEN,8.6
2011,RB,Jacob Hester,SD,8
2011,RB,Jonathan Dwyer,PIT,7.1
2011,RB,Johnny White,BUF,6.7
2011,RB,Charles Scott,PHI,6.4
2011,RB,Taiwan Jones,LV,6.2
2011,RB,Heath Evans,NO,5.8
2011,RB,Owen Marecic,CLE,5.2
2011,RB,Tony Richardson,NYJ,4.7
2011,RB,Bilal Powell,NYJ,4.5
2011,RB,D.J. Ware,NYG,4.2
2011,RB,Vonta Leach,BAL,3.9
2011,RB,Kevin Faulk,NE,2.9
2011,RB,Mike Karney,STL,2.7
2011,RB,Madison Hedgecock,NYG,2.6
2011,RB,Rock Cartwright,LV,2.5
2011,RB,Garrett Wolfe,CHI,2.3
2011,RB,Mike Sellers,WAS,2.3
2011,RB,Naufahu Tahi,MIN,1.6
2011,RB,Da'Rel Scott,NYG,1.4
2011,WR,Andre Johnson,HOU,195.3
2011,WR,Roddy White,ATL,195
2011,WR,Hakeem Nicks,NYG,193.2
2011,WR,Calvin Johnson,DET,189.5
2011,WR,Vincent Jackson,SD,176.7
2011,WR,Mike Wallace,PIT,175.2
2011,WR,Greg Jennings,GB,171.8
2011,WR,Larry Fitzgerald,ARI,165.5
2011,WR,Steve Johnson,BUF,164.8
2011,WR,Miles Austin,DAL,164.5
2011,WR,Dwayne Bowe,KC,159.9
2011,WR,Mike Williams,TB,152.7
2011,WR,Brandon Lloyd,DEN,147.6
2011,WR,DeSean Jackson,PHI,146.6
2011,WR,Dez Bryant,DAL,146.4
2011,WR,Reggie Wayne,IND,144.2
2011,WR,Brandon Marshall,MIA,142.9
2011,WR,Santonio Holmes,NYJ,140.9
2011,WR,Anquan Boldin,BAL,139.5
2011,WR,Jeremy Maclin,PHI,133.5
2011,WR,Wes Welker,NE,131.9
2011,WR,Kenny Britt,TEN,130.6
2011,WR,Chad Johnson,NE,127.5
2011,WR,Mike Thomas,JAC,127.3
2011,WR,Marques Colston,NO,122.5
2011,WR,Percy Harvin,MIN,120.5
2011,WR,Sidney Rice,SEA,119.3
2011,WR,Danny Amendola,STL,118.9
2011,WR,Santana Moss,WAS,118.8
2011,WR,Robert Meachem,NO,114.7
2011,WR,Lance Moore,NO,114.6
2011,WR,Mario Manningham,NYG,113.7
2011,WR,Julio Jones,ATL,109.1
2011,WR,Jacoby Ford,LV,104.6
2011,WR,Steve Smith,CAR,102.5
2011,WR,Davone Bess,MIA,100.8
2011,WR,A.J. Green,CIN,99.5
2011,WR,Johnny Knox,CHI,97.5
2011,WR,Lee Evans,BAL,97.5
2011,WR,Nate Burleson,DET,96.7
2011,WR,Plaxico Burress,NYJ,91.6
2011,WR,Hines Ward,PIT,91.3
2011,WR,Jordy Nelson,GB,90.5
2011,WR,Earl Bennett,CHI,89.9
2011,WR,Eddie Royal,DEN,89.5
2011,WR,Andre Roberts,ARI,89.5
2011,WR,Kevin Walter,HOU,88.6
2011,WR,Malcom Floyd,SD,88.5
2011,WR,Braylon Edwards,SF,84
2011,WR,Josh Morgan,SF,83.6
2011,WR,Mike Sims-Walker,STL,83.1
2011,WR,Jerome Simpson,CIN,80.9
2011,WR,Eric Decker,DEN,79.9
2011,WR,Mike Williams,SEA,78.5
2011,WR,Pierre Garcon,IND,77.5
2011,WR,Jordan Shipley,CIN,77.5
2011,WR,James Jones,GB,77.5
2011,WR,Jacoby Jones,HOU,77.5
2011,WR,Roy Williams,CHI,77.5
2011,WR,Deion Branch,NE,76.2
2011,WR,Jabar Gaffney,WAS,75.1
2011,WR,Brandon Gibson,STL,74.2
2011,WR,Louis Murphy,LV,72.2
2011,WR,Nate Washington,TEN,70.5
2011,WR,Arrelious Benn,TB,70.3
2011,WR,Donald Driver,GB,70.2
2011,WR,Bernard Berrian,MIN,69.5
2011,WR,Donald Jones,BUF,69.3
2011,WR,Jason Avant,PHI,68.6
2011,WR,Devin Hester,CHI,68.4
2011,WR,Austin Collie,IND,67.6
2011,WR,Michael Crabtree,SF,66.9
2011,WR,Brian Hartline,MIA,66.4
2011,WR,Mohamed Massaquoi,CLE,66.2
2011,WR,Emmanuel Sanders,PIT,63.6
2011,WR,Roscoe Parrish,BUF,63.6
2011,WR,Patrick Crayton,SD,62.6
2011,WR,Greg Little,CLE,60.8
2011,WR,Harry Douglas,ATL,60.2
2011,WR,Legedu Naanee,CAR,58.5
2011,WR,Steve Breaston,KC,57.6
2011,WR,Anthony Armstrong,WAS,53.5
2011,WR,Devery Henderson,NO,53.5
2011,WR,Terrell Owens,FA,53.5
2011,WR,Jonathan Baldwin,KC,51.2
2011,WR,Jerheme Urban,KC,51.2
2011,WR,Derrick Mason,NYJ,50.6
2011,WR,Michael Jenkins,MIN,50.6
2011,WR,Damian Williams,TEN,48.3
2011,WR,Ben Obomanu,SEA,48
2011,WR,Josh Cribbs,CLE,47.5
2011,WR,Denarius Moore,LV,46.6
2011,WR,Domenik Hixon,NYG,46.6
2011,WR,Torrey Smith,BAL,46.5
2011,WR,Dezmon Briscoe,TB,45.9
2011,WR,Jason Hill,JAC,42.3
2011,WR,Greg Camarillo,MIN,41.5
2011,WR,Devin Aromashodu,MIN,37.5
2011,WR,Marcus Easley,BUF,37.1
2011,WR,Brandon LaFell,CAR,36.5
2011,WR,Jarett Dillard,JAC,35.5
2011,WR,Victor Cruz,NYG,35.5
2011,WR,Anthony Gonzalez,IND,34.9
2011,WR,Titus Young,DET,34.5
2011,WR,Sammie Stroughter,TB,33.6
2011,WR,Tandon Doss,BAL,33.5
2011,WR,Jordan Norwood,CLE,30.5
2011,WR,Golden Tate,SEA,29.1
2011,WR,Leonard Hankerson,WAS,28.5
2011,WR,Antonio Brown,PIT,27.5
2011,WR,Cecil Shorts,JAC,27.4
2011,WR,Randy Moss,FA,27
2011,WR,Danario Alexander,STL,26
2011,WR,Early Doucet,ARI,25.5
2011,WR,Edmond Gates,MIA,25.1
2011,WR,Steve Smith,PHI,21.6
2011,WR,Ted Ginn Jr.,SF,20.5
2011,WR,Kevin Ogletree,DAL,20.5
2011,WR,Mark Clayton,STL,20.1
2011,WR,Brad Smith,BUF,20.1
2011,WR,Brian Robiskie,CLE,18.9
2011,WR,Stephen Williams,ARI,17.5
2011,WR,Jerricho Cotchery,PIT,16.6
2011,WR,Ramses Barden,NYG,15.6
2011,WR,Sam Hurd,CHI,15.4
2011,WR,Andre Caldwell,CIN,14.6
2011,WR,Darrius Heyward-Bey,LV,14.5
2011,WR,Riley Cooper,PHI,14.5
2011,WR,Vincent Brown,SD,14.5
2011,WR,Lavelle Hawkins,TEN,14.1
2011,WR,Maurice Stovall,TB,11.9
2011,WR,Julian Edelman,NE,11.4
2011,WR,Chaz Schilens,LV,10.4
2011,WR,Jerrel Jernigan,NYG,8
2011,WR,Randall Cobb,GB,7.7
2011,WR,Demaryius Thomas,DEN,7.6
2011,WR,Brandon Tate,CIN,7.5
2011,WR,Kerry Meier,ATL,7.5
2011,WR,Blair White,IND,7.4
2011,WR,Jeremy Kerley,NYJ,7.2
2011,WR,Bryant Johnson,DET,6.1
2011,WR,Taylor Price,NE,5.6
2011,WR,Donte' Stallworth,WAS,4.6
2011,WR,Courtney Roby,NO,4.5
2011,TE,Antonio Gates,SD,149.7
2011,TE,Jason Witten,DAL,141.4
2011,TE,Vernon Davis,SF,131.7
2011,TE,Jermichael Finley,GB,128.5
2011,TE,Dallas Clark,IND,121.6
2011,TE,Marcedes Lewis,JAC,114.3
2011,TE,Rob Gronkowski,NE,113.1
2011,TE,Chris Cooley,WAS,106.7
2011,TE,Owen Daniels,HOU,103.5
2011,TE,Jimmy Graham,NO,101.5
2011,TE,Kellen Winslow,TB,101
2011,TE,Todd Heap,ARI,99.5
2011,TE,Aaron Hernandez,NE,98.5
2011,TE,Greg Olsen,CAR,96.5
2011,TE,Jared Cook,TEN,91.6
2011,TE,Jermaine Gresham,CIN,91.5
2011,TE,Brent Celek,PHI,90.5
2011,TE,Heath Miller,PIT,89.6
2011,TE,Dustin Keller,NYJ,87.2
2011,TE,Ben Watson,CLE,87
2011,TE,Tony Gonzalez,ATL,85.4
2011,TE,Travis Beckum,NYG,84.5
2011,TE,Brandon Pettigrew,DET,78.6
2011,TE,Visanthe Shiancoe,MIN,78.5
2011,TE,Zach Miller,SEA,75.4
2011,TE,Anthony Fasano,MIA,73.7
2011,TE,Kevin Boss,LV,62.5
2011,TE,Ed Dickson,BAL,60.1
2011,TE,Lance Kendricks,STL,59.4
2011,TE,Leonard Pope,KC,56.5
2011,TE,Tony Scheffler,DET,51.2
2011,TE,Evan Moore,CLE,50.2
2011,TE,Kellen Davis,CHI,46.5
2011,TE,Jeremy Shockey,CAR,43.4
2011,TE,Julius Thomas,DEN,39.9
2011,TE,Dennis Pitta,BAL,39.5
2011,TE,Martellus Bennett,DAL,38.5
2011,TE,Michael Hoomanawanui,STL,37.6
2011,TE,Daniel Fells,DEN,37.6
2011,TE,Zach Miller,JAC,37.5
2011,TE,Fred Davis,WAS,36.5
2011,TE,Kyle Rudolph,MIN,35.1
2011,TE,Delanie Walker,SF,33.2
2011,TE,David Thomas,NO,30.6
2011,TE,Scott Chandler,BUF,27.6
2011,TE,Randy McMichael,SD,24.5
2011,TE,Luke Stocker,TB,22.7
2011,TE,Matt Spaeth,CHI,21.7
2011,TE,Jacob Tamme,IND,21.1
2011,TE,Joel Dreessen,HOU,20.6
2011,TE,Daniel Graham,TEN,20.5
2011,TE,David Martin,BUF,20.4
2011,TE,Tony Stewart,LV,16.9
2011,TE,Jeff King,ARI,13.7
2011,TE,Clay Harbor,PHI,12.6
2011,TE,Justin Peelle,ATL,8.2
2011,TE,James Casey,HOU,7.2
2012,QB,Aaron Rodgers,GB,451.9
2012,QB,Tom Brady,NE,406.1
2012,QB,Matthew Stafford,DET,404
2012,QB,Drew Brees,NO,395
2012,QB,Cam Newton,CAR,378.5
2012,QB,Michael Vick,PHI,373.2
2012,QB,Matt Ryan,ATL,353.1
2012,QB,Eli Manning,NYG,350.5
2012,QB,Philip Rivers,SD,343.1
2012,QB,Tony Romo,DAL,335.6
2012,QB,Ben Roethlisberger,PIT,326.8
2012,QB,Peyton Manning,DEN,319.5
2012,QB,Robert Griffin III,WAS,312.2
2012,QB,Ryan Fitzpatrick,BUF,312.1
2012,QB,Joe Flacco,BAL,293.2
2012,QB,Josh Freeman,TB,292.9
2012,QB,Carson Palmer,LV,289
2012,QB,Jay Cutler,CHI,278.1
2012,QB,Andy Dalton,CIN,276
2012,QB,Alex Smith,SF,275.2
2012,QB,Matt Schaub,HOU,274.3
2012,QB,Christian Ponder,MIN,273.7
2012,QB,Sam Bradford,STL,264.2
2012,QB,Russell Wilson,SEA,261.3
2012,QB,Matt Cassel,KC,258.7
2012,QB,Andrew Luck,IND,256.3
2012,QB,Jake Locker,TEN,251.4
2012,QB,Mark Sanchez,NYJ,244.4
2012,QB,Brandon Weeden,CLE,226.5
2012,QB,Blaine Gabbert,JAC,224.9
2012,QB,John Skelton,ARI,173.3
2012,QB,Ryan Tannehill,MIA,161
2012,QB,Kevin Kolb,ARI,124.9
2012,QB,Tim Tebow,NYJ,107.7
2012,QB,Matt Moore,MIA,84
2012,QB,Nick Foles,PHI,45.8
2012,QB,Matt Hasselbeck,TEN,45.4
2012,QB,Brady Quinn,KC,40
2012,QB,Matt Flynn,SEA,37.1
2012,QB,Drew Stanton,IND,33.1
2012,QB,Chad Henne,JAC,32.4
2012,QB,Graham Harrell,GB,25.8
2012,QB,Charlie Batch,PIT,23.5
2012,QB,T.J. Yates,HOU,23.3
2012,QB,Rex Grossman,WAS,21.9
2012,QB,Dan Orlovsky,TB,20
2012,QB,Joe Webb,MIN,15.7
2012,QB,Kyle Orton,DAL,15.6
2012,QB,Colin Kaepernick,SF,13.4
2012,QB,Austin Davis,STL,13.1
2012,QB,Tarvaris Jackson,BUF,12.8
2012,QB,Jason Campbell,CHI,12.4
2012,QB,Luke McCown,ATL,11.1
2012,QB,Chase Daniel,NO,10.3
2012,QB,Tyrod Taylor,BAL,8.8
2012,QB,David Carr,NYG,8.3
2012,QB,Matt Leinart,LV,7.9
2012,QB,Colt McCoy,CLE,7.8
2012,QB,Ryan Mallett,NE,6.8
2012,QB,Bruce Gradkowski,CIN,4
2012,QB,Shaun Hill,DET,3.3
2012,QB,Brock Osweiler,DEN,2.3
2012,QB,Derek Anderson,CAR,1.5
2012,QB,Charlie Whitehurst,SD,0.5
2012,RB,Arian Foster,HOU,306.1
2012,RB,Ray Rice,BAL,268.2
2012,RB,LeSean McCoy,PHI,259.4
2012,RB,Matt Forte,CHI,221.4
2012,RB,Chris Johnson,TEN,216.2
2012,RB,Darren McFadden,LV,210.7
2012,RB,Ryan Mathews,SD,210.3
2012,RB,Marshawn Lynch,SEA,198.1
2012,RB,Steven Jackson,STL,197
2012,RB,Jamaal Charles,KC,196.3
2012,RB,Ahmad Bradshaw,NYG,195.6
2012,RB,DeMarco Murray,DAL,191.5
2012,RB,Fred Jackson,BUF,189.1
2012,RB,Trent Richardson,CLE,187.4
2012,RB,Doug Martin,TB,181
2012,RB,Adrian Peterson,MIN,178.1
2012,RB,Shonn Greene,NYJ,176.4
2012,RB,Maurice Jones-Drew,JAC,174.1
2012,RB,Darren Sproles,NO,169
2012,RB,Frank Gore,SF,168.6
2012,RB,Reggie Bush,MIA,161.2
2012,RB,Michael Turner,ATL,160.5
2012,RB,Jonathan Stewart,CAR,157.5
2012,RB,Willis McGahee,DEN,156.4
2012,RB,Stevan Ridley,NE,154.2
2012,RB,BenJarvus Green-Ellis,CIN,151.5
2012,RB,Beanie Wells,ARI,148.2
2012,RB,Roy Helu,WAS,138.9
2012,RB,DeAngelo Williams,CAR,137.9
2012,RB,Kevin Smith,DET,135.5
2012,RB,Peyton Hillis,KC,130.1
2012,RB,Rashad Jennings,JAC,127.5
2012,RB,Donald Brown,IND,126.1
2012,RB,Ben Tate,HOU,121
2012,RB,Isaac Redman,PIT,119.5
2012,RB,Pierre Thomas,NO,118.7
2012,RB,Mark Ingram,NO,117.1
2012,RB,Daniel Thomas,MIA,116
2012,RB,Cedric Benson,GB,111.1
2012,RB,Felix Jones,DAL,110
2012,RB,Toby Gerhart,MIN,106
2012,RB,Michael Bush,CHI,104.4
2012,RB,C.J. Spiller,BUF,98.9
2012,RB,David Wilson,NYG,90
2012,RB,Jonathan Dwyer,PIT,86.8
2012,RB,Evan Royster,WAS,83.2
2012,RB,Danny Woodhead,NE,80.7
2012,RB,Ryan Williams,ARI,80.1
2012,RB,Kendall Hunter,SF,79
2012,RB,Isaiah Pead,STL,76.4
2012,RB,Jacquizz Rodgers,ATL,76
2012,RB,Le'Ron McClain,SD,76
2012,RB,Ronnie Hillman,DEN,74
2012,RB,Bernard Scott,CIN,73.9
2012,RB,Mikel Leshoure,DET,73.5
2012,RB,Rashard Mendenhall,PIT,73.2
2012,RB,Dexter McCluster,KC,71.7
2012,RB,LeGarrette Blount,TB,71.5
2012,RB,Taiwan Jones,LV,71.4
2012,RB,Shane Vereen,NE,71.3
2012,RB,Bernard Pierce,BAL,61.9
2012,RB,Montario Hardesty,CLE,60.9
2012,RB,Robert Turbin,SEA,59.4
2012,RB,Marcel Reece,LV,57
2012,RB,Vick Ballard,IND,55.9
2012,RB,James Starks,GB,52.2
2012,RB,Alex Green,GB,51.9
2012,RB,Javon Ringer,TEN,51
2012,RB,Jason Snelling,ATL,50.5
2012,RB,Lance Ball,DEN,48.7
2012,RB,Ronnie Brown,SD,47.7
2012,RB,Mike Tolbert,CAR,44.9
2012,RB,Bilal Powell,NYJ,43.8
2012,RB,LaRod Stephens-Howling,ARI,43.4
2012,RB,Dion Lewis,PHI,42.9
2012,RB,Brandon Jacobs,SF,42.8
2012,RB,Delone Carter,IND,40.9
2012,RB,Mike Goodson,LV,37.1
2012,RB,John Kuhn,GB,35.2
2012,RB,Alfred Morris,WAS,34.9
2012,RB,Leon Washington,SEA,34.7
2012,RB,Chris Rainey,PIT,34.4
2012,RB,Keiland Williams,DET,29.5
2012,RB,Chris Ivory,NO,26.5
2012,RB,Charles Clay,MIA,26.2
2012,RB,Brian Leonard,CIN,25.6
2012,RB,LaMichael James,SF,22.6
2012,RB,Ryan Grant,FA,20
2012,RB,Jahvid Best,DET,19.1
2012,RB,Joe McKnight,NYJ,19.1
2012,RB,Bryce Brown,PHI,16.9
2012,RB,Lamar Miller,MIA,16.8
2012,RB,Justin Forsett,HOU,14.9
2012,RB,Knowshon Moreno,DEN,14.8
2012,RB,Tashard Choice,BUF,13.2
2012,RB,Brandon Saine,GB,13
2012,RB,Vonta Leach,BAL,12.9
2012,RB,Phillip Tanner,DAL,12.2
2012,RB,Jackie Battle,SD,11.5
2012,RB,Daryl Richardson,STL,10.6
2012,RB,Michael Smith,TB,9.9
2012,RB,Bradie Ewing,ATL,9.3
2012,RB,Jamie Harper,TEN,8.9
2012,RB,Curtis Brinkley,SD,5.6
2012,RB,Greg Jones,JAC,5.6
2012,RB,Owen Marecic,CLE,5
2012,RB,Kregg Lumpkin,SEA,4.9
2012,RB,Johnny White,BUF,4.8
2012,RB,Anthony Dixon,SF,3.9
2012,WR,Calvin Johnson,DET,214.9
2012,WR,Victor Cruz,NYG,189.9
2012,WR,Roddy White,ATL,184.3
2012,WR,Percy Harvin,MIN,183
2012,WR,Julio Jones,ATL,182.8
2012,WR,Marques Colston,NO,180.5
2012,WR,Wes Welker,NE,173.5
2012,WR,Larry Fitzgerald,ARI,169.9
2012,WR,Greg Jennings,GB,169.8
2012,WR,Dez Bryant,DAL,169.6
2012,WR,Hakeem Nicks,NYG,168.5
2012,WR,Mike Wallace,PIT,168.1
2012,WR,Steve Smith,CAR,167.2
2012,WR,Andre Johnson,HOU,163.9
2012,WR,A.J. Green,CIN,163.8
2012,WR,Brandon Marshall,CHI,163.6
2012,WR,Jordy Nelson,GB,159.9
2012,WR,Antonio Brown,PIT,159.7
2012,WR,Jeremy Maclin,PHI,158.6
2012,WR,Eric Decker,DEN,156.2
2012,WR,Vincent Jackson,TB,156.1
2012,WR,Steve Johnson,BUF,154.8
2012,WR,Torrey Smith,BAL,151
2012,WR,Miles Austin,DAL,146.5
2012,WR,Dwayne Bowe,KC,146.4
2012,WR,Darrius Heyward-Bey,LV,141.2
2012,WR,Demaryius Thomas,DEN,140.9
2012,WR,Pierre Garcon,WAS,137.8
2012,WR,Reggie Wayne,IND,134.9
2012,WR,DeSean Jackson,PHI,133.6
2012,WR,Robert Meachem,SD,132.9
2012,WR,Santonio Holmes,NYJ,127.4
2012,WR,Michael Crabtree,SF,121.5
2012,WR,Brandon Lloyd,NE,118.7
2012,WR,Malcom Floyd,SD,118.5
2012,WR,Kenny Britt,TEN,116
2012,WR,Titus Young,DET,114.1
2012,WR,Denarius Moore,LV,113.4
2012,WR,Justin Blackmon,JAC,113
2012,WR,Sidney Rice,SEA,111.4
2012,WR,Anquan Boldin,BAL,108.4
2012,WR,Greg Little,CLE,108.2
2012,WR,Lance Moore,NO,107.6
2012,WR,James Jones,GB,107.4
2012,WR,Danny Amendola,STL,102.6
2012,WR,Brian Quick,STL,100.5
2012,WR,Laurent Robinson,JAC,99.6
2012,WR,Emmanuel Sanders,PIT,90.5
2012,WR,Nate Burleson,DET,90.3
2012,WR,Kendall Wright,TEN,90.3
2012,WR,Mike Williams,TB,90.2
2012,WR,Randall Cobb,GB,89.9
2012,WR,Santana Moss,WAS,88.5
2012,WR,Nate Washington,TEN,87.6
2012,WR,Davone Bess,MIA,87.5
2012,WR,Kevin Walter,HOU,82.7
2012,WR,Kevin Ogletree,DAL,81.8
2012,WR,Stephen Hill,NYJ,81
2012,WR,Jonathan Baldwin,KC,79.6
2012,WR,Brandon Tate,CIN,78.9
2012,WR,Randy Moss,SF,76.4
2012,WR,Jerome Simpson,MIN,74.5
2012,WR,Devery Henderson,NO,74.5
2012,WR,Brandon LaFell,CAR,74.5
2012,WR,Earl Bennett,CHI,73.9
2012,WR,Andre Roberts,ARI,73.6
2012,WR,David Nelson,BUF,72.4
2012,WR,Austin Collie,IND,71.6
2012,WR,Golden Tate,SEA,70.9
2012,WR,Jacoby Ford,LV,67.5
2012,WR,Brian Hartline,MIA,67.4
2012,WR,Michael Floyd,ARI,64.9
2012,WR,Brandon Stokley,DEN,63.6
2012,WR,Steve Smith,STL,62.6
2012,WR,Donald Jones,BUF,60.5
2012,WR,Preston Parker,TB,58.5
2012,WR,Steve Breaston,KC,57.6
2012,WR,Eddie Royal,SD,57
2012,WR,Josh Gordon,CLE,56.6
2012,WR,Leonard Hankerson,WAS,54.5
2012,WR,Jason Avant,PHI,53.3
2012,WR,Alshon Jeffery,CHI,53.2
2012,WR,Mohamed Massaquoi,CLE,49.6
2012,WR,Doug Baldwin,SEA,49.6
2012,WR,Michael Jenkins,MIN,48.7
2012,WR,Devin Hester,CHI,47.6
2012,WR,Harry Douglas,ATL,47.5
2012,WR,LaVon Brazill,IND,47
2012,WR,Vincent Brown,SD,45.7
2012,WR,Donnie Avery,IND,45.5
2012,WR,Rod Streater,LV,45.3
2012,WR,Mario Manningham,SF,44.4
2012,WR,Legedu Naanee,MIA,44.2
2012,WR,Chaz Schilens,NYJ,43.9
2012,WR,Early Doucet,ARI,42.3
2012,WR,Julian Edelman,NE,42.2
2012,WR,Brad Smith,BUF,42
2012,WR,T.J. Graham,BUF,40.6
2012,WR,Ben Obomanu,SEA,40.6
2012,WR,Domenik Hixon,NYG,40.1
2012,WR,Louis Murphy,CAR,39.8
2012,WR,Arrelious Benn,TB,38.3
2012,WR,Keshawn Martin,HOU,37.6
2012,WR,Lestar Jean,HOU,37.4
2012,WR,Jordan Norwood,CLE,36.2
2012,WR,Cecil Shorts,JAC,35.5
2012,WR,Jeremy Kerley,NYJ,34.9
2012,WR,Rueben Randle,NYG,34.6
2012,WR,Donald Driver,GB,34.5
2012,WR,Jacoby Jones,BAL,33.7
2012,WR,Devin Aromashodu,MIN,31.6
2012,WR,Braylon Edwards,SEA,31.5
2012,WR,Josh Cribbs,CLE,31.1
2012,WR,Ryan Broyles,DET,28.6
2012,WR,Chris Givens,STL,28.5
2012,WR,Mohamed Sanu,CIN,27.5
2012,WR,Andre Caldwell,DEN,25.6
2012,WR,Ted Ginn Jr.,SF,23.4
2012,WR,Damian Williams,TEN,21.6
2012,WR,Cole Beasley,DAL,21
2012,WR,Riley Cooper,PHI,19.5
2012,WR,Josh Morgan,WAS,18.9
2012,WR,Brandon Gibson,STL,17.5
2012,WR,Armon Binns,CIN,17.1
2012,WR,Ramses Barden,NYG,16.4
2012,WR,Roy Williams,FA,16
2012,WR,Plaxico Burress,FA,16
2012,WR,Jerricho Cotchery,PIT,15.6
2012,WR,Mike Thomas,JAC,14.5
2012,WR,Kevin Cone,ATL,12.7
2012,WR,David Gettis,CAR,10
2012,WR,A.J. Jenkins,SF,9.6
2012,WR,Jerrel Jernigan,NYG,9
2012,WR,Devon Wylie,KC,8.5
2012,WR,Joe Adams,CAR,8.4
2012,WR,Dezmon Briscoe,WAS,7
2012,WR,Marvin McNutt,PHI,5.6
2012,WR,Adrian Arrington,NO,5.4
2012,WR,Terrance Copper,KC,4.6
2012,WR,Lavelle Hawkins,TEN,4.1
2012,TE,Jimmy Graham,NO,215.7
2012,TE,Rob Gronkowski,NE,187.6
2012,TE,Antonio Gates,SD,136.5
2012,TE,Aaron Hernandez,NE,135.5
2012,TE,Jermichael Finley,GB,126.5
2012,TE,Vernon Davis,SF,126.5
2012,TE,Dustin Keller,NYJ,122.7
2012,TE,Jared Cook,TEN,122.6
2012,TE,Tony Gonzalez,ATL,121.9
2012,TE,Jason Witten,DAL,117.5
2012,TE,Brent Celek,PHI,114.5
2012,TE,Brandon Pettigrew,DET,114.5
2012,TE,Fred Davis,WAS,107.7
2012,TE,Jermaine Gresham,CIN,99.5
2012,TE,Greg Olsen,CAR,98.2
2012,TE,Owen Daniels,HOU,97.5
2012,TE,Jacob Tamme,DEN,95.6
2012,TE,Marcedes Lewis,JAC,92.2
2012,TE,Coby Fleener,IND,86.5
2012,TE,Ed Dickson,BAL,85.2
2012,TE,Kyle Rudolph,MIN,84.1
2012,TE,Anthony Fasano,MIA,83.5
2012,TE,Martellus Bennett,NYG,80.6
2012,TE,Lance Kendricks,STL,80.4
2012,TE,Ben Watson,CLE,77
2012,TE,Zach Miller,SEA,75.4
2012,TE,Heath Miller,PIT,71.5
2012,TE,Dallas Clark,TB,70.5
2012,TE,Todd Heap,ARI,69.2
2012,TE,Scott Chandler,BUF,65.5
2012,TE,Tony Moeaki,KC,63.9
2012,TE,Tony Scheffler,DET,56.2
2012,TE,Dennis Pitta,BAL,48.5
2012,TE,Kellen Davis,CHI,47.5
2012,TE,Brandon Myers,LV,46.5
2012,TE,Kevin Boss,KC,46.5
2012,TE,Jeremy Shockey,FA,45.5
2012,TE,Robert Housler,ARI,44.5
2012,TE,Joel Dreessen,DEN,44.5
2012,TE,John Phillips,DAL,37
2012,TE,Delanie Walker,SF,35.2
2012,TE,Dwayne Allen,IND,33.2
2012,TE,Niles Paul,WAS,27.5
2012,TE,Anthony McCoy,SEA,26
2012,TE,Jordan Cameron,CLE,26
2012,TE,Luke Stocker,TB,24.7
2012,TE,Randy McMichael,SD,22.5
2012,TE,Clay Harbor,PHI,17.6
2012,TE,Travis Beckum,NYG,17.5
2012,TE,Michael Egnew,MIA,16.7
2012,TE,Jeff King,ARI,16
2012,TE,Gary Barnidge,CAR,15
2012,TE,John Carlson,MIN,14.5
2012,TE,Ladarius Green,SD,13.8
2012,TE,James Casey,HOU,13.2
2012,TE,D.J. Williams,GB,12.5
2012,TE,Matt Spaeth,CHI,11.7
2012,TE,Craig Stevens,TEN,11.1
2012,TE,Evan Moore,SEA,10
2012,TE,David Thomas,NO,8.6
2012,TE,Donald Lee,CIN,7.7
2012,TE,Michael Palmer,ATL,7.7
2012,TE,Julius Thomas,DEN,4.6
2013,QB,Drew Brees,NO,431.9
2013,QB,Aaron Rodgers,GB,408
2013,QB,Cam Newton,CAR,379.2
2013,QB,Peyton Manning,DEN,378
2013,QB,Matt Ryan,ATL,371.4
2013,QB,Matthew Stafford,DET,370.8
2013,QB,Tony Romo,DAL,367.4
2013,QB,Colin Kaepernick,SF,366
2013,QB,Tom Brady,NE,353.5
2013,QB,Andrew Luck,IND,345.2
2013,QB,Russell Wilson,SEA,340.7
2013,QB,Eli Manning,NYG,328.7
2013,QB,Robert Griffin III,WAS,314
2013,QB,Josh Freeman,TB,313.7
2013,QB,Matt Schaub,HOU,302.6
2013,QB,Jay Cutler,CHI,298.9
2013,QB,Andy Dalton,CIN,298.1
2013,QB,Sam Bradford,STL,285.1
2013,QB,Philip Rivers,SD,284.4
2013,QB,Carson Palmer,ARI,282.8
2013,QB,Alex Smith,KC,280.3
2013,QB,Ben Roethlisberger,PIT,279.9
2013,QB,Joe Flacco,BAL,279.1
2013,QB,Michael Vick,PHI,265
2013,QB,Ryan Tannehill,MIA,261.3
2013,QB,Brandon Weeden,CLE,249.6
2013,QB,EJ Manuel,BUF,233.1
2013,QB,Jake Locker,TEN,207.5
2013,QB,Terrelle Pryor,LV,182.7
2013,QB,Geno Smith,NYJ,181.1
2013,QB,Matt Cassel,MIN,157.6
2013,QB,Chad Henne,JAC,143.8
2013,QB,Blaine Gabbert,JAC,122.5
2013,QB,Christian Ponder,MIN,98.7
2013,QB,Matt Flynn,LV,86.9
2013,QB,Ryan Fitzpatrick,TEN,84.4
2013,QB,Kirk Cousins,WAS,55.6
2013,QB,Mark Sanchez,NYJ,54.5
2013,QB,Nick Foles,PHI,51.4
2013,QB,Matt Moore,MIA,45.7
2013,QB,Jeff Tuel,BUF,34.7
2013,QB,Jason Campbell,CLE,24.9
2013,QB,Tyrod Taylor,BAL,21.5
2013,QB,Shaun Hill,DET,18.6
2013,QB,Bruce Gradkowski,PIT,18.1
2013,QB,Matt Barkley,PHI,17.5
2013,QB,Drew Stanton,ARI,16.6
2013,QB,Dominique Davis,ATL,16.1
2013,QB,Chase Daniel,KC,15.1
2013,QB,Colt McCoy,SF,13.9
2013,QB,Josh McCown,CHI,10
2013,QB,Josh Johnson,CIN,8.1
2013,QB,Kyle Orton,DAL,5.2
2013,QB,Seneca Wallace,GB,4.9
2013,QB,Dan Orlovsky,TB,4.5
2013,QB,Matt Hasselbeck,IND,4.1
2013,QB,Kellen Clemens,STL,3.7
2013,QB,Luke McCown,NO,3.5
2013,QB,Charlie Whitehurst,SD,3.3
2013,QB,Ryan Mallett,NE,2.5
2013,QB,Brock Osweiler,DEN,2.3
2013,QB,Curtis Painter,NYG,2.2
2013,QB,Derek Anderson,CAR,1.7
2013,QB,T.J. Yates,HOU,1.4
2013,RB,Adrian Peterson,MIN,272.4
2013,RB,Doug Martin,TB,247.2
2013,RB,C.J. Spiller,BUF,237.6
2013,RB,Alfred Morris,WAS,232.2
2013,RB,Ray Rice,BAL,228
2013,RB,Jamaal Charles,KC,224.7
2013,RB,Marshawn Lynch,SEA,224.3
2013,RB,LeSean McCoy,PHI,223.1
2013,RB,Arian Foster,HOU,221.9
2013,RB,Matt Forte,CHI,219.5
2013,RB,Trent Richardson,CLE,215
2013,RB,Chris Johnson,TEN,196.8
2013,RB,David Wilson,NYG,195.7
2013,RB,Steven Jackson,ATL,191.8
2013,RB,Lamar Miller,MIA,189.2
2013,RB,Reggie Bush,DET,189
2013,RB,Darren McFadden,LV,183.8
2013,RB,Frank Gore,SF,181.7
2013,RB,Stevan Ridley,NE,181.2
2013,RB,Maurice Jones-Drew,JAC,179.8
2013,RB,DeMarco Murray,DAL,176.3
2013,RB,Chris Ivory,NYJ,161
2013,RB,Ryan Mathews,SD,158.6
2013,RB,Eddie Lacy,GB,158.5
2013,RB,Darren Sproles,NO,147.7
2013,RB,DeAngelo Williams,CAR,144.3
2013,RB,Rashard Mendenhall,ARI,140.5
2013,RB,Daryl Richardson,STL,130
2013,RB,Montee Ball,DEN,126.3
2013,RB,Ahmad Bradshaw,IND,125.3
2013,RB,Giovani Bernard,CIN,124.3
2013,RB,BenJarvus Green-Ellis,CIN,117.7
2013,RB,Shane Vereen,NE,115.5
2013,RB,Ben Tate,HOU,115.1
2013,RB,Le'Veon Bell,PIT,112
2013,RB,Mark Ingram,NO,111.6
2013,RB,Ronnie Hillman,DEN,108.5
2013,RB,Bryce Brown,PHI,100.2
2013,RB,Pierre Thomas,NO,95.7
2013,RB,Fred Jackson,BUF,95
2013,RB,Vick Ballard,IND,93.5
2013,RB,Isaac Redman,PIT,92
2013,RB,Bernard Pierce,BAL,91.9
2013,RB,Danny Woodhead,SD,90.8
2013,RB,Jacquizz Rodgers,ATL,88.2
2013,RB,Daniel Thomas,MIA,87.1
2013,RB,Bilal Powell,NYJ,80.4
2013,RB,Michael Bush,CHI,79.4
2013,RB,Denard Robinson,JAC,77.7
2013,RB,Toby Gerhart,MIN,77.2
2013,RB,Andre Brown,NYG,75.9
2013,RB,Isaiah Pead,STL,73
2013,RB,Mike Tolbert,CAR,72
2013,RB,Joique Bell,DET,71
2013,RB,Dexter McCluster,KC,62.4
2013,RB,Marcel Reece,LV,57.6
2013,RB,Jonathan Stewart,CAR,56.1
2013,RB,Kendall Hunter,SF,55.6
2013,RB,Christine Michael,SEA,50.2
2013,RB,Shonn Greene,TEN,50.1
2013,RB,Knile Davis,KC,49.2
2013,RB,Stepfan Taylor,ARI,47.1
2013,RB,Roy Helu,WAS,46.5
2013,RB,Mike James,TB,43.3
2013,RB,Joseph Randle,DAL,43.2
2013,RB,Knowshon Moreno,DEN,40.1
2013,RB,Lance Dunbar,DAL,39.4
2013,RB,LeGarrette Blount,NE,39.1
2013,RB,Ronnie Brown,SD,38.2
2013,RB,Rashad Jennings,LV,37.9
2013,RB,Mikel Leshoure,DET,37.2
2013,RB,Charles Clay,MIA,35
2013,RB,Ryan Williams,ARI,32.3
2013,RB,Dennis Johnson,CLE,31.2
2013,RB,Jason Snelling,ATL,30.9
2013,RB,LaMichael James,SF,30.7
2013,RB,Donald Brown,IND,30.4
2013,RB,Johnathan Franklin,GB,29.2
2013,RB,Jordan Todman,JAC,28.4
2013,RB,Da'Rel Scott,NYG,27.7
2013,RB,Robert Turbin,SEA,26.8
2013,RB,LaRod Stephens-Howling,PIT,26.4
2013,RB,Chris Ogbonnaya,CLE,25.1
2013,RB,Zac Stacy,STL,24.8
2013,RB,Vonta Leach,BAL,24.4
2013,RB,John Kuhn,GB,23.8
2013,RB,Brian Leonard,TB,22.3
2013,RB,Mike Goodson,NYJ,19.3
2013,RB,Brandon Bolden,NE,17.2
2013,RB,Chris Polk,PHI,16.7
2013,RB,Justin Forsett,JAC,13.6
2013,RB,Alex Green,NYJ,12.2
2013,RB,James Starks,GB,11.9
2013,RB,Anthony Dixon,SF,10.9
2013,RB,Peyton Hillis,TB,10.8
2013,RB,Tashard Choice,BUF,10.6
2013,RB,Travaris Cadet,NO,10.3
2013,RB,Cyrus Gray,KC,9.5
2013,RB,Evan Royster,WAS,9.4
2013,RB,Le'Ron McClain,SD,8
2013,RB,Tommy Bohanon,NYJ,7.6
2013,RB,Jerome Felton,MIN,5.4
2013,RB,Phillip Tanner,DAL,5.3
2013,RB,Theo Riddick,DET,4.9
2013,RB,Mike Gillislee,MIA,4.8
2013,RB,Greg Jones,HOU,4.6
2013,RB,Andre Ellington,ARI,4
2013,RB,Rex Burkhead,CIN,3.7
2013,RB,Kerwynn Williams,IND,3.7
2013,RB,Jawan Jamison,WAS,3.4
2013,RB,Bradie Ewing,ATL,2.8
2013,RB,Kenjon Barner,CAR,2.4
2013,RB,Michael Smith,TB,2.4
2013,RB,Chris Thompson,WAS,2.2
2013,RB,Marcus Lattimore,SF,1.3
2013,WR,Calvin Johnson,DET,234.5
2013,WR,Dez Bryant,DAL,207.4
2013,WR,A.J. Green,CIN,194
2013,WR,Demaryius Thomas,DEN,191.9
2013,WR,Julio Jones,ATL,187
2013,WR,Andre Johnson,HOU,186.5
2013,WR,Brandon Marshall,CHI,185
2013,WR,Vincent Jackson,TB,181.5
2013,WR,Randall Cobb,GB,179.1
2013,WR,Roddy White,ATL,177.8
2013,WR,Victor Cruz,NYG,168.4
2013,WR,Larry Fitzgerald,ARI,166.4
2013,WR,Marques Colston,NO,166.2
2013,WR,Pierre Garcon,WAS,162.5
2013,WR,Dwayne Bowe,KC,156.5
2013,WR,Jordy Nelson,GB,152.6
2013,WR,Torrey Smith,BAL,151.4
2013,WR,Danny Amendola,NE,150
2013,WR,Antonio Brown,PIT,147.3
2013,WR,Steve Smith,CAR,146
2013,WR,Eric Decker,DEN,145.9
2013,WR,Mike Wallace,MIA,145.2
2013,WR,Reggie Wayne,IND,143.7
2013,WR,Cecil Shorts,JAC,141.5
2013,WR,Hakeem Nicks,NYG,139.5
2013,WR,Steve Johnson,BUF,137.7
2013,WR,Wes Welker,DEN,133.5
2013,WR,DeSean Jackson,PHI,132.9
2013,WR,Lance Moore,NO,129.5
2013,WR,Tavon Austin,STL,127.5
2013,WR,T.Y. Hilton,IND,127.5
2013,WR,James Jones,GB,125.5
2013,WR,Kenny Britt,TEN,123.7
2013,WR,Miles Austin,DAL,123.1
2013,WR,Anquan Boldin,SF,122.7
2013,WR,Mike Williams,TB,119.5
2013,WR,Vincent Brown,SD,118.4
2013,WR,Michael Floyd,ARI,118.3
2013,WR,Golden Tate,SEA,117.6
2013,WR,Brian Hartline,MIA,117.5
2013,WR,Greg Jennings,MIN,116.9
2013,WR,Denarius Moore,LV,114.1
2013,WR,Chris Givens,STL,113.5
2013,WR,Josh Gordon,CLE,111.7
2013,WR,Emmanuel Sanders,PIT,110.5
2013,WR,Alshon Jeffery,CHI,103
2013,WR,Sidney Rice,SEA,101.5
2013,WR,Justin Blackmon,JAC,96.5
2013,WR,Greg Little,CLE,92.5
2013,WR,Nate Washington,TEN,92
2013,WR,DeAndre Hopkins,HOU,90.7
2013,WR,Rueben Randle,NYG,87.2
2013,WR,Malcom Floyd,SD,86.8
2013,WR,Stephen Hill,NYJ,85.5
2013,WR,Ryan Broyles,DET,85.5
2013,WR,Brandon LaFell,CAR,83.5
2013,WR,Rod Streater,LV,81.5
2013,WR,Kenbrell Thompkins,NE,79
2013,WR,Jacoby Jones,BAL,78.4
2013,WR,Andre Roberts,ARI,75.9
2013,WR,Mohamed Sanu,CIN,73.9
2013,WR,Kendall Wright,TEN,72.3
2013,WR,Darrius Heyward-Bey,IND,71.5
2013,WR,Santana Moss,WAS,70.7
2013,WR,Robert Woods,BUF,70.5
2013,WR,Donnie Avery,KC,68
2013,WR,Leonard Hankerson,WAS,67.2
2013,WR,Davone Bess,CLE,65.1
2013,WR,Nate Burleson,DET,64.4
2013,WR,Jacoby Ford,LV,63.3
2013,WR,Riley Cooper,PHI,61.1
2013,WR,Cordarrelle Patterson,MIN,58.4
2013,WR,Brandon Gibson,MIA,57.5
2013,WR,Santonio Holmes,NYJ,56.8
2013,WR,Jeremy Kerley,NYJ,53.6
2013,WR,Markus Wheaton,PIT,53.2
2013,WR,Keenan Allen,SD,51.7
2013,WR,Terrance Williams,DAL,49.6
2013,WR,Austin Pettis,STL,48.5
2013,WR,Harry Douglas,ATL,48.2
2013,WR,Julian Edelman,NE,46.6
2013,WR,Marlon Moore,SF,46.4
2013,WR,Kenny Stills,NO,45.9
2013,WR,Aaron Dobson,NE,43.5
2013,WR,Doug Baldwin,SEA,43.4
2013,WR,Domenik Hixon,CAR,43.2
2013,WR,T.J. Graham,BUF,40.7
2013,WR,Jason Avant,PHI,40
2013,WR,Marlon Brown,BAL,39.7
2013,WR,Quinton Patton,SF,39.6
2013,WR,Kevin Ogletree,TB,38.9
2013,WR,Earl Bennett,CHI,38.5
2013,WR,Mario Manningham,SF,37.1
2013,WR,Jordan Shipley,JAC,35.5
2013,WR,Josh Morgan,WAS,34.5
2013,WR,Marvin Jones,CIN,33.4
2013,WR,Nick Toon,NO,32.5
2013,WR,Andrew Hawkins,CIN,31.7
2013,WR,A.J. Jenkins,KC,31.6
2013,WR,Jarius Wright,MIN,30.5
2013,WR,Percy Harvin,SEA,29.6
2013,WR,Keshawn Martin,HOU,29.6
2013,WR,Damaris Johnson,PHI,29.3
2013,WR,Brandon Stokley,BAL,28.2
2013,WR,Jerome Simpson,MIN,27.3
2013,WR,Eddie Royal,SD,27.2
2013,WR,Cole Beasley,DAL,26.5
2013,WR,Patrick Edwards,DET,26
2013,WR,Jermaine Kearse,SEA,26
2013,WR,Ace Sanders,JAC,25.9
2013,WR,Kris Durham,DET,24.9
2013,WR,Louis Murphy,NYG,23.5
2013,WR,Brian Quick,STL,22.7
2013,WR,LaVon Brazill,IND,21.4
2013,WR,Marquise Goodwin,BUF,17.6
2013,WR,Lestar Jean,HOU,17.6
2013,WR,Juron Criner,LV,17.5
2013,WR,Deonte Thompson,BAL,17.1
2013,WR,Justin Hunter,TEN,17
2013,WR,Travis Benjamin,CLE,16.5
2013,WR,Jonathan Baldwin,SF,16
2013,WR,Michael Crabtree,SF,16
2013,WR,Ted Ginn Jr.,CAR,14.8
2013,WR,Jerricho Cotchery,PIT,14.7
2013,WR,Andre Caldwell,DEN,14.1
2013,WR,Dwayne Harris,DAL,13.7
2013,WR,Stedman Bailey,STL,11.9
2013,WR,Kevin Walter,TEN,10.4
2013,WR,Jarrett Boykin,GB,7.5
2013,WR,DeVier Posey,HOU,7.2
2013,WR,Josh Boyce,NE,7
2013,WR,Kyle Williams,SF,6.6
2013,WR,Aldrick Robinson,WAS,6.4
2013,WR,Drew Davis,ATL,6.3
2013,WR,Aaron Mellette,BAL,4.5
2013,WR,Devin Hester,CHI,4.5
2013,WR,Stephen Burton,JAC,4.3
2013,WR,Armanti Edwards,CAR,3.4
2013,WR,Brice Butler,LV,3.2
2013,WR,Justin Brown,PIT,2.2
2013,TE,Jimmy Graham,NO,166.4
2013,TE,Rob Gronkowski,NE,140
2013,TE,Tony Gonzalez,ATL,124.9
2013,TE,Vernon Davis,SF,123.1
2013,TE,Jason Witten,DAL,121.6
2013,TE,Jermichael Finley,GB,121.5
2013,TE,Greg Olsen,CAR,113.9
2013,TE,Jared Cook,STL,101.6
2013,TE,Owen Daniels,HOU,99.5
2013,TE,Brandon Pettigrew,DET,98.5
2013,TE,Jordan Cameron,CLE,97.6
2013,TE,Kyle Rudolph,MIN,97.5
2013,TE,Antonio Gates,SD,94.5
2013,TE,Fred Davis,WAS,93.6
2013,TE,Marcedes Lewis,JAC,90.1
2013,TE,Zach Miller,SEA,88.2
2013,TE,Martellus Bennett,CHI,87.5
2013,TE,Jermaine Gresham,CIN,84.4
2013,TE,Zach Sudfeld,NE,80.4
2013,TE,Brandon Myers,NYG,80
2013,TE,Robert Housler,ARI,76.3
2013,TE,Dwayne Allen,IND,76.2
2013,TE,Coby Fleener,IND,74.1
2013,TE,Ed Dickson,BAL,68
2013,TE,Scott Chandler,BUF,66.7
2013,TE,Julius Thomas,DEN,65.5
2013,TE,Kellen Winslow,NYJ,60.6
2013,TE,Tyler Eifert,CIN,59.7
2013,TE,Brent Celek,PHI,59.3
2013,TE,Heath Miller,PIT,56.5
2013,TE,Luke Stocker,TB,55.9
2013,TE,Garrett Graham,HOU,55.5
2013,TE,Delanie Walker,TEN,54.5
2013,TE,Travis Kelce,KC,45.3
2013,TE,Tony Scheffler,DET,44.2
2013,TE,Anthony Fasano,KC,43.5
2013,TE,Jacob Tamme,DEN,43.5
2013,TE,Zach Ertz,PHI,41.5
2013,TE,Lance Kendricks,STL,38.2
2013,TE,David Ausberry,LV,37.7
2013,TE,James Casey,PHI,35.5
2013,TE,Dallas Clark,BAL,32.2
2013,TE,Craig Stevens,TEN,28.7
2013,TE,Luke Willson,SEA,28.5
2013,TE,Jeff Cumberland,NYJ,27.7
2013,TE,Vance McDonald,SF,25.2
2013,TE,Logan Paulsen,WAS,24.2
2013,TE,Ladarius Green,SD,23.9
2013,TE,John Carlson,MIN,23.6
2013,TE,David Paulson,PIT,23.5
2013,TE,Michael Egnew,MIA,23.5
2013,TE,Joel Dreessen,DEN,21.9
2013,TE,Tom Crabtree,TB,21.6
2013,TE,Matt Spaeth,PIT,20.5
2013,TE,Mychal Rivera,LV,20.4
2013,TE,Adrien Robinson,NYG,20.1
2013,TE,Andrew Quarless,GB,17.8
2013,TE,Nick Kasa,LV,17.7
2013,TE,Gavin Escobar,DAL,16.4
2013,TE,Ben Watson,NO,16.4
2013,TE,Chase Coffman,ATL,14.1
2013,TE,James Hanna,DAL,13.2
2013,TE,John Phillips,SD,12.7
2013,TE,Jordan Reed,WAS,12.4
2013,TE,Dante Rosario,CHI,8.4
2013,TE,Ben Hartsock,CAR,7.9
2013,TE,Virgil Green,DEN,7.7
2013,TE,Taylor Thompson,TEN,7.6
2013,TE,Ryan Griffin,HOU,5.2
2013,TE,D.C. Jefferson,ARI,3.2
2013,TE,Aaron Hernandez,FA,2
2014,QB,Peyton Manning,DEN,444.5
2014,QB,Drew Brees,NO,413.3
2014,QB,Aaron Rodgers,GB,405.8
2014,QB,Nick Foles,PHI,374.1
2014,QB,Andrew Luck,IND,373.7
2014,QB,Matt Ryan,ATL,361.6
2014,QB,Matthew Stafford,DET,358.1
2014,QB,Robert Griffin III,WAS,347.3
2014,QB,Colin Kaepernick,SF,342.8
2014,QB,Cam Newton,CAR,342.7
2014,QB,Jay Cutler,CHI,341.9
2014,QB,Tom Brady,NE,336.3
2014,QB,Russell Wilson,SEA,336.2
2014,QB,Philip Rivers,SD,333.9
2014,QB,Tony Romo,DAL,333.5
2014,QB,Ben Roethlisberger,PIT,327.5
2014,QB,Alex Smith,KC,313.4
2014,QB,Andy Dalton,CIN,310.2
2014,QB,Ryan Tannehill,MIA,304.4
2014,QB,Carson Palmer,ARI,301.2
2014,QB,Joe Flacco,BAL,298.1
2014,QB,Eli Manning,NYG,295.9
2014,QB,Shaun Hill,STL,259.9
2014,QB,Geno Smith,NYJ,252.9
2014,QB,Ryan Fitzpatrick,HOU,238.7
2014,QB,Johnny Manziel,CLE,236.6
2014,QB,EJ Manuel,BUF,229.9
2014,QB,Josh McCown,TB,220.9
2014,QB,Derek Carr,LV,218.9
2014,QB,Jake Locker,TEN,211.5
2014,QB,Chad Henne,JAC,178.2
2014,QB,Matt Cassel,MIN,175.4
2014,QB,Teddy Bridgewater,MIN,97.7
2014,QB,Charlie Whitehurst,TEN,89.9
2014,QB,Blake Bortles,JAC,88
2014,QB,Brian Hoyer,CLE,74.5
2014,QB,Mike Glennon,TB,61.3
2014,QB,Kyle Orton,BUF,54.4
2014,QB,Matt Schaub,LV,49.6
2014,QB,Michael Vick,NYJ,49.4
2014,QB,Ryan Mallett,HOU,45.8
2014,QB,Kirk Cousins,WAS,36
2014,QB,Jason Campbell,CIN,20.1
2014,QB,Jimmy Clausen,CHI,18.3
2014,QB,Chase Daniel,KC,17.3
2014,QB,Brandon Weeden,DAL,15.6
2014,QB,Blaine Gabbert,SF,15.3
2014,QB,Jimmy Garoppolo,NE,14
2014,QB,Mark Sanchez,PHI,10.9
2014,QB,Bruce Gradkowski,PIT,9.3
2014,QB,Matt Flynn,GB,5.2
2014,QB,Tyrod Taylor,BAL,5.2
2014,QB,Ryan Nassib,NYG,5.1
2014,QB,Brock Osweiler,DEN,4.5
2014,QB,Matt Moore,MIA,3.3
2014,QB,Matt Hasselbeck,IND,2.3
2014,QB,Drew Stanton,ARI,2.1
2014,QB,Derek Anderson,CAR,1.6
2014,QB,T.J. Yates,ATL,1.3
2014,RB,LeSean McCoy,PHI,255
2014,RB,Jamaal Charles,KC,252.3
2014,RB,Adrian Peterson,MIN,242.2
2014,RB,Matt Forte,CHI,230.5
2014,RB,Montee Ball,DEN,216.1
2014,RB,Eddie Lacy,GB,215.1
2014,RB,Marshawn Lynch,SEA,206.6
2014,RB,Toby Gerhart,JAC,203.4
2014,RB,Zac Stacy,STL,203.3
2014,RB,DeMarco Murray,DAL,200.4
2014,RB,Doug Martin,TB,200.2
2014,RB,Le'Veon Bell,PIT,199.7
2014,RB,Arian Foster,HOU,196.9
2014,RB,Giovani Bernard,CIN,195.4
2014,RB,Andre Ellington,ARI,192.1
2014,RB,Alfred Morris,WAS,183.6
2014,RB,Rashad Jennings,NYG,182.3
2014,RB,Chris Johnson,NYJ,175.9
2014,RB,Frank Gore,SF,174.8
2014,RB,Ray Rice,BAL,171.3
2014,RB,Trent Richardson,IND,163.4
2014,RB,Joique Bell,DET,162.2
2014,RB,Bishop Sankey,TEN,161.4
2014,RB,Ryan Mathews,SD,160
2014,RB,Reggie Bush,DET,158.6
2014,RB,Ben Tate,CLE,153.2
2014,RB,C.J. Spiller,BUF,153
2014,RB,Stevan Ridley,NE,141.5
2014,RB,Maurice Jones-Drew,LV,139.4
2014,RB,Shane Vereen,NE,138
2014,RB,Knowshon Moreno,MIA,135.5
2014,RB,Fred Jackson,BUF,132.4
2014,RB,DeAngelo Williams,CAR,125.2
2014,RB,Steven Jackson,ATL,122
2014,RB,Danny Woodhead,SD,121.1
2014,RB,Pierre Thomas,NO,115.3
2014,RB,Darren McFadden,LV,114
2014,RB,Jeremy Hill,CIN,108.7
2014,RB,Darren Sproles,PHI,107.6
2014,RB,Lamar Miller,MIA,107.4
2014,RB,Khiry Robinson,NO,102.9
2014,RB,Jonathan Stewart,CAR,94.1
2014,RB,Mark Ingram,NO,93.6
2014,RB,Lance Dunbar,DAL,93
2014,RB,Bernard Pierce,BAL,92.3
2014,RB,Chris Ivory,NYJ,91.8
2014,RB,Shonn Greene,TEN,87.7
2014,RB,Ronnie Hillman,DEN,86.1
2014,RB,Mike Tolbert,CAR,81.4
2014,RB,Devonta Freeman,ATL,75.2
2014,RB,Terrance West,CLE,74.2
2014,RB,Carlos Hyde,SF,72.8
2014,RB,Marcel Reece,LV,72.3
2014,RB,Denard Robinson,JAC,72
2014,RB,Andre Williams,NYG,71.4
2014,RB,Ahmad Bradshaw,IND,67.8
2014,RB,Knile Davis,KC,67.6
2014,RB,Dexter McCluster,TEN,67.6
2014,RB,Jacquizz Rodgers,ATL,67.3
2014,RB,LeGarrette Blount,PIT,67
2014,RB,Bilal Powell,NYJ,58.7
2014,RB,Roy Helu,WAS,57.3
2014,RB,Jonathan Grimes,HOU,57.3
2014,RB,C.J. Anderson,DEN,57
2014,RB,James Starks,GB,55.9
2014,RB,James White,NE,55.5
2014,RB,Donald Brown,SD,50.4
2014,RB,Christine Michael,SEA,47.3
2014,RB,Isaiah Crowell,CLE,46.4
2014,RB,Benny Cunningham,STL,46.3
2014,RB,Jonathan Dwyer,ARI,46.1
2014,RB,Mike James,TB,39.6
2014,RB,Robert Turbin,SEA,39.5
2014,RB,Ka'Deem Carey,CHI,38.1
2014,RB,Tre Mason,STL,37.4
2014,RB,Stepfan Taylor,ARI,33.8
2014,RB,Bryce Brown,BUF,33.8
2014,RB,Chris Polk,PHI,32.6
2014,RB,Alfred Blue,HOU,31
2014,RB,Bobby Rainey,TB,29
2014,RB,Shaun Draughn,CHI,28.7
2014,RB,Dan Herron,IND,27.9
2014,RB,DuJuan Harris,GB,26.7
2014,RB,Brandon Bolden,NE,26
2014,RB,Dri Archer,PIT,25.4
2014,RB,Latavius Murray,LV,24.5
2014,RB,De'Anthony Thomas,KC,20.9
2014,RB,Theo Riddick,DET,20.4
2014,RB,Jerick McKinnon,MIN,19.9
2014,RB,Joseph Randle,DAL,19.3
2014,RB,LaMichael James,SF,16.8
2014,RB,Jordan Todman,JAC,15.8
2014,RB,Silas Redd,WAS,9
2014,RB,Peyton Hillis,NYG,8.2
2014,RB,John Kuhn,GB,8.1
2014,RB,Marcus Lattimore,SF,7.1
2014,RB,Kyle Juszczyk,BAL,6.2
2014,RB,Justin Forsett,BAL,4.1
2014,RB,Michael Cox,NYG,3.5
2014,RB,Cedric Peerman,CIN,2.2
2014,RB,Cyrus Gray,KC,0.7
2014,WR,Demaryius Thomas,DEN,222.9
2014,WR,Calvin Johnson,DET,219.7
2014,WR,Julio Jones,ATL,208.1
2014,WR,Dez Bryant,DAL,194.6
2014,WR,A.J. Green,CIN,190.7
2014,WR,Antonio Brown,PIT,187.6
2014,WR,Brandon Marshall,CHI,177.4
2014,WR,Jordy Nelson,GB,175.9
2014,WR,Alshon Jeffery,CHI,175.4
2014,WR,Percy Harvin,SEA,169.2
2014,WR,Randall Cobb,GB,169.1
2014,WR,Victor Cruz,NYG,164.6
2014,WR,Keenan Allen,SD,160.9
2014,WR,Vincent Jackson,TB,160.9
2014,WR,Roddy White,ATL,159.9
2014,WR,Cordarrelle Patterson,MIN,159.6
2014,WR,Michael Crabtree,SF,151.6
2014,WR,Andre Johnson,HOU,150
2014,WR,Michael Floyd,ARI,149.7
2014,WR,T.Y. Hilton,IND,148.8
2014,WR,Marques Colston,NO,148.7
2014,WR,Torrey Smith,BAL,147.8
2014,WR,Larry Fitzgerald,ARI,146.4
2014,WR,Jeremy Maclin,PHI,146
2014,WR,Pierre Garcon,WAS,142
2014,WR,Mike Wallace,MIA,139.5
2014,WR,Kendall Wright,TEN,132.5
2014,WR,DeSean Jackson,WAS,132.2
2014,WR,Julian Edelman,NE,130.6
2014,WR,Emmanuel Sanders,DEN,126.5
2014,WR,Dwayne Bowe,KC,124.4
2014,WR,Eric Decker,NYJ,119.7
2014,WR,Tavon Austin,STL,118.1
2014,WR,Brian Hartline,MIA,115
2014,WR,Sammy Watkins,BUF,112.2
2014,WR,Reggie Wayne,IND,111.4
2014,WR,Terrance Williams,DAL,109.5
2014,WR,Rueben Randle,NYG,108.7
2014,WR,Golden Tate,DET,108.5
2014,WR,Kelvin Benjamin,CAR,108.4
2014,WR,Cecil Shorts,JAC,108
2014,WR,James Jones,LV,107.6
2014,WR,DeAndre Hopkins,HOU,105.7
2014,WR,Kenny Stills,NO,105.7
2014,WR,Jarrett Boykin,GB,103.7
2014,WR,Anquan Boldin,SF,103.7
2014,WR,Markus Wheaton,PIT,102.8
2014,WR,Mike Evans,TB,102.6
2014,WR,Wes Welker,DEN,102.5
2014,WR,Riley Cooper,PHI,99.8
2014,WR,Miles Austin,CLE,99.5
2014,WR,Greg Jennings,MIN,98.7
2014,WR,Brandin Cooks,NO,97.7
2014,WR,Steve Smith,BAL,96.7
2014,WR,Danny Amendola,NE,95.8
2014,WR,Doug Baldwin,SEA,95.5
2014,WR,Andrew Hawkins,CLE,93.2
2014,WR,Harry Douglas,ATL,91.5
2014,WR,Malcom Floyd,SD,86.5
2014,WR,Justin Hunter,TEN,86
2014,WR,Rod Streater,LV,85.5
2014,WR,Kenny Britt,STL,85.3
2014,WR,Mike Williams,BUF,82.5
2014,WR,Marqise Lee,JAC,80.5
2014,WR,Hakeem Nicks,IND,79
2014,WR,Jordan Matthews,PHI,78.9
2014,WR,Robert Woods,BUF,75.4
2014,WR,Odell Beckham Jr.,NYG,74.6
2014,WR,Marvin Jones,CIN,74
2014,WR,Jerricho Cotchery,CAR,73.6
2014,WR,Donnie Avery,KC,70.9
2014,WR,Nate Washington,TEN,69.1
2014,WR,Mohamed Sanu,CIN,66.9
2014,WR,David Nelson,NYJ,66.9
2014,WR,John Brown,ARI,65.7
2014,WR,Jeremy Kerley,NYJ,64.9
2014,WR,Brian Quick,STL,60.9
2014,WR,Steve Johnson,SF,60.6
2014,WR,Andre Roberts,WAS,60.2
2014,WR,Jermaine Kearse,SEA,59.7
2014,WR,Lance Moore,PIT,59.5
2014,WR,Travis Benjamin,CLE,55.5
2014,WR,Joe Morgan,NO,54.1
2014,WR,Chris Owusu,TB,52.7
2014,WR,Jason Avant,CAR,51.5
2014,WR,Denarius Moore,LV,50.7
2014,WR,Junior Hemingway,KC,47.6
2014,WR,Brandon Gibson,MIA,47
2014,WR,Jerrel Jernigan,NYG,46.6
2014,WR,Eddie Royal,SD,45.6
2014,WR,Chris Givens,STL,43.5
2014,WR,Marquise Goodwin,BUF,40.2
2014,WR,Andre Caldwell,DEN,39.5
2014,WR,Marlon Brown,BAL,38.1
2014,WR,Ryan Broyles,DET,38
2014,WR,Cody Latimer,DEN,34.9
2014,WR,Cole Beasley,DAL,34.9
2014,WR,Jerome Simpson,MIN,34.7
2014,WR,Martavis Bryant,PIT,34.6
2014,WR,Jacoby Jones,BAL,33.5
2014,WR,Marquess Wilson,CHI,33.5
2014,WR,Kenbrell Thompkins,NE,32
2014,WR,Allen Robinson,JAC,31.5
2014,WR,Keshawn Martin,HOU,30.4
2014,WR,Davante Adams,GB,30.1
2014,WR,Aaron Dobson,NE,28.5
2014,WR,Ace Sanders,JAC,27.9
2014,WR,Da'Rick Rogers,IND,27.6
2014,WR,Andre Holmes,LV,27.1
2014,WR,Paul Richardson,SEA,26.1
2014,WR,Allen Hurns,JAC,26
2014,WR,A.J. Jenkins,KC,23.9
2014,WR,Ted Ginn Jr.,ARI,23.7
2014,WR,Drew Davis,ATL,23.7
2014,WR,Santonio Holmes,CHI,22.5
2014,WR,Brandon LaFell,NE,20.9
2014,WR,Frankie Hammond Jr.,KC,20.5
2014,WR,Jalen Saunders,NYJ,20.4
2014,WR,Brandon Tate,CIN,20.1
2014,WR,T.J. Graham,BUF,19.6
2014,WR,Brandon Lloyd,SF,18.9
2014,WR,Dwayne Harris,DAL,17.7
2014,WR,Seyi Ajirotutu,SD,17.1
2014,WR,Jarvis Landry,MIA,16.4
2014,WR,Santana Moss,WAS,15.5
2014,WR,Josh Morgan,CHI,11.4
2014,WR,Devin Hester,ATL,10
2014,WR,DeVier Posey,HOU,8.9
2014,WR,Nick Toon,NO,8.8
2014,WR,Austin Pettis,STL,7.9
2014,WR,Rishard Matthews,MIA,7.7
2014,WR,Jarius Wright,MIN,7.6
2014,WR,Donte Moncrief,IND,5.8
2014,WR,Josh Huff,PHI,4.5
2014,TE,Jimmy Graham,NO,180.6
2014,TE,Julius Thomas,DEN,155.5
2014,TE,Rob Gronkowski,NE,132.7
2014,TE,Jordan Cameron,CLE,123.6
2014,TE,Jordan Reed,WAS,120.5
2014,TE,Greg Olsen,CAR,117.4
2014,TE,Vernon Davis,SF,115.7
2014,TE,Kyle Rudolph,MIN,110.5
2014,TE,Jason Witten,DAL,110.4
2014,TE,Dennis Pitta,BAL,104.5
2014,TE,Martellus Bennett,CHI,101.2
2014,TE,Charles Clay,MIA,100.7
2014,TE,Heath Miller,PIT,98.2
2014,TE,Zach Ertz,PHI,97.1
2014,TE,Delanie Walker,TEN,93.6
2014,TE,Dwayne Allen,IND,91.3
2014,TE,Antonio Gates,SD,90.2
2014,TE,Ladarius Green,SD,88.4
2014,TE,Jared Cook,STL,84
2014,TE,Garrett Graham,HOU,79.5
2014,TE,Tyler Eifert,CIN,77.1
2014,TE,Travis Kelce,KC,76.7
2014,TE,Marcedes Lewis,JAC,69
2014,TE,Coby Fleener,IND,67.5
2014,TE,Eric Ebron,DET,66.5
2014,TE,Scott Chandler,BUF,66.2
2014,TE,Zach Miller,SEA,63.5
2014,TE,Mychal Rivera,LV,59.5
2014,TE,Tim Wright,NE,57.6
2014,TE,Gavin Escobar,DAL,56.9
2014,TE,Brent Celek,PHI,55.6
2014,TE,Levine Toilolo,ATL,54.7
2014,TE,Brandon Pettigrew,DET,51.5
2014,TE,Jermaine Gresham,CIN,50.8
2014,TE,Brandon Myers,TB,46.4
2014,TE,Adrien Robinson,NYG,44.4
2014,TE,Jeff Cumberland,NYJ,43.3
2014,TE,Richard Rodgers,GB,43
2014,TE,John Carlson,ARI,42.6
2014,TE,David Ausberry,LV,42
2014,TE,Lance Kendricks,STL,40.6
2014,TE,Austin Seferian-Jenkins,TB,39.7
2014,TE,Ben Watson,NO,39.5
2014,TE,Anthony Fasano,KC,39.2
2014,TE,Luke Willson,SEA,38.9
2014,TE,Jace Amaro,NYJ,37.6
2014,TE,Daniel Fells,NYG,37.4
2014,TE,Owen Daniels,BAL,34.8
2014,TE,Andrew Quarless,GB,33.5
2014,TE,Zach Sudfeld,NYJ,31.6
2014,TE,Troy Niklas,ARI,27.9
2014,TE,Clay Harbor,JAC,27.2
2014,TE,Jacob Tamme,DEN,26.6
2014,TE,Brandon Bostick,GB,24.7
2014,TE,Michael Hoomanawanui,NE,24.5
2014,TE,Ed Dickson,CAR,23.7
2014,TE,Joseph Fauria,DET,21.5
2014,TE,Logan Paulsen,WAS,20.4
2014,TE,Ryan Griffin,HOU,19.5
2014,TE,C.J. Fiedorowicz,HOU,17.5
2014,TE,Robert Housler,ARI,16.9
2014,TE,Demetrius Harris,KC,16.4
2014,TE,Matt Spaeth,PIT,13.6
2014,TE,Vance McDonald,SF,8.6
2014,TE,Gary Barnidge,CLE,7.7
2014,TE,James Casey,PHI,4.2
2015,QB,Andrew Luck,IND,430.3
2015,QB,Aaron Rodgers,GB,395.6
2015,QB,Russell Wilson,SEA,361.1
2015,QB,Peyton Manning,DEN,356
2015,QB,Matthew Stafford,DET,350.3
2015,QB,Matt Ryan,ATL,348.9
2015,QB,Ben Roethlisberger,PIT,344.1
2015,QB,Cam Newton,CAR,342.5
2015,QB,Tom Brady,NE,338.3
2015,QB,Tony Romo,DAL,338.2
2015,QB,Philip Rivers,SD,336.3
2015,QB,Drew Brees,NO,333.3
2015,QB,Ryan Tannehill,MIA,332
2015,QB,Eli Manning,NYG,329.8
2015,QB,Colin Kaepernick,SF,329.5
2015,QB,Jay Cutler,CHI,320.2
2015,QB,Teddy Bridgewater,MIN,305.4
2015,QB,Andy Dalton,CIN,302.3
2015,QB,Joe Flacco,BAL,299.4
2015,QB,Alex Smith,KC,294.3
2015,QB,Jameis Winston,TB,292
2015,QB,Carson Palmer,ARI,286.2
2015,QB,Derek Carr,LV,283.9
2015,QB,Sam Bradford,PHI,274.1
2015,QB,Blake Bortles,JAC,273.8
2015,QB,Marcus Mariota,TEN,273
2015,QB,Nick Foles,STL,265.1
2015,QB,Ryan Fitzpatrick,NYJ,213.1
2015,QB,Kirk Cousins,WAS,207.8
2015,QB,Tyrod Taylor,BUF,205.9
2015,QB,Josh McCown,CLE,200.2
2015,QB,Brian Hoyer,HOU,157.7
2015,QB,Ryan Mallett,HOU,123.2
2015,QB,Geno Smith,NYJ,104.8
2015,QB,Mark Sanchez,PHI,94.2
2015,QB,Johnny Manziel,CLE,80.7
2015,QB,EJ Manuel,BUF,78.6
2015,QB,Colt McCoy,WAS,49.1
2015,QB,Zach Mettenberger,TEN,36.4
2015,QB,Mike Glennon,TB,25.1
2015,QB,Derek Anderson,CAR,22.5
2015,QB,Chad Henne,JAC,22.2
2015,QB,Jimmy Garoppolo,NE,21
2015,QB,Brandon Weeden,DAL,20.4
2015,QB,Robert Griffin III,WAS,18
2015,QB,Shaun Hill,MIN,17.3
2015,QB,AJ McCarron,CIN,17.1
2015,QB,Case Keenum,STL,16.1
2015,QB,Blaine Gabbert,SF,13.6
2015,QB,Ryan Nassib,NYG,13.6
2015,QB,Drew Stanton,ARI,13.4
2015,QB,Chase Daniel,KC,13.3
2015,QB,Michael Vick,PIT,12.6
2015,QB,Jimmy Clausen,CHI,11.4
2015,QB,Matt Hasselbeck,IND,7.2
2015,QB,Scott Tolzien,GB,5.6
2015,QB,Luke McCown,NO,4.7
2015,QB,Brock Osweiler,DEN,3.5
2015,QB,Matt Schaub,BAL,3
2015,QB,Matt McGloin,LV,2.3
2015,QB,Kellen Clemens,SD,2.3
2015,QB,Matt Moore,MIA,1.8
2015,QB,Sean Renfree,ATL,1.3
2015,QB,Tarvaris Jackson,SEA,0.8
2015,QB,Dan Orlovsky,DET,0.7
2015,RB,Jamaal Charles,KC,232.2
2015,RB,Marshawn Lynch,SEA,231.3
2015,RB,Adrian Peterson,MIN,230.7
2015,RB,Eddie Lacy,GB,225.3
2015,RB,DeMarco Murray,PHI,216.4
2015,RB,Le'Veon Bell,PIT,216
2015,RB,C.J. Anderson,DEN,211.1
2015,RB,Matt Forte,CHI,210.4
2015,RB,Justin Forsett,BAL,193.9
2015,RB,Jeremy Hill,CIN,191.1
2015,RB,Mark Ingram,NO,183.1
2015,RB,LeSean McCoy,BUF,175.8
2015,RB,Lamar Miller,MIA,174.7
2015,RB,Frank Gore,IND,170
2015,RB,Melvin Gordon,SD,165.5
2015,RB,Latavius Murray,LV,161
2015,RB,LeGarrette Blount,NE,155.8
2015,RB,Alfred Morris,WAS,155.4
2015,RB,Carlos Hyde,SF,155.2
2015,RB,Jonathan Stewart,CAR,151.6
2015,RB,Andre Ellington,ARI,151.2
2015,RB,Joseph Randle,DAL,143.9
2015,RB,Isaiah Crowell,CLE,143.8
2015,RB,Rashad Jennings,NYG,143.7
2015,RB,T.J. Yeldon,JAC,143.2
2015,RB,Ameer Abdullah,DET,139.7
2015,RB,Chris Ivory,NYJ,139.5
2015,RB,Doug Martin,TB,136.6
2015,RB,Giovani Bernard,CIN,135.8
2015,RB,Todd Gurley,STL,131.2
2015,RB,Tevin Coleman,ATL,131
2015,RB,Joique Bell,DET,126.9
2015,RB,C.J. Spiller,NO,122.2
2015,RB,Arian Foster,HOU,118.2
2015,RB,Devonta Freeman,ATL,104.1
2015,RB,Alfred Blue,HOU,99.6
2015,RB,Shane Vereen,NYG,95.9
2015,RB,Darren McFadden,DAL,89.4
2015,RB,Darren Sproles,PHI,88.3
2015,RB,Duke Johnson,CLE,88.2
2015,RB,Ryan Mathews,PHI,87
2015,RB,Bishop Sankey,TEN,85.2
2015,RB,Danny Woodhead,SD,84.7
2015,RB,Roy Helu,LV,83.6
2015,RB,Knile Davis,KC,81.9
2015,RB,Tre Mason,STL,80.3
2015,RB,Charles Sims,TB,80
2015,RB,Reggie Bush,SF,73.8
2015,RB,Damien Williams,MIA,72.8
2015,RB,Matt Jones,WAS,68.9
2015,RB,Denard Robinson,JAC,68.8
2015,RB,Fred Jackson,SEA,67.7
2015,RB,David Johnson,ARI,65.7
2015,RB,Andre Williams,NYG,63.8
2015,RB,Josh Robinson,IND,62.9
2015,RB,Lorenzo Taliaferro,BAL,62.3
2015,RB,Benny Cunningham,STL,61.7
2015,RB,Bilal Powell,NYJ,61.1
2015,RB,Ronnie Hillman,DEN,60.8
2015,RB,Chris Johnson,ARI,59.2
2015,RB,James Starks,GB,58.2
2015,RB,Terrance West,TEN,57.9
2015,RB,Javorius Allen,BAL,57.6
2015,RB,DeAngelo Williams,PIT,55.2
2015,RB,Theo Riddick,DET,54.6
2015,RB,Zac Stacy,NYJ,53
2015,RB,Chris Polk,HOU,50.1
2015,RB,Ray Rice,FA,49.5
2015,RB,Mike Tolbert,CAR,48.5
2015,RB,James White,NE,48.3
2015,RB,Lance Dunbar,DAL,48.2
2015,RB,Cameron Artis-Payne,CAR,46.1
2015,RB,Jerick McKinnon,MIN,45.4
2015,RB,Christine Michael,DAL,43.3
2015,RB,Branden Oliver,SD,42.9
2015,RB,Dexter McCluster,TEN,42.5
2015,RB,Dion Lewis,NE,40.3
2015,RB,Stepfan Taylor,ARI,37.4
2015,RB,Bobby Rainey,TB,36.5
2015,RB,De'Anthony Thomas,KC,36.3
2015,RB,Khiry Robinson,NO,35.6
2015,RB,Montee Ball,FA,35.2
2015,RB,Brandon Bolden,NE,34.8
2015,RB,Toby Gerhart,JAC,34
2015,RB,Travaris Cadet,NE,33.8
2015,RB,Marcel Reece,LV,31.6
2015,RB,David Cobb,TEN,28.9
2015,RB,Ka'Deem Carey,CHI,28.6
2015,RB,Jay Ajayi,MIA,28.5
2015,RB,Karlos Williams,BUF,27.6
2015,RB,Juwan Thompson,DEN,25.5
2015,RB,Anthony Dixon,BUF,24.9
2015,RB,Jarryd Hayne,SF,23.3
2015,RB,Dri Archer,PIT,21.9
2015,RB,Jonathan Grimes,HOU,21.1
2015,RB,Stevan Ridley,NYJ,18.1
2015,RB,John Kuhn,GB,18.1
2015,RB,Vick Ballard,IND,17.3
2015,RB,Kyle Juszczyk,BAL,16.8
2015,RB,Matt Asiata,MIN,16.4
2015,RB,Jacquizz Rodgers,CHI,14.3
2015,RB,Rex Burkhead,CIN,13.9
2015,RB,Zach Zenner,DET,12.3
2015,RB,Bryce Brown,BUF,11
2015,RB,Mike Davis,SF,10.2
2015,RB,Jeremy Langford,CHI,7.1
2015,RB,Chris Thompson,WAS,5.6
2015,RB,Bernard Pierce,JAC,4.8
2015,WR,Odell Beckham Jr.,NYG,224.7
2015,WR,Antonio Brown,PIT,215.3
2015,WR,Demaryius Thomas,DEN,210.9
2015,WR,Dez Bryant,DAL,206.5
2015,WR,Julio Jones,ATL,196.2
2015,WR,A.J. Green,CIN,189
2015,WR,Calvin Johnson,DET,182.9
2015,WR,DeAndre Hopkins,HOU,179.5
2015,WR,Randall Cobb,GB,171.1
2015,WR,Alshon Jeffery,CHI,167.2
2015,WR,Mike Evans,TB,163.4
2015,WR,Jordan Matthews,PHI,155.4
2015,WR,T.Y. Hilton,IND,151.8
2015,WR,Emmanuel Sanders,DEN,146.5
2015,WR,Andre Johnson,IND,142.5
2015,WR,Brandin Cooks,NO,142.1
2015,WR,Davante Adams,GB,140.4
2015,WR,DeSean Jackson,WAS,138.2
2015,WR,Julian Edelman,NE,135.1
2015,WR,Golden Tate,DET,130.6
2015,WR,Sammy Watkins,BUF,129.5
2015,WR,Vincent Jackson,TB,128.6
2015,WR,Brandon Marshall,NYJ,127.7
2015,WR,Jarvis Landry,MIA,127.6
2015,WR,Keenan Allen,SD,127.6
2015,WR,Jeremy Maclin,KC,126.2
2015,WR,Anquan Boldin,SF,125.9
2015,WR,Amari Cooper,LV,125.8
2015,WR,Steve Smith,BAL,124.5
2015,WR,Mike Wallace,MIN,123.3
2015,WR,Eric Decker,NYJ,122.6
2015,WR,Charles Johnson,MIN,121.7
2015,WR,John Brown,ARI,117.7
2015,WR,Pierre Garcon,WAS,115.1
2015,WR,Roddy White,ATL,115
2015,WR,Torrey Smith,SF,113.5
2015,WR,Kendall Wright,TEN,112.7
2015,WR,Allen Robinson,JAC,111.5
2015,WR,Doug Baldwin,SEA,110.9
2015,WR,Marques Colston,NO,110.5
2015,WR,Terrance Williams,DAL,110.1
2015,WR,Larry Fitzgerald,ARI,109.8
2015,WR,Markus Wheaton,PIT,109
2015,WR,Michael Floyd,ARI,108.9
2015,WR,Rueben Randle,NYG,108.7
2015,WR,Nelson Agholor,PHI,108.5
2015,WR,Devin Funchess,CAR,106.7
2015,WR,Kenny Stills,MIA,102.9
2015,WR,Kenny Britt,STL,101.8
2015,WR,Malcom Floyd,SD,98.2
2015,WR,Dwayne Bowe,CLE,94.5
2015,WR,Martavis Bryant,PIT,91.7
2015,WR,Steve Johnson,SD,88.5
2015,WR,Percy Harvin,BUF,87.2
2015,WR,Eddie Royal,CHI,86.9
2015,WR,Victor Cruz,NYG,85.6
2015,WR,Brian Quick,STL,85.5
2015,WR,Breshad Perriman,BAL,81.7
2015,WR,Michael Crabtree,LV,78.9
2015,WR,Brandon Coleman,NO,78.3
2015,WR,Tavon Austin,STL,75.5
2015,WR,Andrew Hawkins,CLE,74.2
2015,WR,Allen Hurns,JAC,73.6
2015,WR,Cole Beasley,DAL,72.7
2015,WR,Harry Douglas,TEN,72.1
2015,WR,Marvin Jones,CIN,71.9
2015,WR,Brandon LaFell,NE,71.2
2015,WR,Philly Brown,CAR,70.5
2015,WR,James Jones,GB,70.5
2015,WR,Cody Latimer,DEN,70.4
2015,WR,Greg Jennings,MIA,69.2
2015,WR,Andre Roberts,WAS,66.7
2015,WR,Brian Hartline,CLE,66.6
2015,WR,Cordarrelle Patterson,MIN,66.2
2015,WR,Kamar Aiken,BAL,62.7
2015,WR,Dorial Green-Beckham,TEN,62.6
2015,WR,Phillip Dorsett,IND,61.6
2015,WR,Tyler Lockett,SEA,61.5
2015,WR,Cecil Shorts,HOU,60.9
2015,WR,Mohamed Sanu,CIN,60.5
2015,WR,Danny Amendola,NE,59.7
2015,WR,DeVante Parker,MIA,59.5
2015,WR,Jerricho Cotchery,CAR,58.6
2015,WR,Jermaine Kearse,SEA,57.6
2015,WR,Jeremy Kerley,NYJ,56.9
2015,WR,Jarius Wright,MIN,56.6
2015,WR,Josh Huff,PHI,54.6
2015,WR,Donte Moncrief,IND,54.2
2015,WR,Rod Streater,LV,53.9
2015,WR,Marquess Wilson,CHI,51.5
2015,WR,Robert Woods,BUF,50.5
2015,WR,Albert Wilson,KC,49.5
2015,WR,Riley Cooper,PHI,49
2015,WR,Jaelen Strong,HOU,48.5
2015,WR,Ty Montgomery,GB,48.5
2015,WR,Nate Washington,HOU,46.4
2015,WR,Taylor Gabriel,CLE,45.5
2015,WR,Aaron Dobson,NE,44.9
2015,WR,Marqise Lee,JAC,44.2
2015,WR,Chris Conley,KC,43.6
2015,WR,Justin Hardy,ATL,43.5
2015,WR,Lance Moore,DET,40.5
2015,WR,Marlon Brown,BAL,39.9
2015,WR,Louis Murphy,TB,39.6
2015,WR,Leonard Hankerson,ATL,39.2
2015,WR,Quinton Patton,SF,38.6
2015,WR,Travis Benjamin,CLE,35.9
2015,WR,Dontrelle Inman,SD,34.7
2015,WR,Kevin White,CHI,34.7
2015,WR,Justin Hunter,TEN,29.1
2015,WR,Joe Morgan,NO,28.5
2015,WR,Devin Hester,ATL,27.5
2015,WR,Devin Smith,NYJ,27.4
2015,WR,Andre Holmes,LV,26.5
2015,WR,Ted Ginn Jr.,CAR,25
2015,WR,Stedman Bailey,STL,24.9
2015,WR,Preston Parker,NYG,24.2
2015,WR,Chris Hogan,BUF,20.2
2015,WR,Jeff Janis,GB,20.2
2015,WR,Miles Austin,PHI,19.6
2015,WR,Jason Avant,KC,18.4
2015,WR,Darrius Heyward-Bey,PIT,17.8
2015,WR,Rashad Greene,JAC,17.7
2015,WR,Ryan Grant,WAS,17.1
2015,WR,Chris Givens,STL,14.6
2015,WR,Devin Street,DAL,14.5
2015,WR,Sammie Coates,PIT,14
2015,WR,Corey Fuller,DET,13.1
2015,WR,Andre Caldwell,DEN,12.9
2015,WR,Marquise Goodwin,BUF,11.5
2015,WR,Brandon Tate,CIN,11.4
2015,WR,Bruce Ellington,SF,8.2
2015,WR,Paul Richardson,SEA,7.7
2015,WR,Michael Campanaro,BAL,7.6
2015,WR,Ricardo Lockette,SEA,1.9
2015,WR,Frankie Hammond Jr.,KC,1.6
2015,TE,Rob Gronkowski,NE,172.9
2015,TE,Jimmy Graham,SEA,135.7
2015,TE,Greg Olsen,CAR,130.5
2015,TE,Travis Kelce,KC,121.4
2015,TE,Martellus Bennett,CHI,114.7
2015,TE,Jason Witten,DAL,108.9
2015,TE,Delanie Walker,TEN,105.5
2015,TE,Coby Fleener,IND,98.5
2015,TE,Vernon Davis,SF,94.7
2015,TE,Dwayne Allen,IND,92.6
2015,TE,Owen Daniels,DEN,91.3
2015,TE,Kyle Rudolph,MIN,89.5
2015,TE,Antonio Gates,SD,87.8
2015,TE,Zach Ertz,PHI,86.5
2015,TE,Heath Miller,PIT,86.4
2015,TE,Josh Hill,NO,84.8
2015,TE,Jordan Cameron,MIA,84.5
2015,TE,Charles Clay,BUF,83.1
2015,TE,Jordan Reed,WAS,82.7
2015,TE,Tyler Eifert,CIN,82.1
2015,TE,Jared Cook,STL,81.9
2015,TE,Austin Seferian-Jenkins,TB,76.2
2015,TE,Richard Rodgers,GB,73.5
2015,TE,Larry Donnell,NYG,71.5
2015,TE,Eric Ebron,DET,69.3
2015,TE,Julius Thomas,JAC,69.2
2015,TE,Mychal Rivera,LV,65.5
2015,TE,Ladarius Green,SD,62.9
2015,TE,Brent Celek,PHI,56.5
2015,TE,Crockett Gillmore,BAL,52.1
2015,TE,Clive Walford,LV,51.9
2015,TE,Lance Kendricks,STL,49.6
2015,TE,Scott Chandler,NE,45.6
2015,TE,Jeff Cumberland,NYJ,45.3
2015,TE,Ben Watson,NO,44.3
2015,TE,Robert Housler,CLE,43.5
2015,TE,Garrett Graham,HOU,43.5
2015,TE,Marcedes Lewis,JAC,43.5
2015,TE,Maxx Williams,BAL,42.8
2015,TE,Andrew Quarless,GB,41.5
2015,TE,Jacob Tamme,ATL,40.8
2015,TE,Levine Toilolo,ATL,40.2
2015,TE,Virgil Green,DEN,38.6
2015,TE,Jermaine Gresham,ARI,36.6
2015,TE,Gavin Escobar,DAL,30.9
2015,TE,Dion Sims,MIA,29.5
2015,TE,Darren Fells,ARI,28.5
2015,TE,Brandon Pettigrew,DET,24.6
2015,TE,Brandon Myers,TB,23.4
2015,TE,Ed Dickson,CAR,21.4
2015,TE,Anthony Fasano,TEN,20.6
2015,TE,Derek Carrier,WAS,20.4
2015,TE,Gary Barnidge,CLE,18.5
2015,TE,Luke Willson,SEA,18.4
2015,TE,C.J. Fiedorowicz,HOU,17.5
2015,TE,Daniel Fells,NYG,17.4
2015,TE,Demetrius Harris,KC,16.4
2015,TE,MyCole Pruitt,MIN,16.1
2015,TE,Tim Wright,DET,15.9
2015,TE,Vance McDonald,SF,15.5
2015,TE,Jim Dray,CLE,8.7
2015,TE,Chris Gragg,BUF,6.2
2015,TE,James Hanna,DAL,5.6
2015,TE,Ryan Griffin,HOU,5.6
2015,TE,Matt Spaeth,PIT,3.5
2015,TE,Clay Harbor,JAC,3.1
2015,TE,Dennis Pitta,BAL,0.5
2016,QB,Cam Newton,CAR,393.8
2016,QB,Aaron Rodgers,GB,393.1
2016,QB,Russell Wilson,SEA,386.5
2016,QB,Andrew Luck,IND,380.9
2016,QB,Drew Brees,NO,365.4
2016,QB,Blake Bortles,JAC,364.4
2016,QB,Philip Rivers,SD,358.4
2016,QB,Ben Roethlisberger,PIT,356.5
2016,QB,Eli Manning,NYG,347.4
2016,QB,Tyrod Taylor,BUF,346.8
2016,QB,Jameis Winston,TB,343.9
2016,QB,Kirk Cousins,WAS,341.7
2016,QB,Carson Palmer,ARI,340.3
2016,QB,Derek Carr,LV,334.9
2016,QB,Ryan Tannehill,MIA,334.6
2016,QB,Ryan Fitzpatrick,NYJ,333.1
2016,QB,Matthew Stafford,DET,320.8
2016,QB,Marcus Mariota,TEN,319.9
2016,QB,Matt Ryan,ATL,319.6
2016,QB,Andy Dalton,CIN,317.5
2016,QB,Alex Smith,KC,310.1
2016,QB,Brock Osweiler,HOU,303.9
2016,QB,Jay Cutler,CHI,303.1
2016,QB,Tom Brady,NE,297.3
2016,QB,Joe Flacco,BAL,294.4
2016,QB,Robert Griffin III,CLE,270.3
2016,QB,Blaine Gabbert,SF,262
2016,QB,Sam Bradford,MIN,236.7
2016,QB,Carson Wentz,PHI,233.9
2016,QB,Tony Romo,DAL,190.3
2016,QB,Jared Goff,LAR,175.7
2016,QB,Trevor Siemian,DEN,156.7
2016,QB,Dak Prescott,DAL,135.5
2016,QB,Paxton Lynch,DEN,133.5
2016,QB,Jimmy Garoppolo,NE,84.2
2016,QB,Chase Daniel,PHI,78.4
2016,QB,Case Keenum,LAR,60.4
2016,QB,Josh McCown,CLE,56.5
2016,QB,Colin Kaepernick,SF,35.8
2016,QB,Shaun Hill,MIN,27.6
2016,QB,Geno Smith,NYJ,26
2016,QB,Landry Jones,PIT,25.9
2016,QB,AJ McCarron,CIN,22.7
2016,QB,Matt Cassel,TEN,21.7
2016,QB,Brian Hoyer,CHI,21.4
2016,QB,Brandon Weeden,HOU,18.3
2016,QB,Nick Foles,KC,18.2
2016,QB,Drew Stanton,ARI,17.9
2016,QB,EJ Manuel,BUF,16.7
2016,QB,Dan Orlovsky,DET,16.4
2016,QB,Ryan Mallett,BAL,16.1
2016,QB,Trevone Boykin,SEA,15.7
2016,QB,Colt McCoy,WAS,14.6
2016,QB,Kellen Clemens,SD,12.5
2016,QB,Scott Tolzien,IND,11.5
2016,QB,Mike Glennon,TB,11.3
2016,QB,Chad Henne,JAC,10.5
2016,QB,Matt McGloin,LV,9.9
2016,QB,Ryan Nassib,NYG,9.1
2016,QB,Brett Hundley,GB,7.4
2016,QB,Mark Sanchez,DAL,7
2016,QB,Derek Anderson,CAR,3.3
2016,QB,Luke McCown,NO,2.5
2016,QB,Matt Moore,MIA,1.3
2016,QB,Matt Schaub,ATL,1.1
2016,RB,David Johnson,ARI,241.1
2016,RB,Lamar Miller,HOU,228.1
2016,RB,Adrian Peterson,MIN,224
2016,RB,Todd Gurley,LAR,212.6
2016,RB,Ezekiel Elliott,DAL,201.6
2016,RB,Devonta Freeman,ATL,193.2
2016,RB,Le'Veon Bell,PIT,188.5
2016,RB,Eddie Lacy,GB,182.6
2016,RB,Mark Ingram,NO,181.4
2016,RB,LeSean McCoy,BUF,180.9
2016,RB,C.J. Anderson,DEN,177.9
2016,RB,DeMarco Murray,TEN,174.2
2016,RB,Doug Martin,TB,173.7
2016,RB,Jamaal Charles,KC,173.4
2016,RB,Matt Forte,NYJ,171.4
2016,RB,Jeremy Hill,CIN,164.2
2016,RB,Latavius Murray,LV,162.7
2016,RB,Thomas Rawls,SEA,151
2016,RB,Jeremy Langford,CHI,150.5
2016,RB,Jonathan Stewart,CAR,147.2
2016,RB,Carlos Hyde,SF,145.5
2016,RB,Melvin Gordon,SD,143.2
2016,RB,Matt Jones,WAS,135.1
2016,RB,Rashad Jennings,NYG,134.7
2016,RB,Arian Foster,MIA,134.2
2016,RB,Giovani Bernard,CIN,134.2
2016,RB,Duke Johnson,CLE,133
2016,RB,Ryan Mathews,PHI,132.1
2016,RB,Ameer Abdullah,DET,132.1
2016,RB,Frank Gore,IND,130
2016,RB,Danny Woodhead,SD,128.3
2016,RB,T.J. Yeldon,JAC,124.2
2016,RB,Isaiah Crowell,CLE,122.7
2016,RB,Charles Sims,TB,120.6
2016,RB,DeAngelo Williams,PIT,111.4
2016,RB,LeGarrette Blount,NE,111.3
2016,RB,Jay Ajayi,MIA,109.8
2016,RB,Theo Riddick,DET,98.4
2016,RB,Bilal Powell,NYJ,97.2
2016,RB,Chris Ivory,JAC,96.1
2016,RB,Spencer Ware,KC,95.3
2016,RB,Darren Sproles,PHI,94.6
2016,RB,Shaun Draughn,SF,93.8
2016,RB,Tevin Coleman,ATL,87
2016,RB,Shane Vereen,NYG,84.8
2016,RB,Devontae Booker,DEN,84.1
2016,RB,Benny Cunningham,LAR,80.1
2016,RB,Chris Thompson,WAS,76.8
2016,RB,Terrance West,BAL,76.4
2016,RB,Kenneth Dixon,BAL,74.2
2016,RB,Javorius Allen,BAL,73.4
2016,RB,James White,NE,72.2
2016,RB,James Starks,GB,70.2
2016,RB,Jordan Howard,CHI,70.1
2016,RB,DeAndre Washington,LV,68.8
2016,RB,Derrick Henry,TEN,68.3
2016,RB,C.J. Spiller,NO,65.2
2016,RB,Christine Michael,SEA,65
2016,RB,Justin Forsett,BAL,64.8
2016,RB,Tim Hightower,NO,64.2
2016,RB,Jerick McKinnon,MIN,62.2
2016,RB,Alfred Morris,DAL,61
2016,RB,Robert Turbin,IND,55.1
2016,RB,Zach Zenner,DET,54.6
2016,RB,Chris Johnson,ARI,54.3
2016,RB,Wendell Smallwood,PHI,53.5
2016,RB,Mike Tolbert,CAR,52.6
2016,RB,C.J. Prosise,SEA,50.9
2016,RB,Rob Kelley,WAS,50.8
2016,RB,Paul Perkins,NYG,48
2016,RB,Andre Ellington,ARI,45
2016,RB,Ka'Deem Carey,CHI,43.8
2016,RB,Cameron Artis-Payne,CAR,43.6
2016,RB,Dion Lewis,NE,43.4
2016,RB,Darren McFadden,DAL,43.4
2016,RB,Charcandrick West,KC,41.6
2016,RB,Alfred Blue,HOU,40.3
2016,RB,Marcel Reece,LV,38.7
2016,RB,Tyler Ervin,HOU,37.3
2016,RB,Antonio Andrews,TEN,36.5
2016,RB,Mike Gillislee,BUF,36.5
2016,RB,Reggie Bush,BUF,34.2
2016,RB,D.J. Foster,NE,31
2016,RB,Kenyan Drake,MIA,29.1
2016,RB,Jonathan Williams,BUF,24.1
2016,RB,Jordan Todman,IND,23.5
2016,RB,Brandon Bolden,NE,23.4
2016,RB,Orleans Darkwa,NYG,20.7
2016,RB,Denard Robinson,JAC,16.6
2016,RB,Jamize Olawale,LV,16.5
2016,RB,Mike James,TB,16
2016,RB,Lance Dunbar,DAL,14
2016,RB,Jonathan Grimes,HOU,13.2
2016,RB,Mike Davis,SF,13
2016,RB,Zach Line,MIN,9.6
2016,RB,Rex Burkhead,CIN,9.3
2016,RB,Patrick DiMarco,ATL,9
2016,RB,Andre Williams,SD,8.9
2016,RB,Kenjon Barner,PHI,8.8
2016,RB,Matt Asiata,MIN,8.6
2016,RB,Darius Jackson,DAL,8.5
2016,RB,Taiwan Jones,LV,8.5
2016,RB,Fitzgerald Toussaint,PIT,8.3
2016,RB,Terron Ward,ATL,7.8
2016,RB,Derek Watt,SD,7.5
2016,RB,Anthony Sherman,KC,6.3
2016,RB,Stepfan Taylor,ARI,5.5
2016,RB,Malcolm Brown,LAR,5
2016,RB,Damien Williams,MIA,4.5
2016,RB,Fozzy Whittaker,CAR,4.4
2016,RB,Daryl Richardson,PIT,2.9
2016,RB,Jay Prosch,HOU,2.6
2016,RB,De'Anthony Thomas,KC,2.1
2016,RB,Dwayne Washington,DET,1.4
2016,RB,Marcus Murphy,NO,1.4
2016,RB,Tre Mason,LAR,1.3
2016,WR,Antonio Brown,PIT,237.4
2016,WR,Julio Jones,ATL,222.9
2016,WR,Odell Beckham Jr.,NYG,210
2016,WR,DeAndre Hopkins,HOU,205.6
2016,WR,Allen Robinson,JAC,190.8
2016,WR,A.J. Green,CIN,188.6
2016,WR,Keenan Allen,SD,186
2016,WR,Dez Bryant,DAL,181.7
2016,WR,Brandon Marshall,NYJ,171.7
2016,WR,Mike Evans,TB,168.7
2016,WR,Jordy Nelson,GB,168.5
2016,WR,Alshon Jeffery,CHI,167.6
2016,WR,T.Y. Hilton,IND,166.8
2016,WR,Amari Cooper,LV,164.5
2016,WR,Brandin Cooks,NO,162.1
2016,WR,Sammy Watkins,BUF,162.1
2016,WR,Jarvis Landry,MIA,153.4
2016,WR,Michael Floyd,ARI,148.7
2016,WR,Demaryius Thomas,DEN,147.5
2016,WR,DeSean Jackson,WAS,146.7
2016,WR,Jeremy Maclin,KC,146.5
2016,WR,Golden Tate,DET,146.2
2016,WR,Larry Fitzgerald,ARI,143
2016,WR,Donte Moncrief,IND,143
2016,WR,Randall Cobb,GB,141.1
2016,WR,Eric Decker,NYJ,136.5
2016,WR,Doug Baldwin,SEA,133.5
2016,WR,Tavon Austin,LAR,132.7
2016,WR,Tyler Lockett,SEA,130.1
2016,WR,Allen Hurns,JAC,129.5
2016,WR,Michael Crabtree,LV,127.5
2016,WR,Julian Edelman,NE,120.3
2016,WR,Torrey Smith,SF,118.9
2016,WR,Willie Snead,NO,118.7
2016,WR,John Brown,ARI,116.6
2016,WR,Kelvin Benjamin,CAR,115.2
2016,WR,Kevin White,CHI,112.8
2016,WR,Jordan Matthews,PHI,111.7
2016,WR,Stefon Diggs,MIN,111.6
2016,WR,Emmanuel Sanders,DEN,109.6
2016,WR,Marvin Jones,DET,107.7
2016,WR,Corey Coleman,CLE,104.5
2016,WR,Rishard Matthews,TEN,101.8
2016,WR,DeVante Parker,MIA,101.6
2016,WR,Markus Wheaton,PIT,100.9
2016,WR,Sterling Shepard,NYG,100.1
2016,WR,Vincent Jackson,TB,95.5
2016,WR,Steve Smith,BAL,93.9
2016,WR,Mike Wallace,BAL,91.5
2016,WR,Mohamed Sanu,ATL,91.3
2016,WR,Phillip Dorsett,IND,87.5
2016,WR,Terrance Williams,DAL,85.3
2016,WR,Ted Ginn Jr.,CAR,83.5
2016,WR,Travis Benjamin,SD,81.5
2016,WR,Chris Hogan,NE,80.6
2016,WR,Josh Gordon,CLE,77.6
2016,WR,Nelson Agholor,PHI,76.5
2016,WR,Will Fuller,HOU,76.5
2016,WR,Kamar Aiken,BAL,75.6
2016,WR,Robert Woods,BUF,75.5
2016,WR,Kenny Britt,LAR,74.7
2016,WR,Pierre Garcon,WAS,74.6
2016,WR,Tajae Sharpe,TEN,74.6
2016,WR,Anquan Boldin,DET,70.7
2016,WR,Danny Amendola,NE,67.7
2016,WR,Jaelen Strong,HOU,67.5
2016,WR,Kenny Stills,MIA,66.5
2016,WR,Laquon Treadwell,MIN,65.8
2016,WR,Seth Roberts,LV,65.2
2016,WR,Tyler Boyd,CIN,64.5
2016,WR,Michael Thomas,NO,63.7
2016,WR,Eli Rogers,PIT,62.8
2016,WR,Jermaine Kearse,SEA,61.5
2016,WR,Cole Beasley,DAL,60.6
2016,WR,Devin Funchess,CAR,60.2
2016,WR,Quinton Patton,SF,57.6
2016,WR,Sammie Coates,PIT,56.1
2016,WR,Kendall Wright,TEN,55.6
2016,WR,Brandon LaFell,CIN,54.2
2016,WR,Chris Conley,KC,53.2
2016,WR,Josh Doctson,WAS,52.6
2016,WR,Dorial Green-Beckham,PHI,50.9
2016,WR,Eddie Royal,CHI,50.5
2016,WR,Davante Adams,GB,49.9
2016,WR,Terrelle Pryor,CLE,48.9
2016,WR,Quincy Enunwa,NYJ,48.5
2016,WR,Marqise Lee,JAC,47.5
2016,WR,Jamison Crowder,WAS,47.5
2016,WR,Charles Johnson,MIN,47.5
2016,WR,Bennie Fowler,DEN,46.3
2016,WR,Dwayne Harris,NYG,46.2
2016,WR,Andrew Hawkins,CLE,46
2016,WR,Breshad Perriman,BAL,45.9
2016,WR,Andre Holmes,LV,43.4
2016,WR,Justin Hardy,ATL,43.3
2016,WR,Adam Humphries,TB,43.3
2016,WR,Braxton Miller,HOU,40.4
2016,WR,Albert Wilson,KC,39.5
2016,WR,Brian Quick,LAR,38.5
2016,WR,Victor Cruz,NYG,37.6
2016,WR,Jeff Janis,GB,37.5
2016,WR,Leonte Carroo,MIA,36.7
2016,WR,Cody Latimer,DEN,34.9
2016,WR,Andre Johnson,TEN,34.6
2016,WR,Brandon Coleman,NO,33.1
2016,WR,Jarius Wright,MIN,32.6
2016,WR,Cordarrelle Patterson,MIN,32.6
2016,WR,Josh Bellamy,CHI,30.5
2016,WR,Darrius Heyward-Bey,PIT,29.5
2016,WR,J.J. Nelson,ARI,29.5
2016,WR,Rod Streater,SF,28.9
2016,WR,Dontrelle Inman,SD,28.6
2016,WR,Malcolm Mitchell,NE,28.1
2016,WR,Jeremy Kerley,SF,27.7
2016,WR,Quan Bray,IND,27.5
2016,WR,Josh Huff,PHI,27.4
2016,WR,Rashad Greene,JAC,27.3
2016,WR,Jaron Brown,ARI,23.7
2016,WR,Kolby Listenbee,BUF,23.5
2016,WR,Andre Roberts,DET,23.5
2016,WR,Devin Smith,NYJ,22.5
2016,WR,Stedman Bailey,LAR,22.2
2016,WR,Tyreek Hill,KC,21.6
2016,WR,Aldrick Robinson,ATL,21.5
2016,WR,Marquise Goodwin,BUF,20.8
2016,WR,Ty Montgomery,GB,20.6
2016,WR,Louis Murphy,TB,20.5
2016,WR,Pharoh Cooper,LAR,18.6
2016,WR,Marquess Wilson,CHI,17.6
2016,WR,Philly Brown,CAR,14.6
2016,WR,Brice Butler,DAL,14.1
2016,WR,Paul Richardson,SEA,11.6
2016,WR,Jordan Norwood,DEN,8.9
2016,WR,Taylor Gabriel,ATL,8.8
2016,WR,Marcus Easley,BUF,7.8
2016,WR,Kevin Norwood,CAR,7.8
2016,WR,Bryan Walters,JAC,7.7
2016,WR,Mike Thomas,LAR,7.7
2016,WR,Harry Douglas,TEN,7.2
2016,WR,Jared Abbrederis,GB,7.2
2016,WR,Corey Fuller,DET,5.5
2016,WR,Javontee Herndon,SD,5.5
2016,WR,Russell Shepard,TB,4.9
2016,WR,Jakeem Grant,MIA,4.6
2016,WR,Aaron Burbridge,SF,4.5
2016,WR,Ryan Grant,WAS,4.4
2016,WR,Demarcus Robinson,KC,3.7
2016,WR,Cody Core,CIN,2.9
2016,WR,Brenton Bersin,CAR,2.6
2016,TE,Rob Gronkowski,NE,178.1
2016,TE,Jordan Reed,WAS,142.8
2016,TE,Greg Olsen,CAR,132.4
2016,TE,Travis Kelce,KC,119.6
2016,TE,Delanie Walker,TEN,116.5
2016,TE,Antonio Gates,SD,114.7
2016,TE,Gary Barnidge,CLE,113.8
2016,TE,Coby Fleener,NO,113.5
2016,TE,Dwayne Allen,IND,103.7
2016,TE,Zach Ertz,PHI,101.1
2016,TE,Julius Thomas,JAC,99.7
2016,TE,Martellus Bennett,NE,99.6
2016,TE,Tyler Eifert,CIN,95.5
2016,TE,Jason Witten,DAL,94.1
2016,TE,Zach Miller,CHI,93.5
2016,TE,Eric Ebron,DET,90.9
2016,TE,Charles Clay,BUF,90.6
2016,TE,Jared Cook,GB,86.5
2016,TE,Will Tye,NYG,77.5
2016,TE,Jimmy Graham,SEA,77.2
2016,TE,Kyle Rudolph,MIN,76.2
2016,TE,Vance McDonald,SF,72.5
2016,TE,Clive Walford,LV,70.6
2016,TE,Jordan Cameron,MIA,69.5
2016,TE,Jesse James,PIT,66.8
2016,TE,Richard Rodgers,GB,62.5
2016,TE,Jacob Tamme,ATL,60.7
2016,TE,Virgil Green,DEN,60.6
2016,TE,Cameron Brate,TB,59.9
2016,TE,Crockett Gillmore,BAL,54.9
2016,TE,Luke Willson,SEA,46.5
2016,TE,Garrett Celek,SF,44.6
2016,TE,Hunter Henry,SD,44.5
2016,TE,Austin Seferian-Jenkins,TB,43.2
2016,TE,Darren Fells,ARI,40.7
2016,TE,Brent Celek,PHI,40.5
2016,TE,Ryan Griffin,HOU,38.7
2016,TE,Larry Donnell,NYG,37.6
2016,TE,Lance Kendricks,LAR,37.6
2016,TE,C.J. Fiedorowicz,HOU,34.6
2016,TE,Maxx Williams,BAL,34.4
2016,TE,Anthony Fasano,TEN,33.6
2016,TE,Josh Hill,NO,32.6
2016,TE,Jeff Heuerman,DEN,28.6
2016,TE,Tyler Kroft,CIN,27.6
2016,TE,Ladarius Green,PIT,27.5
2016,TE,Mychal Rivera,LV,27.5
2016,TE,Niles Paul,WAS,25.6
2016,TE,Marcedes Lewis,JAC,25.5
2016,TE,Gavin Escobar,DAL,24.9
2016,TE,Cole Wick,DET,21.5
2016,TE,Tyler Higbee,LAR,20.6
2016,TE,Demetrius Harris,KC,19.5
2016,TE,Kellen Davis,NYJ,19.5
2016,TE,Dennis Pitta,BAL,19.1
2016,TE,Jack Doyle,IND,18.1
2016,TE,Dion Sims,MIA,17.4
2016,TE,Ed Dickson,CAR,16.4
2016,TE,Austin Hooper,ATL,14.6
2016,TE,Blake Bell,SF,11.4
2016,TE,Brandon Bostick,NYJ,9.1
2016,TE,Vernon Davis,WAS,8.9
2016,TE,Logan Paulsen,CHI,7.8
2016,TE,Jerell Adams,NYG,7.7
2016,TE,Justin Perillo,GB,7.6
2016,TE,Levine Toilolo,ATL,7.5
2016,TE,Trey Burton,PHI,7.2
2016,TE,Troy Niklas,ARI,6.6
2016,TE,Ryan Hewitt,CIN,5.6
2016,TE,James O'Shaughnessy,KC,5.5
2016,TE,James Hanna,DAL,4.6
2016,TE,Nic Jacobs,JAC,4.6
2016,TE,Brandon Myers,TB,4.6
2016,TE,Brandon Pettigrew,DET,4.5
2016,TE,Sean McGrath,SD,4.4
2016,TE,Lee Smith,LV,2.7
2016,TE,MyCole Pruitt,MIN,2.6
2016,TE,Clay Harbor,NE,2.6
2016,TE,Derek Carrier,WAS,2.2
2016,TE,Rhett Ellison,MIN,1.4
2017,QB,Aaron Rodgers,GB,411.3
2017,QB,Tom Brady,NE,393
2017,QB,Drew Brees,NO,387.8
2017,QB,Jameis Winston,TB,368.4
2017,QB,Russell Wilson,SEA,362.8
2017,QB,Matt Ryan,ATL,355.7
2017,QB,Philip Rivers,LAC,344.2
2017,QB,Marcus Mariota,TEN,342.4
2017,QB,Matthew Stafford,DET,341.7
2017,QB,Andy Dalton,CIN,331.7
2017,QB,Ben Roethlisberger,PIT,330.9
2017,QB,Cam Newton,CAR,328.9
2017,QB,Dak Prescott,DAL,328
2017,QB,Kirk Cousins,WAS,327.7
2017,QB,Andrew Luck,IND,327.1
2017,QB,Derek Carr,LV,325.4
2017,QB,Eli Manning,NYG,324
2017,QB,Carson Palmer,ARI,316.6
2017,QB,Carson Wentz,PHI,316.3
2017,QB,Tyrod Taylor,BUF,316
2017,QB,Alex Smith,KC,308.6
2017,QB,Joe Flacco,BAL,304.8
2017,QB,Sam Bradford,MIN,282.6
2017,QB,Jay Cutler,MIA,266.3
2017,QB,Brian Hoyer,SF,245
2017,QB,Trevor Siemian,DEN,236.3
2017,QB,DeShone Kizer,CLE,221.4
2017,QB,Blake Bortles,JAC,218.9
2017,QB,Mike Glennon,CHI,204.7
2017,QB,Jared Goff,LAR,200.1
2017,QB,Josh McCown,NYJ,190
2017,QB,Deshaun Watson,HOU,159.8
2017,QB,Tom Savage,HOU,135.2
2017,QB,Chad Henne,JAC,95
2017,QB,Mitchell Trubisky,CHI,77.7
2017,QB,Sean Mannion,LAR,73.3
2017,QB,Paxton Lynch,DEN,71.9
2017,QB,Cody Kessler,CLE,67.7
2017,QB,Bryce Petty,NYJ,66.9
2017,QB,Scott Tolzien,IND,51.9
2017,QB,Matt Moore,MIA,46.7
2017,QB,C.J. Beathard,SF,31.3
2017,QB,Derek Anderson,CAR,27.4
2017,QB,Landry Jones,PIT,24.5
2017,QB,Drew Stanton,ARI,20.3
2017,QB,Nathan Peterman,BUF,20.3
2017,QB,Matt Cassel,TEN,18.9
2017,QB,Case Keenum,MIN,18
2017,QB,Patrick Mahomes,KC,17.2
2017,QB,Jimmy Garoppolo,NE,17
2017,QB,Christian Hackenberg,NYJ,16.7
2017,QB,Nick Foles,PHI,14.3
2017,QB,Brett Hundley,GB,12.2
2017,QB,Geno Smith,NYG,12.2
2017,QB,Ryan Fitzpatrick,TB,4.5
2017,QB,Chase Daniel,NO,4.4
2017,QB,Ryan Mallett,BAL,2.5
2017,QB,Matt Schaub,ATL,2.4
2017,QB,AJ McCarron,CIN,2.3
2017,RB,David Johnson,ARI,291
2017,RB,Le'Veon Bell,PIT,258.1
2017,RB,LeSean McCoy,BUF,211.1
2017,RB,Devonta Freeman,ATL,209.4
2017,RB,Jordan Howard,CHI,207.1
2017,RB,Melvin Gordon,LAC,203.3
2017,RB,Jay Ajayi,MIA,198.1
2017,RB,DeMarco Murray,TEN,191.7
2017,RB,Lamar Miller,HOU,183.5
2017,RB,Todd Gurley,LAR,183.2
2017,RB,Leonard Fournette,JAC,174.8
2017,RB,Dalvin Cook,MIN,173
2017,RB,Ty Montgomery,GB,164
2017,RB,Ezekiel Elliott,DAL,163.6
2017,RB,Mark Ingram,NO,161.8
2017,RB,Carlos Hyde,SF,161
2017,RB,Kareem Hunt,KC,159.2
2017,RB,Bilal Powell,NYJ,159.1
2017,RB,Marshawn Lynch,LV,158.6
2017,RB,Joe Mixon,CIN,147.2
2017,RB,Isaiah Crowell,CLE,146
2017,RB,Paul Perkins,NYG,145.7
2017,RB,Frank Gore,IND,144.6
2017,RB,C.J. Anderson,DEN,136.1
2017,RB,Christian McCaffrey,CAR,131.1
2017,RB,Jonathan Stewart,CAR,126.7
2017,RB,Tevin Coleman,ATL,126.3
2017,RB,Eddie Lacy,SEA,120.6
2017,RB,Doug Martin,TB,119.6
2017,RB,Ameer Abdullah,DET,119.1
2017,RB,Derrick Henry,TEN,118
2017,RB,Theo Riddick,DET,117.1
2017,RB,Rob Kelley,WAS,115.8
2017,RB,Mike Gillislee,NE,112.8
2017,RB,Terrance West,BAL,112.3
2017,RB,Rex Burkhead,NE,108.4
2017,RB,LeGarrette Blount,PHI,107.9
2017,RB,Adrian Peterson,NO,105.2
2017,RB,Matt Forte,NYJ,105.1
2017,RB,Duke Johnson,CLE,104.7
2017,RB,Darren Sproles,PHI,101.7
2017,RB,Danny Woodhead,BAL,94.1
2017,RB,James White,NE,93.6
2017,RB,Darren McFadden,DAL,91.2
2017,RB,Chris Thompson,WAS,89.2
2017,RB,Giovani Bernard,CIN,85.2
2017,RB,Shane Vereen,NYG,85.1
2017,RB,DeAndre Washington,LV,83.1
2017,RB,Thomas Rawls,SEA,82.8
2017,RB,Jeremy Hill,CIN,75.2
2017,RB,Dion Lewis,NE,75.1
2017,RB,Matt Breida,SF,73.4
2017,RB,Charles Sims,TB,70.8
2017,RB,Samaje Perine,WAS,70.2
2017,RB,Jamaal Williams,GB,70.1
2017,RB,Jacquizz Rodgers,TB,69.6
2017,RB,Jalen Richard,LV,68.1
2017,RB,D'Onta Foreman,HOU,66.7
2017,RB,Jamaal Charles,DEN,66.2
2017,RB,Marlon Mack,IND,65.1
2017,RB,Robert Turbin,IND,64.2
2017,RB,C.J. Prosise,SEA,63
2017,RB,Zach Zenner,DET,61.1
2017,RB,Latavius Murray,MIN,60.2
2017,RB,Wendell Smallwood,PHI,58.4
2017,RB,T.J. Yeldon,JAC,58.1
2017,RB,Charcandrick West,KC,58.1
2017,RB,Jerick McKinnon,MIN,57.8
2017,RB,Andre Ellington,ARI,52
2017,RB,Tarik Cohen,CHI,51.8
2017,RB,Alvin Kamara,NO,49.2
2017,RB,Devontae Booker,DEN,48.7
2017,RB,James Conner,PIT,48.2
2017,RB,Chris Ivory,JAC,46.6
2017,RB,Kerwynn Williams,ARI,46.4
2017,RB,Damien Williams,MIA,45.3
2017,RB,Kyle Juszczyk,SF,42.2
2017,RB,Branden Oliver,LAC,40.9
2017,RB,Elijah McGuire,NYJ,39.4
2017,RB,Lance Dunbar,LAR,37.3
2017,RB,Benny Cunningham,CHI,34.1
2017,RB,Alfred Blue,HOU,33
2017,RB,Javorius Allen,BAL,33
2017,RB,Alfred Morris,DAL,30.3
2017,RB,Donnel Pumphrey,PHI,30.1
2017,RB,Malcolm Brown,LAR,29.4
2017,RB,Chris Carson,SEA,28.2
2017,RB,Orleans Darkwa,NYG,28.1
2017,RB,Mike Tolbert,BUF,27.9
2017,RB,C.J. Spiller,KC,26.9
2017,RB,Brian Hill,ATL,24.8
2017,RB,Dwayne Washington,DET,21.2
2017,RB,John Kuhn,NO,20.9
2017,RB,Wayne Gallman,NYG,20
2017,RB,Kenyan Drake,MIA,17.8
2017,RB,Matt Jones,IND,16.9
2017,RB,Terron Ward,ATL,16.1
2017,RB,Fozzy Whittaker,CAR,15.8
2017,RB,Aaron Ripkowski,GB,14.9
2017,RB,Jamize Olawale,LV,11.4
2017,RB,Aaron Jones,GB,10.1
2017,RB,Jalston Fowler,TEN,9.5
2017,RB,Cameron Artis-Payne,CAR,9.1
2017,RB,De'Angelo Henderson,DEN,7.7
2017,RB,Patrick DiMarco,BUF,7.1
2017,RB,Andy Janovich,DEN,5.8
2017,RB,Tyler Ervin,HOU,3.7
2017,RB,T.J. Logan,ARI,1.8
2017,WR,Antonio Brown,PIT,205.9
2017,WR,Odell Beckham Jr.,NYG,204.2
2017,WR,Julio Jones,ATL,202.7
2017,WR,Mike Evans,TB,190.2
2017,WR,Jordy Nelson,GB,188.5
2017,WR,Michael Thomas,NO,174.5
2017,WR,A.J. Green,CIN,166.8
2017,WR,T.Y. Hilton,IND,158.5
2017,WR,Doug Baldwin,SEA,158.2
2017,WR,Brandin Cooks,NE,155
2017,WR,Dez Bryant,DAL,154.7
2017,WR,Amari Cooper,LV,154.2
2017,WR,Demaryius Thomas,DEN,153.5
2017,WR,Allen Robinson,JAC,150.6
2017,WR,Tyreek Hill,KC,147.5
2017,WR,Michael Crabtree,LV,146.5
2017,WR,DeAndre Hopkins,HOU,143.5
2017,WR,Larry Fitzgerald,ARI,141.2
2017,WR,Kelvin Benjamin,CAR,140.5
2017,WR,Pierre Garcon,SF,138
2017,WR,Golden Tate,DET,136.7
2017,WR,Stefon Diggs,MIN,134.5
2017,WR,Keenan Allen,LAC,133.6
2017,WR,Emmanuel Sanders,DEN,132.6
2017,WR,Jamison Crowder,WAS,129.3
2017,WR,Sammy Watkins,LAR,129.2
2017,WR,Alshon Jeffery,PHI,127.9
2017,WR,Jarvis Landry,MIA,125.7
2017,WR,Tyrell Williams,LAC,124.6
2017,WR,Davante Adams,GB,124.4
2017,WR,DeVante Parker,MIA,122.4
2017,WR,Kenny Britt,CLE,121.6
2017,WR,Mike Wallace,BAL,121.1
2017,WR,Martavis Bryant,PIT,120.4
2017,WR,Adam Thielen,MIN,119.7
2017,WR,Rishard Matthews,TEN,119.6
2017,WR,Terrelle Pryor,WAS,117.5
2017,WR,Randall Cobb,GB,117
2017,WR,DeSean Jackson,TB,112.5
2017,WR,Brandon Marshall,NYG,111.5
2017,WR,Willie Snead,NO,110.6
2017,WR,Jeremy Maclin,BAL,108.4
2017,WR,Kenny Stills,MIA,108
2017,WR,Jordan Matthews,BUF,107.7
2017,WR,Chris Hogan,NE,107.5
2017,WR,Robbie Chosen,NYJ,104.6
2017,WR,Marvin Jones,DET,103.5
2017,WR,Kevin White,CHI,103.5
2017,WR,Cole Beasley,DAL,101.6
2017,WR,Eric Decker,TEN,101.4
2017,WR,Donte Moncrief,IND,100.5
2017,WR,John Brown,ARI,98.2
2017,WR,Ted Ginn Jr.,NO,97.5
2017,WR,Tyler Lockett,SEA,91.6
2017,WR,Corey Coleman,CLE,91.5
2017,WR,Allen Hurns,JAC,91.5
2017,WR,Zay Jones,BUF,82.9
2017,WR,Corey Davis,TEN,82.8
2017,WR,Mohamed Sanu,ATL,82.5
2017,WR,Sterling Shepard,NYG,82.2
2017,WR,J.J. Nelson,ARI,79.4
2017,WR,Chris Conley,KC,78.5
2017,WR,Marquise Goodwin,SF,77.5
2017,WR,Taylor Gabriel,ATL,75.5
2017,WR,Devin Funchess,CAR,74.6
2017,WR,Breshad Perriman,BAL,72.5
2017,WR,Robert Woods,LAR,72.2
2017,WR,Torrey Smith,PHI,70.5
2017,WR,Kendall Wright,CHI,69.6
2017,WR,Tavon Austin,LAR,69.3
2017,WR,Eli Rogers,PIT,66.2
2017,WR,Kenny Golladay,DET,65.7
2017,WR,Cooper Kupp,LAR,64.6
2017,WR,Brandon LaFell,CIN,63.4
2017,WR,Danny Amendola,NE,62.5
2017,WR,ArDarius Stewart,NYJ,60.2
2017,WR,Seth Roberts,LV,59.4
2017,WR,Marqise Lee,JAC,59.4
2017,WR,Chester Rogers,IND,58.6
2017,WR,Travis Benjamin,LAC,58.3
2017,WR,Nelson Agholor,PHI,56.5
2017,WR,Paul Richardson,SEA,55.6
2017,WR,Tyler Boyd,CIN,53.1
2017,WR,John Ross,CIN,52.1
2017,WR,Jaelen Strong,HOU,50.9
2017,WR,Terrance Williams,DAL,50.2
2017,WR,Braxton Miller,HOU,49.5
2017,WR,Aldrick Robinson,SF,49.3
2017,WR,Deonte Thompson,CHI,48.3
2017,WR,Jermaine Kearse,NYJ,47.6
2017,WR,Will Fuller,HOU,46.5
2017,WR,Chris Godwin,TB,46.5
2017,WR,Josh Doctson,WAS,46.4
2017,WR,Laquon Treadwell,MIN,44.1
2017,WR,Kamar Aiken,IND,41.6
2017,WR,Brice Butler,DAL,40.9
2017,WR,Brandon Coleman,NO,40.9
2017,WR,Curtis Samuel,CAR,40.6
2017,WR,Geronimo Allison,GB,36.5
2017,WR,Taywan Taylor,TEN,35.3
2017,WR,Bennie Fowler,DEN,34.8
2017,WR,Demarcus Robinson,KC,34.5
2017,WR,Andre Holmes,BUF,34.4
2017,WR,Adam Humphries,TB,33.5
2017,WR,Cody Latimer,DEN,32.5
2017,WR,Sammie Coates,CLE,31.5
2017,WR,Jordan Taylor,DEN,30.5
2017,WR,Charone Peake,NYJ,30.5
2017,WR,JuJu Smith-Schuster,PIT,30.4
2017,WR,Kenny Bell,BAL,30.2
2017,WR,Albert Wilson,KC,28.5
2017,WR,Markus Wheaton,CHI,27.5
2017,WR,Dontrelle Inman,LAC,26.5
2017,WR,Jaron Brown,ARI,25.5
2017,WR,Jarius Wright,MIN,24.6
2017,WR,Mike Williams,LAC,24.5
2017,WR,Michael Campanaro,BAL,24.5
2017,WR,Russell Shepard,CAR,24.2
2017,WR,Andre Roberts,ATL,22.6
2017,WR,Dede Westbrook,JAC,21.6
2017,WR,Trent Taylor,SF,21.6
2017,WR,Michael Floyd,MIN,20.5
2017,WR,T.J. Jones,DET,19.3
2017,WR,Phillip Dorsett,NE,19
2017,WR,Brian Quick,WAS,18.7
2017,WR,Darrius Heyward-Bey,PIT,18.5
2017,WR,Justin Hardy,ATL,18.1
2017,WR,Corey Fuller,NO,17.8
2017,WR,Malcolm Mitchell,NE,17.7
2017,WR,Chad Williams,ARI,17.4
2017,WR,Leonte Carroo,MIA,17.2
2017,WR,Cordarrelle Patterson,LV,17.1
2017,WR,Pharoh Cooper,LAR,13.5
2017,WR,Jalin Marshall,NYJ,13.5
2017,WR,Ricardo Louis,CLE,9.5
2017,WR,Carlos Henderson,DEN,8.9
2017,WR,Jeff Janis,GB,8.5
2017,WR,Dwayne Harris,NYG,8.2
2017,WR,Jehu Chesson,KC,7.7
2017,WR,Justin Hunter,PIT,7.7
2017,WR,Ryan Switzer,DAL,6.7
2017,WR,Josh Reynolds,LAR,5.4
2017,WR,Josh Bellamy,CHI,4.5
2017,WR,Amara Darboh,SEA,2.6
2017,WR,Josh Gordon,CLE,1
2017,TE,Rob Gronkowski,NE,161.8
2017,TE,Travis Kelce,KC,143.5
2017,TE,Greg Olsen,CAR,134.5
2017,TE,Jimmy Graham,SEA,129.5
2017,TE,Jordan Reed,WAS,125.5
2017,TE,Tyler Eifert,CIN,112.5
2017,TE,Martellus Bennett,GB,110.5
2017,TE,Hunter Henry,LAC,110.5
2017,TE,Zach Ertz,PHI,108.5
2017,TE,Kyle Rudolph,MIN,106.6
2017,TE,Delanie Walker,TEN,105.5
2017,TE,Coby Fleener,NO,95.5
2017,TE,Jason Witten,DAL,92.5
2017,TE,Eric Ebron,DET,92.4
2017,TE,Jack Doyle,IND,91.3
2017,TE,Austin Hooper,ATL,84.6
2017,TE,Charles Clay,BUF,84.5
2017,TE,Julius Thomas,MIA,82.5
2017,TE,David Njoku,CLE,81
2017,TE,Evan Engram,NYG,80.5
2017,TE,Antonio Gates,LAC,78.5
2017,TE,Cameron Brate,TB,78.5
2017,TE,Erik Swoope,IND,75.6
2017,TE,C.J. Fiedorowicz,HOU,75.2
2017,TE,Jared Cook,LV,74.5
2017,TE,Jermaine Gresham,ARI,70.6
2017,TE,Dwayne Allen,NE,65.2
2017,TE,Zach Miller,CHI,62
2017,TE,O.J. Howard,TB,52.6
2017,TE,Vernon Davis,WAS,51.3
2017,TE,Austin Seferian-Jenkins,NYJ,50.5
2017,TE,Trey Burton,PHI,49.4
2017,TE,Tyler Higbee,LAR,48.5
2017,TE,Virgil Green,DEN,46.5
2017,TE,Gerald Everett,LAR,45.3
2017,TE,Ben Koyack,JAC,43.6
2017,TE,Ben Watson,BAL,43.5
2017,TE,Jesse James,PIT,41.9
2017,TE,Garrett Celek,SF,40.8
2017,TE,Vance McDonald,PIT,37.6
2017,TE,George Kittle,SF,35.6
2017,TE,Jonnu Smith,TEN,35.3
2017,TE,Jordan Leggett,NYJ,33.5
2017,TE,Xavier Grimble,PIT,32
2017,TE,Seth Devalve,CLE,32
2017,TE,Ryan Griffin,HOU,31.6
2017,TE,Marcedes Lewis,JAC,30.6
2017,TE,Stephen Anderson,HOU,28.3
2017,TE,Maxx Williams,BAL,27.9
2017,TE,Josh Hill,NO,27.6
2017,TE,Richard Rodgers,GB,25.2
2017,TE,Levine Toilolo,ATL,24.8
2017,TE,Michael Roberts,DET,24.5
2017,TE,Clive Walford,LV,24.5
2017,TE,Nick Vannett,SEA,24.2
2017,TE,Dion Sims,CHI,23.5
2017,TE,Nick O'Leary,BUF,22.5
2017,TE,Troy Niklas,ARI,21.2
2017,TE,Rhett Ellison,NYG,20.2
2017,TE,Ross Travis,KC,20
2017,TE,MarQueis Gray,MIA,19.6
2017,TE,Adam Shaheen,CHI,19.4
2017,TE,Will Tye,NYJ,18.5
2017,TE,Jeff Heuerman,DEN,17.9
2017,TE,Ed Dickson,CAR,17.5
2017,TE,A.J. Derby,DEN,15.5
2017,TE,Lance Kendricks,GB,13.7
2017,TE,Tyler Kroft,CIN,13.5
2017,TE,Luke Willson,SEA,11.4
2017,TE,Brent Celek,PHI,11.1
2017,TE,C.J. Uzomah,CIN,7.7
2017,TE,Bucky Hodges,MIN,7.2
2017,TE,James Hanna,DAL,6.4
2017,TE,Eric Saubert,ATL,3.6
2018,QB,Patrick Mahomes,KC,415.5
2018,QB,Andrew Luck,IND,388
2018,QB,Deshaun Watson,HOU,378
2018,QB,Aaron Rodgers,GB,377.2
2018,QB,Matt Ryan,ATL,362.9
2018,QB,Ben Roethlisberger,PIT,360.5
2018,QB,Jared Goff,LAR,352.1
2018,QB,Drew Brees,NO,352
2018,QB,Tom Brady,NE,351.2
2018,QB,Kirk Cousins,MIN,350.8
2018,QB,Jameis Winston,TB,350
2018,QB,Baker Mayfield,CLE,346.7
2018,QB,Russell Wilson,SEA,346.5
2018,QB,Dak Prescott,DAL,346.2
2018,QB,Philip Rivers,LAC,342.3
2018,QB,Mitchell Trubisky,CHI,342.3
2018,QB,Cam Newton,CAR,339.5
2018,QB,Lamar Jackson,BAL,326.6
2018,QB,Carson Wentz,PHI,326.3
2018,QB,Josh Allen,BUF,325.5
2018,QB,Matthew Stafford,DET,317.3
2018,QB,Derek Carr,LV,313.6
2018,QB,Alex Smith,WAS,303.9
2018,QB,Eli Manning,NYG,303.6
2018,QB,Andy Dalton,CIN,297.8
2018,QB,Marcus Mariota,TEN,283.8
2018,QB,Sam Darnold,NYJ,281.5
2018,QB,Nick Foles,JAC,277.5
2018,QB,Joe Flacco,DEN,275.5
2018,QB,Jimmy Garoppolo,SF,262.7
2018,QB,Ryan Fitzpatrick,MIA,198.7
2018,QB,Sam Bradford,ARI,190.4
2018,QB,Nathan Peterman,BUF,128.9
2018,QB,Josh Rosen,MIA,88.6
2018,QB,Josh McCown,NYJ,83.1
2018,QB,C.J. Beathard,SF,70.4
2018,QB,Case Keenum,WAS,60.4
2018,QB,Brandon Weeden,HOU,40.5
2018,QB,Ryan Tannehill,TEN,35.6
2018,QB,Chase Daniel,CHI,26.3
2018,QB,Colt McCoy,WAS,24.9
2018,QB,Jeff Driskel,CIN,21.7
2018,QB,Blaine Gabbert,TB,20.8
2018,QB,Mason Rudolph,PIT,19.5
2018,QB,Trevor Siemian,NYJ,16.7
2018,QB,Taylor Heinicke,CAR,16
2018,QB,Brock Osweiler,MIA,15.5
2018,QB,Blake Bortles,LAR,12.7
2018,QB,AJ McCarron,HOU,11.7
2018,QB,Kyle Lauletta,NYG,7.9
2018,QB,Cooper Rush,DAL,7.8
2018,QB,Brett Hundley,ARI,7.3
2018,QB,Sean Mannion,LAR,7.1
2018,QB,DeShone Kizer,GB,6.1
2018,QB,Chad Henne,KC,5.5
2018,QB,Jacoby Brissett,IND,3.3
2018,QB,Cody Kessler,JAC,3.3
2018,QB,Geno Smith,LAC,3.3
2018,QB,Tyrod Taylor,LAC,2.8
2018,QB,Chad Kelly,DEN,1.8
2018,QB,Matt Schaub,ATL,1.3
2018,QB,Brian Hoyer,NE,0.8
2018,RB,Todd Gurley,LAR,283.2
2018,RB,David Johnson,ARI,278.2
2018,RB,Le'Veon Bell,PIT,252.1
2018,RB,Ezekiel Elliott,DAL,251.5
2018,RB,Alvin Kamara,NO,218.3
2018,RB,Melvin Gordon,LAC,214.4
2018,RB,Kareem Hunt,KC,211.2
2018,RB,Leonard Fournette,JAC,210.3
2018,RB,Saquon Barkley,NYG,202.9
2018,RB,Dalvin Cook,MIN,200.9
2018,RB,Joe Mixon,CIN,193.3
2018,RB,Devonta Freeman,ATL,190.2
2018,RB,Christian McCaffrey,CAR,186.4
2018,RB,Jordan Howard,CHI,176.3
2018,RB,Alex Collins,BAL,172.8
2018,RB,Jay Ajayi,PHI,163.8
2018,RB,Lamar Miller,HOU,156.9
2018,RB,Derrick Henry,TEN,149.6
2018,RB,Rex Burkhead,NE,141.3
2018,RB,Marshawn Lynch,LV,137
2018,RB,LeSean McCoy,BUF,133.6
2018,RB,Royce Freeman,DEN,133
2018,RB,Dion Lewis,TEN,132
2018,RB,Tevin Coleman,ATL,130.8
2018,RB,Kenyan Drake,MIA,130
2018,RB,Marlon Mack,IND,129.1
2018,RB,Peyton Barber,TB,127.7
2018,RB,Mark Ingram,NO,125.2
2018,RB,Isaiah Crowell,NYJ,125.1
2018,RB,Devontae Booker,DEN,119.2
2018,RB,Duke Johnson,CLE,114.6
2018,RB,Alfred Morris,SF,113.6
2018,RB,Carlos Hyde,CLE,113.3
2018,RB,Bilal Powell,NYJ,112.1
2018,RB,Chris Thompson,WAS,111.7
2018,RB,Kerryon Johnson,DET,110.9
2018,RB,Jamaal Williams,GB,110.4
2018,RB,Chris Ivory,BUF,106
2018,RB,Matt Breida,SF,104.4
2018,RB,Chris Carson,SEA,104
2018,RB,Javorius Allen,BAL,99.8
2018,RB,Giovani Bernard,CIN,99.5
2018,RB,Frank Gore,MIA,98.7
2018,RB,James White,NE,98.7
2018,RB,Latavius Murray,MIN,94.7
2018,RB,Sony Michel,NE,90
2018,RB,Tarik Cohen,CHI,89.8
2018,RB,Ty Montgomery,GB,87.2
2018,RB,Corey Clement,PHI,85.7
2018,RB,Doug Martin,LV,85.1
2018,RB,Theo Riddick,DET,84.1
2018,RB,Rashaad Penny,SEA,83.6
2018,RB,Adrian Peterson,WAS,81.7
2018,RB,Austin Ekeler,LAC,78
2018,RB,Nick Chubb,CLE,75.6
2018,RB,Wayne Gallman,NYG,75
2018,RB,Ronald Jones,TB,73.1
2018,RB,Samaje Perine,WAS,72.9
2018,RB,T.J. Yeldon,JAC,72
2018,RB,C.J. Anderson,CAR,71.5
2018,RB,Corey Grant,JAC,65.6
2018,RB,Rod Smith,DAL,65.3
2018,RB,D'Onta Foreman,HOU,65.2
2018,RB,Darren Sproles,PHI,61.4
2018,RB,LeGarrette Blount,DET,59.8
2018,RB,Aaron Jones,GB,56.9
2018,RB,Nyheim Hines,IND,54.2
2018,RB,Jalen Richard,LV,52.1
2018,RB,Jordan Wilkins,IND,50.9
2018,RB,Spencer Ware,KC,48.1
2018,RB,Chase Edmonds,ARI,46.1
2018,RB,Malcolm Brown,LAR,44.4
2018,RB,Jonathan Stewart,NYG,42.7
2018,RB,Kyle Juszczyk,SF,35.2
2018,RB,Kenneth Dixon,BAL,32.7
2018,RB,Mike Gillislee,NO,32.4
2018,RB,Rob Kelley,WAS,32.2
2018,RB,Robert Turbin,IND,31.7
2018,RB,Alfred Blue,HOU,31
2018,RB,Jeremy Hill,NE,29.6
2018,RB,Mike Davis,SEA,29
2018,RB,Jacquizz Rodgers,TB,28.9
2018,RB,James Conner,PIT,27.7
2018,RB,Elijah McGuire,NYJ,22
2018,RB,Damien Williams,KC,20.9
2018,RB,Cameron Artis-Payne,CAR,20.4
2018,RB,John Kelly,LAR,20
2018,RB,Kalen Ballage,MIA,19.3
2018,RB,Mark Walton,CIN,17.1
2018,RB,Ito Smith,ATL,17.1
2018,RB,J.D. McKissic,SEA,16.7
2018,RB,Boston Scott,NO,16.7
2018,RB,Jaylen Samuels,PIT,14.6
2018,RB,Alex Armah,CAR,14
2018,RB,Marcus Murphy,BUF,11.7
2018,RB,Stevan Ridley,PIT,8.7
2018,RB,Wendell Smallwood,PHI,8
2018,RB,Anthony Sherman,KC,7.7
2018,RB,T.J. Logan,ARI,7.7
2018,RB,David Fluellen,TEN,7.1
2018,RB,DeAndre Washington,LV,6
2018,RB,Paul Perkins,NYG,5.7
2018,RB,C.J. Prosise,SEA,5.3
2018,RB,Derek Watt,LAC,4.6
2018,RB,Nick Bawden,DET,4.1
2018,RB,Tyler Ervin,HOU,3.9
2018,RB,Trey Edmunds,NO,3.6
2018,RB,Senorise Perry,MIA,2.8
2018,RB,Ameer Abdullah,DET,1.5
2018,RB,C.J. Ham,MIN,1.1
2018,WR,Antonio Brown,PIT,196.6
2018,WR,DeAndre Hopkins,HOU,192.6
2018,WR,Julio Jones,ATL,187.7
2018,WR,Odell Beckham Jr.,NYG,183.1
2018,WR,Davante Adams,GB,166.6
2018,WR,Michael Thomas,NO,160.8
2018,WR,Tyreek Hill,KC,158
2018,WR,A.J. Green,CIN,157.6
2018,WR,Keenan Allen,LAC,156.6
2018,WR,Mike Evans,TB,150.2
2018,WR,Amari Cooper,LV,148.6
2018,WR,Doug Baldwin,SEA,146.6
2018,WR,Stefon Diggs,MIN,141.6
2018,WR,Allen Robinson,CHI,138.8
2018,WR,T.Y. Hilton,IND,138.5
2018,WR,Demaryius Thomas,DEN,136.7
2018,WR,JuJu Smith-Schuster,PIT,136.5
2018,WR,Golden Tate,DET,136.4
2018,WR,Larry Fitzgerald,ARI,134.9
2018,WR,Marquise Goodwin,SF,128.1
2018,WR,Chris Hogan,NE,126.5
2018,WR,Adam Thielen,MIN,124.5
2018,WR,Robbie Chosen,NYJ,124.3
2018,WR,Michael Crabtree,BAL,123.8
2018,WR,Brandin Cooks,LAR,123.8
2018,WR,Devin Funchess,CAR,122.5
2018,WR,Marvin Jones,DET,121.5
2018,WR,Emmanuel Sanders,DEN,114.5
2018,WR,Kenny Stills,MIA,114.5
2018,WR,Jarvis Landry,CLE,114.5
2018,WR,Randall Cobb,GB,111.2
2018,WR,Josh Gordon,CLE,110.5
2018,WR,Cooper Kupp,LAR,110.2
2018,WR,Keelan Cole,JAC,110.2
2018,WR,Pierre Garcon,SF,109.7
2018,WR,Corey Davis,TEN,107.1
2018,WR,Robert Woods,LAR,107
2018,WR,Sammy Watkins,KC,106.4
2018,WR,Jamison Crowder,WAS,105.3
2018,WR,Alshon Jeffery,PHI,103.1
2018,WR,Nelson Agholor,PHI,102.5
2018,WR,Tyrell Williams,LAC,100.5
2018,WR,Dede Westbrook,JAC,100.5
2018,WR,Tyler Lockett,SEA,99.7
2018,WR,Jordy Nelson,LV,99
2018,WR,DeSean Jackson,TB,97.2
2018,WR,Julian Edelman,NE,96.8
2018,WR,Danny Amendola,MIA,93.9
2018,WR,Will Fuller,HOU,93.6
2018,WR,Allen Hurns,DAL,92.8
2018,WR,DeVante Parker,MIA,91.7
2018,WR,Mohamed Sanu,ATL,91.7
2018,WR,Josh Doctson,WAS,91.5
2018,WR,Ted Ginn Jr.,NO,90
2018,WR,Kelvin Benjamin,BUF,89.5
2018,WR,Kenny Golladay,DET,86.2
2018,WR,Sterling Shepard,NYG,85.8
2018,WR,John Ross,CIN,85.3
2018,WR,Mike Williams,LAC,83.3
2018,WR,Cameron Meredith,NO,75.5
2018,WR,Jermaine Kearse,NYJ,73.5
2018,WR,Geronimo Allison,GB,72.5
2018,WR,Chris Godwin,TB,69.7
2018,WR,John Brown,BAL,69.3
2018,WR,Brandon Marshall,SEA,67.6
2018,WR,Donte Moncrief,JAC,67.5
2018,WR,Calvin Ridley,ATL,66.5
2018,WR,Terrance Williams,DAL,65.5
2018,WR,Courtland Sutton,DEN,63.6
2018,WR,Quincy Enunwa,NYJ,63.6
2018,WR,Rishard Matthews,TEN,63.5
2018,WR,Travis Benjamin,LAC,62.6
2018,WR,Mike Wallace,PHI,62.5
2018,WR,Anthony Miller,CHI,62.1
2018,WR,Zay Jones,BUF,61.5
2018,WR,Michael Gallup,DAL,61.4
2018,WR,Ryan Grant,IND,61.3
2018,WR,James Washington,PIT,60.2
2018,WR,J.J. Nelson,ARI,55.7
2018,WR,Willie Snead,BAL,55.5
2018,WR,Christian Kirk,ARI,55.5
2018,WR,Torrey Smith,CAR,55.3
2018,WR,Seth Roberts,LV,54.9
2018,WR,Trent Taylor,SF,53.9
2018,WR,Taywan Taylor,TEN,53.9
2018,WR,Laquon Treadwell,MIN,53.5
2018,WR,Paul Richardson,WAS,52.5
2018,WR,Cole Beasley,DAL,50.9
2018,WR,Jeremy Kerley,BUF,50.8
2018,WR,Chester Rogers,IND,50.5
2018,WR,Chad Williams,ARI,50.5
2018,WR,Albert Wilson,MIA,47.6
2018,WR,Bruce Ellington,HOU,47.6
2018,WR,Adam Humphries,TB,47.5
2018,WR,Taylor Gabriel,CHI,46.6
2018,WR,Tavon Austin,DAL,45.9
2018,WR,D.J. Moore,CAR,44.5
2018,WR,Terrelle Pryor,NYJ,42.6
2018,WR,Jaron Brown,SEA,42.4
2018,WR,Tre'Quan Smith,NO,41.9
2018,WR,Cody Latimer,NYG,40.9
2018,WR,Tyler Boyd,CIN,40.5
2018,WR,Phillip Dorsett,NE,40.5
2018,WR,Antonio Callaway,CLE,40.5
2018,WR,Cordarrelle Patterson,NE,38
2018,WR,T.J. Jones,DET,37.6
2018,WR,Dante Pettis,SF,34.5
2018,WR,Demarcus Robinson,KC,28.5
2018,WR,D.J. Chark,JAC,26.4
2018,WR,Mack Hollins,PHI,24.9
2018,WR,Josh Bellamy,CHI,24.7
2018,WR,Jakeem Grant,MIA,24.5
2018,WR,Tajae Sharpe,TEN,24.2
2018,WR,Keke Coutee,HOU,24.2
2018,WR,Chris Moore,BAL,24.2
2018,WR,DaeSean Hamilton,DEN,22.7
2018,WR,Andre Holmes,BUF,21.5
2018,WR,Rashard Higgins,CLE,21.5
2018,WR,J'Mon Moore,GB,19.6
2018,WR,Justin Hardy,ATL,18.5
2018,WR,Josh Reynolds,LAR,17.3
2018,WR,Jarius Wright,CAR,16
2018,WR,Damiere Byrd,CAR,12.1
2018,WR,Darrius Heyward-Bey,PIT,11.9
2018,WR,Alex Erickson,CIN,11.4
2018,WR,Kevin White,CHI,11.4
2018,WR,Chris Conley,KC,10.3
2018,WR,ArDarius Stewart,NYJ,8.8
2018,WR,Johnny Holton,LV,8
2018,WR,Equanimeous St. Brown,GB,7.6
2018,WR,Curtis Samuel,CAR,7.6
2018,WR,De'Anthony Thomas,KC,6.5
2018,WR,Pharoh Cooper,LAR,5.6
2018,WR,Justin Watson,TB,3.9
2018,WR,Trey Quinn,WAS,2.9
2018,TE,Rob Gronkowski,NE,168
2018,TE,Travis Kelce,KC,147.6
2018,TE,Zach Ertz,PHI,120.5
2018,TE,Evan Engram,NYG,101.6
2018,TE,Delanie Walker,TEN,101.3
2018,TE,Jimmy Graham,GB,93.6
2018,TE,Kyle Rudolph,MIN,90.9
2018,TE,Trey Burton,CHI,90.5
2018,TE,Greg Olsen,CAR,89.6
2018,TE,Jack Doyle,IND,84.5
2018,TE,David Njoku,CLE,82.5
2018,TE,George Kittle,SF,81.3
2018,TE,Vance McDonald,PIT,79.6
2018,TE,Charles Clay,BUF,78.5
2018,TE,Jared Cook,LV,78.5
2018,TE,Eric Ebron,IND,75.5
2018,TE,Cameron Brate,TB,74.6
2018,TE,Austin Hooper,ATL,74.5
2018,TE,Jordan Reed,WAS,73
2018,TE,O.J. Howard,TB,72.5
2018,TE,Ricky Seals-Jones,ARI,69.6
2018,TE,Tyler Eifert,CIN,69.5
2018,TE,Antonio Gates,LAC,65.6
2018,TE,Nick Vannett,SEA,63.4
2018,TE,Vernon Davis,WAS,60.9
2018,TE,Mike Gesicki,MIA,60.7
2018,TE,Ben Watson,NO,59.7
2018,TE,Austin Seferian-Jenkins,JAC,57.1
2018,TE,Jake Butt,DEN,53.6
2018,TE,Garrett Celek,SF,48.6
2018,TE,Hayden Hurst,BAL,45.5
2018,TE,Luke Willson,DET,44.6
2018,TE,Nick Boyle,BAL,44.5
2018,TE,Tyler Higbee,LAR,43.5
2018,TE,Dallas Goedert,PHI,42.5
2018,TE,Blake Jarwin,DAL,42
2018,TE,Marcedes Lewis,GB,41.5
2018,TE,Ryan Griffin,HOU,40.6
2018,TE,Chris Herndon,NYJ,40.5
2018,TE,Tyler Kroft,CIN,37.6
2018,TE,Jonnu Smith,TEN,36.8
2018,TE,Gerald Everett,LAR,34.5
2018,TE,Levine Toilolo,DET,30.5
2018,TE,Jordan Akins,HOU,30.5
2018,TE,Logan Thomas,BUF,30.5
2018,TE,Jesse James,PIT,29.5
2018,TE,Virgil Green,LAC,28.5
2018,TE,Jermaine Gresham,ARI,27.5
2018,TE,Adam Shaheen,CHI,26.5
2018,TE,Jordan Leggett,NYJ,24.9
2018,TE,Jeff Heuerman,DEN,24.8
2018,TE,Dwayne Allen,NE,24.5
2018,TE,Demetrius Harris,KC,24.2
2018,TE,Josh Hill,NO,24.2
2018,TE,Seth Devalve,CLE,21.6
2018,TE,Will Dissly,SEA,21.5
2018,TE,Lance Kendricks,GB,20.6
2018,TE,James O'Shaughnessy,JAC,20.5
2018,TE,Ian Thomas,CAR,19.5
2018,TE,David Morgan,MIN,18.7
2018,TE,Geoff Swaim,DAL,18.4
2018,TE,Ed Dickson,SEA,17.5
2018,TE,Erik Swoope,IND,16
2018,TE,A.J. Derby,MIA,14.6
2018,TE,Logan Paulsen,ATL,14.5
2018,TE,Richard Rodgers,PHI,14.4
2018,TE,Maxx Williams,BAL,11.8
2018,TE,Rico Gathers,DAL,11.6
2018,TE,Jerell Adams,NYG,10.3
2018,TE,Tyler Conklin,MIN,8.6
2018,TE,C.J. Uzomah,CIN,8.2
2018,TE,Dalton Schultz,DAL,7.7
2018,TE,Michael Roberts,DET,7.7
2018,TE,Lee Smith,LV,5.5
2018,TE,Rhett Ellison,NYG,4.1
2018,TE,Daniel Brown,CHI,3.9
2019,QB,Patrick Mahomes,KC,415.5
2019,QB,Deshaun Watson,HOU,391
2019,QB,Aaron Rodgers,GB,377.2
2019,QB,Matt Ryan,ATL,362.9
2019,QB,Jameis Winston,TB,355
2019,QB,Carson Wentz,PHI,354.3
2019,QB,Drew Brees,NO,352
2019,QB,Baker Mayfield,CLE,350.7
2019,QB,Jared Goff,LAR,348.1
2019,QB,Ben Roethlisberger,PIT,348
2019,QB,Dak Prescott,DAL,346.2
2019,QB,Cam Newton,CAR,344.5
2019,QB,Lamar Jackson,BAL,343.6
2019,QB,Kyler Murray,ARI,343.3
2019,QB,Philip Rivers,LAC,342.3
2019,QB,Mitchell Trubisky,CHI,342.3
2019,QB,Kirk Cousins,MIN,337.8
2019,QB,Russell Wilson,SEA,337.5
2019,QB,Tom Brady,NE,337.2
2019,QB,Josh Allen,BUF,322.5
2019,QB,Jacoby Brissett,IND,318.2
2019,QB,Derek Carr,LV,313.6
2019,QB,Matthew Stafford,DET,312.3
2019,QB,Andy Dalton,CIN,298.8
2019,QB,Marcus Mariota,TEN,283.8
2019,QB,Sam Darnold,NYJ,281.5
2019,QB,Nick Foles,JAC,277.5
2019,QB,Jimmy Garoppolo,SF,267.7
2019,QB,Eli Manning,NYG,262.6
2019,QB,Joe Flacco,DEN,261.5
2019,QB,Ryan Fitzpatrick,MIA,198.7
2019,QB,Dwayne Haskins,WAS,183
2019,QB,Josh Rosen,MIA,88.6
2019,QB,C.J. Beathard,SF,65.4
2019,QB,Case Keenum,WAS,60.4
2019,QB,Daniel Jones,NYG,48.6
2019,QB,Drew Lock,DEN,41.5
2019,QB,Ryan Tannehill,TEN,35.6
2019,QB,Nate Sudfeld,PHI,30.8
2019,QB,Will Grier,CAR,29.5
2019,QB,Gardner Minshew,JAC,27.2
2019,QB,Taysom Hill,NO,26.3
2019,QB,Chase Daniel,CHI,26.3
2019,QB,Colt McCoy,WAS,24.9
2019,QB,Ryan Finley,CIN,21.7
2019,QB,Blaine Gabbert,TB,20.8
2019,QB,Matt Barkley,BUF,18.6
2019,QB,Trevor Siemian,NYJ,16.7
2019,QB,Kyle Allen,CAR,16
2019,QB,Chad Kelly,IND,15.4
2019,QB,Blake Bortles,LAR,12.7
2019,QB,Robert Griffin III,BAL,11.7
2019,QB,AJ McCarron,HOU,11.7
2019,QB,Teddy Bridgewater,NO,11.5
2019,QB,Cooper Rush,DAL,7.8
2019,QB,Brett Hundley,ARI,7.3
2019,QB,Tim Boyle,GB,6.1
2019,QB,Matt Moore,KC,5.5
2019,QB,Mike Glennon,LV,4.3
2019,QB,Tyrod Taylor,LAC,2.8
2019,QB,Drew Stanton,CLE,2.3
2019,QB,Matt Schaub,ATL,1.3
2019,RB,Saquon Barkley,NYG,271.2
2019,RB,Alvin Kamara,NO,247.5
2019,RB,Christian McCaffrey,CAR,239.6
2019,RB,Ezekiel Elliott,DAL,229
2019,RB,James Conner,PIT,216
2019,RB,David Johnson,ARI,212.7
2019,RB,Le'Veon Bell,NYJ,205.9
2019,RB,Todd Gurley,LAR,204.2
2019,RB,Dalvin Cook,MIN,203.5
2019,RB,Nick Chubb,CLE,195.3
2019,RB,Joe Mixon,CIN,190.1
2019,RB,Derrick Henry,TEN,177.1
2019,RB,Kerryon Johnson,DET,176.8
2019,RB,Chris Carson,SEA,174.5
2019,RB,Leonard Fournette,JAC,173.1
2019,RB,Devonta Freeman,ATL,172.6
2019,RB,Marlon Mack,IND,172.1
2019,RB,Aaron Jones,GB,169.2
2019,RB,Mark Ingram,BAL,168.2
2019,RB,Josh Jacobs,LV,162.3
2019,RB,Damien Williams,KC,162.1
2019,RB,Phillip Lindsay,DEN,157.3
2019,RB,James White,NE,146.6
2019,RB,Sony Michel,NE,146.3
2019,RB,David Montgomery,CHI,143.1
2019,RB,Duke Johnson,HOU,142.2
2019,RB,Austin Ekeler,LAC,139.9
2019,RB,Tevin Coleman,SF,135.1
2019,RB,Kenyan Drake,MIA,134.7
2019,RB,Melvin Gordon,LAC,123
2019,RB,Rashaad Penny,SEA,121.6
2019,RB,Devin Singletary,BUF,119.7
2019,RB,Matt Breida,SF,118.5
2019,RB,Latavius Murray,NO,116.1
2019,RB,Miles Sanders,PHI,114.2
2019,RB,Tarik Cohen,CHI,113.4
2019,RB,Jordan Howard,PHI,112.9
2019,RB,Derrius Guice,WAS,111.4
2019,RB,Adrian Peterson,WAS,106.7
2019,RB,Peyton Barber,TB,105.7
2019,RB,Kalen Ballage,MIA,102.6
2019,RB,Royce Freeman,DEN,98.9
2019,RB,Dion Lewis,TEN,98.3
2019,RB,Jaylen Samuels,PIT,90.6
2019,RB,LeSean McCoy,KC,87.4
2019,RB,Ronald Jones,TB,79.9
2019,RB,Darrell Henderson,LAR,78.2
2019,RB,Giovani Bernard,CIN,78.1
2019,RB,Justin Jackson,LAC,78.1
2019,RB,Justice Hill,BAL,78.1
2019,RB,Jalen Richard,LV,78
2019,RB,Chris Thompson,WAS,75.7
2019,RB,Ito Smith,ATL,73
2019,RB,C.J. Anderson,DET,72.2
2019,RB,Nyheim Hines,IND,71.3
2019,RB,Frank Gore,BUF,68.1
2019,RB,Damien Harris,NE,68
2019,RB,Jamaal Williams,GB,65.7
2019,RB,Kareem Hunt,CLE,63.8
2019,RB,Mike Davis,CHI,63
2019,RB,Carlos Hyde,HOU,58.1
2019,RB,Alexander Mattison,MIN,56.2
2019,RB,Tony Pollard,DAL,53.5
2019,RB,Gus Edwards,BAL,53.4
2019,RB,Ryquell Armstead,JAC,53.4
2019,RB,Ty Montgomery,NYJ,49.4
2019,RB,Darwin Thompson,KC,47.7
2019,RB,Rex Burkhead,NE,46.4
2019,RB,Malcolm Brown,LAR,45
2019,RB,Chase Edmonds,ARI,41.9
2019,RB,Kyle Juszczyk,SF,39.7
2019,RB,T.J. Yeldon,BUF,39.1
2019,RB,C.J. Prosise,SEA,37
2019,RB,Corey Clement,PHI,36.2
2019,RB,Wayne Gallman,NYG,35.7
2019,RB,Brian Hill,ATL,35.5
2019,RB,Theo Riddick,DEN,33.4
2019,RB,Dare Ogunbowale,TB,33
2019,RB,Jordan Scarlett,CAR,32.4
2019,RB,Darren Sproles,PHI,32.1
2019,RB,DeAndre Washington,LV,31.7
2019,RB,Dexter Williams,GB,27.1
2019,RB,Dwayne Washington,NO,27.1
2019,RB,Devontae Booker,DEN,26.8
2019,RB,Dontrell Hilliard,CLE,23.5
2019,RB,Ty Johnson,DET,23
2019,RB,Jordan Wilkins,IND,19.5
2019,RB,Mike Boone,MIN,18.8
2019,RB,Alfred Morris,DAL,17
2019,RB,Raheem Mostert,SF,15
2019,RB,Benny Snell,PIT,14.2
2019,RB,Bilal Powell,NYJ,10.9
2019,RB,Trayveon Williams,CIN,9.8
2019,RB,Myles Gaskin,MIA,9.4
2019,RB,Spencer Ware,IND,9.3
2019,RB,Kenjon Barner,ATL,8.6
2019,RB,Patrick DiMarco,BUF,7.5
2019,RB,Alex Armah,CAR,7.1
2019,RB,Brandon Bolden,NE,6
2019,RB,Paul Perkins,NYG,6
2019,RB,Rod Smith,NYG,5.9
2019,RB,James Develin,NE,5.7
2019,RB,Jamize Olawale,DAL,2.5
2019,WR,DeAndre Hopkins,HOU,220.6
2019,WR,Julio Jones,ATL,213
2019,WR,Davante Adams,GB,206.1
2019,WR,JuJu Smith-Schuster,PIT,198.9
2019,WR,Tyreek Hill,KC,198.2
2019,WR,Michael Thomas,NO,186.8
2019,WR,Mike Evans,TB,178
2019,WR,Odell Beckham Jr.,CLE,176.2
2019,WR,Antonio Brown,LV,162.5
2019,WR,Adam Thielen,MIN,161.9
2019,WR,Keenan Allen,LAC,159.5
2019,WR,Tyler Lockett,SEA,150.9
2019,WR,Amari Cooper,DAL,150.9
2019,WR,Kenny Golladay,DET,149.8
2019,WR,Robert Woods,LAR,149.2
2019,WR,Brandin Cooks,LAR,145.6
2019,WR,Stefon Diggs,MIN,142.6
2019,WR,Julian Edelman,NE,141.3
2019,WR,T.Y. Hilton,IND,138.5
2019,WR,Tyler Boyd,CIN,131.5
2019,WR,Alshon Jeffery,PHI,129.7
2019,WR,D.J. Moore,CAR,129.4
2019,WR,Chris Godwin,TB,128.5
2019,WR,Robbie Chosen,NYJ,128.2
2019,WR,Mike Williams,LAC,126.2
2019,WR,Cooper Kupp,LAR,126
2019,WR,A.J. Green,CIN,123.6
2019,WR,Sammy Watkins,KC,121.3
2019,WR,Allen Robinson,CHI,120.6
2019,WR,Corey Davis,TEN,115.7
2019,WR,Calvin Ridley,ATL,114.3
2019,WR,Christian Kirk,ARI,113.5
2019,WR,Jarvis Landry,CLE,111.9
2019,WR,Dante Pettis,SF,111.7
2019,WR,Curtis Samuel,CAR,111.2
2019,WR,Dede Westbrook,JAC,107.7
2019,WR,John Brown,BUF,107.6
2019,WR,Marvin Jones,DET,104.4
2019,WR,Sterling Shepard,NYG,103.7
2019,WR,Courtland Sutton,DEN,103.5
2019,WR,Emmanuel Sanders,DEN,102.5
2019,WR,Marquez Valdes-Scantling,GB,102.5
2019,WR,Will Fuller,HOU,101.9
2019,WR,Larry Fitzgerald,ARI,99.5
2019,WR,Josh Gordon,NE,99
2019,WR,Golden Tate,NYG,98.6
2019,WR,DeVante Parker,MIA,96.5
2019,WR,Geronimo Allison,GB,93.8
2019,WR,Michael Gallup,DAL,92.8
2019,WR,DK Metcalf,SEA,91.3
2019,WR,Jamison Crowder,NYJ,90
2019,WR,Tyrell Williams,LV,88.5
2019,WR,DeSean Jackson,PHI,88.3
2019,WR,DaeSean Hamilton,DEN,87.5
2019,WR,Albert Wilson,MIA,85.3
2019,WR,Mohamed Sanu,ATL,81.5
2019,WR,Anthony Miller,CHI,81.5
2019,WR,Marquise Goodwin,SF,80.5
2019,WR,Ted Ginn Jr.,NO,78.7
2019,WR,Donte Moncrief,PIT,78.6
2019,WR,Keke Coutee,HOU,76.8
2019,WR,James Washington,PIT,76.5
2019,WR,Paul Richardson,WAS,75.4
2019,WR,Marqise Lee,JAC,75
2019,WR,A.J. Brown,TEN,74.1
2019,WR,Willie Snead,BAL,73
2019,WR,Devin Funchess,IND,72.5
2019,WR,Trey Quinn,WAS,72.1
2019,WR,Adam Humphries,TEN,70
2019,WR,Miles Boykin,BAL,67.1
2019,WR,Danny Amendola,DET,66.9
2019,WR,Taylor Gabriel,CHI,65.2
2019,WR,Travis Benjamin,LAC,64.6
2019,WR,Quincy Enunwa,NYJ,63.5
2019,WR,Nelson Agholor,PHI,62.7
2019,WR,KeeSean Johnson,ARI,61.4
2019,WR,Terry McLaurin,WAS,60.2
2019,WR,Cole Beasley,BUF,59.9
2019,WR,Randall Cobb,DAL,57.6
2019,WR,Tre'Quan Smith,NO,56.7
2019,WR,Deebo Samuel,SF,56.6
2019,WR,Robert Foster,BUF,55.7
2019,WR,Demarcus Robinson,KC,55.6
2019,WR,Marquise Brown,BAL,54.5
2019,WR,Zay Jones,BUF,53.5
2019,WR,Breshad Perriman,TB,52.4
2019,WR,Jakeem Grant,MIA,51.9
2019,WR,Mecole Hardman,KC,51.1
2019,WR,Chris Conley,JAC,50.9
2019,WR,Rashard Higgins,CLE,50.5
2019,WR,Hunter Renfrow,LV,50.5
2019,WR,Kenny Stills,HOU,49.5
2019,WR,Chris Hogan,CAR,48.2
2019,WR,John Ross,CIN,47.5
2019,WR,Parris Campbell,IND,46.6
2019,WR,Chad Beebe,MIN,44.8
2019,WR,Preston Williams,MIA,44.5
2019,WR,Andy Isabella,ARI,43.5
2019,WR,David Moore,SEA,43.2
2019,WR,Keith Kirkwood,NO,41.5
2019,WR,D.J. Chark,JAC,40.9
2019,WR,Phillip Dorsett,NE,39.6
2019,WR,Josh Reynolds,LAR,37.1
2019,WR,Jakobi Meyers,NE,36.5
2019,WR,Jaron Brown,SEA,36.2
2019,WR,J.J. Nelson,LV,34.1
2019,WR,Keelan Cole,JAC,33.6
2019,WR,Deon Cain,IND,33.5
2019,WR,Cordarrelle Patterson,CHI,33.3
2019,WR,Antonio Callaway,CLE,33.2
2019,WR,Ryan Switzer,PIT,32.5
2019,WR,Trent Taylor,SF,30.6
2019,WR,Jarius Wright,CAR,30.5
2019,WR,Cody Latimer,NYG,30.5
2019,WR,Tajae Sharpe,TEN,30
2019,WR,JJ Arcega-Whiteside,PHI,29.7
2019,WR,Jake Kumerow,GB,26.4
2019,WR,Justin Watson,TB,25.5
2019,WR,Tavon Austin,DAL,25
2019,WR,Gary Jennings,SEA,24.8
2019,WR,Justin Hardy,ATL,24.6
2019,WR,Alex Erickson,CIN,24.6
2019,WR,Michael Crabtree,ARI,23.6
2019,WR,Russell Shepard,NYG,22.6
2019,WR,Isaiah McKenzie,BUF,22.3
2019,WR,Geremy Davis,LAC,21.9
2019,WR,Jalen Hurd,SF,21.5
2019,WR,Tim Patrick,DEN,19.2
2019,WR,Seth Roberts,BAL,17.6
2019,WR,N'Keal Harry,NE,17.4
2019,WR,Chris Moore,BAL,14.5
2019,WR,Diontae Johnson,PIT,13.5
2019,WR,Chester Rogers,IND,13.2
2019,WR,Riley Ridley,CHI,8.2
2019,WR,DeAndre Carter,HOU,6.8
2019,TE,Travis Kelce,KC,172.8
2019,TE,George Kittle,SF,167.5
2019,TE,Zach Ertz,PHI,132.7
2019,TE,O.J. Howard,TB,119.5
2019,TE,Evan Engram,NYG,114.5
2019,TE,Jared Cook,NO,110.4
2019,TE,Hunter Henry,LAC,109.4
2019,TE,Vance McDonald,PIT,99.7
2019,TE,David Njoku,CLE,96.5
2019,TE,Jimmy Graham,GB,89.7
2019,TE,Delanie Walker,TEN,86.8
2019,TE,Austin Hooper,ATL,86.6
2019,TE,Eric Ebron,IND,84.5
2019,TE,T.J. Hockenson,DET,82.2
2019,TE,Mark Andrews,BAL,82.2
2019,TE,Greg Olsen,CAR,80.5
2019,TE,Kyle Rudolph,MIN,79.5
2019,TE,Noah Fant,DEN,78.9
2019,TE,Trey Burton,CHI,78.6
2019,TE,Jordan Reed,WAS,76.5
2019,TE,Dallas Goedert,PHI,74
2019,TE,Chris Herndon,NYJ,70.5
2019,TE,Jason Witten,DAL,68.9
2019,TE,Darren Waller,LV,67.5
2019,TE,Tyler Eifert,CIN,63.5
2019,TE,Jack Doyle,IND,59.5
2019,TE,Vernon Davis,WAS,58.6
2019,TE,Mike Gesicki,MIA,54.5
2019,TE,Geoff Swaim,JAC,50.7
2019,TE,Adam Shaheen,CHI,49.7
2019,TE,Ben Watson,NE,49.5
2019,TE,Charles Clay,ARI,49.2
2019,TE,Will Dissly,SEA,48.6
2019,TE,Tyler Kroft,BUF,42.3
2019,TE,Cameron Brate,TB,40.9
2019,TE,Blake Jarwin,DAL,40.8
2019,TE,Gerald Everett,LAR,40.2
2019,TE,Irv Smith,MIN,39.7
2019,TE,Jordan Thomas,HOU,39.7
2019,TE,Nick Vannett,SEA,39.5
2019,TE,Ian Thomas,CAR,39.5
2019,TE,C.J. Uzomah,CIN,37.5
2019,TE,Hayden Hurst,BAL,35.5
2019,TE,Jesse James,DET,32.6
2019,TE,Jace Sternberger,GB,32.4
2019,TE,Tyler Higbee,LAR,28.9
2019,TE,Jonnu Smith,TEN,28.6
2019,TE,Rhett Ellison,NYG,27.9
2019,TE,Virgil Green,LAC,24.2
2019,TE,Matt LaCosse,NE,24
2019,TE,Demetrius Harris,CLE,21.6
2019,TE,Ryan Griffin,NYJ,21.5
2019,TE,Mo Alie-Cox,IND,20.3
2019,TE,James O'Shaughnessy,JAC,19.7
2019,TE,Josh Hill,NO,18.9
2019,TE,Blake Bell,KC,18.5
2019,TE,Jeff Heuerman,DEN,17.7
2019,TE,Xavier Grimble,PIT,17.4
2019,TE,Jordan Akins,HOU,16.5
2019,TE,Jake Butt,DEN,14.6
2019,TE,Derek Carrier,LV,14.6
2019,TE,Luke Stocker,ATL,12.7
2019,TE,Maxx Williams,ARI,10.7
2019,TE,Nick Boyle,BAL,9.1
2019,TE,Kahale Warring,HOU,7.6
2019,TE,Dalton Schultz,DAL,7.6
2019,TE,Marcedes Lewis,GB,6.5
2019,TE,David Morgan,MIN,4.5
2020,QB,Lamar Jackson,BAL,417.6
2020,QB,Patrick Mahomes,KC,400
2020,QB,Dak Prescott,DAL,392.9
2020,QB,Kyler Murray,ARI,377
2020,QB,Russell Wilson,SEA,371.6
2020,QB,Deshaun Watson,HOU,369.9
2020,QB,Matt Ryan,ATL,365.7
2020,QB,Josh Allen,BUF,364.6
2020,QB,Carson Wentz,PHI,347
2020,QB,Drew Brees,NO,343.2
2020,QB,Matthew Stafford,DET,342.7
2020,QB,Aaron Rodgers,GB,335.9
2020,QB,Jared Goff,LAR,335.2
2020,QB,Tom Brady,TB,325.8
2020,QB,Daniel Jones,NYG,324.2
2020,QB,Cam Newton,NE,321.7
2020,QB,Gardner Minshew,JAC,319.9
2020,QB,Joe Burrow,CIN,316.3
2020,QB,Ben Roethlisberger,PIT,314.9
2020,QB,Ryan Tannehill,TEN,311.7
2020,QB,Jimmy Garoppolo,SF,308.3
2020,QB,Philip Rivers,IND,306.9
2020,QB,Kirk Cousins,MIN,305.7
2020,QB,Baker Mayfield,CLE,304.6
2020,QB,Drew Lock,DEN,299.9
2020,QB,Teddy Bridgewater,CAR,290.1
2020,QB,Sam Darnold,NYJ,279.8
2020,QB,Derek Carr,LV,270.5
2020,QB,Dwayne Haskins,WAS,241.4
2020,QB,Tyrod Taylor,LAC,213.8
2020,QB,Nick Foles,CHI,202.8
2020,QB,Ryan Fitzpatrick,MIA,201.9
2020,QB,Tua Tagovailoa,MIA,142.4
2020,QB,Mitchell Trubisky,CHI,121.2
2020,QB,Justin Herbert,LAC,113.4
2020,QB,Marcus Mariota,LV,42.7
2020,QB,Jarrett Stidham,NE,39.2
2020,QB,Jalen Hurts,PHI,29.3
2020,QB,Taysom Hill,NO,26.5
2020,QB,Mason Rudolph,PIT,26.4
2020,QB,Will Grier,CAR,26.3
2020,QB,Jake Luton,JAC,22.6
2020,QB,Alex Smith,WAS,21.1
2020,QB,Colt McCoy,NYG,18.4
2020,QB,Jeff Driskel,DEN,17.9
2020,QB,Sean Mannion,MIN,17.8
2020,QB,Jordan Love,GB,15.2
2020,QB,AJ McCarron,HOU,15.2
2020,QB,Ryan Finley,CIN,15.1
2020,QB,Case Keenum,CLE,14.8
2020,QB,Logan Woodside,TEN,13.1
2020,QB,Robert Griffin III,BAL,12.6
2020,QB,Matt Barkley,BUF,11.2
2020,QB,Blaine Gabbert,TB,11.1
2020,QB,Nick Mullens,SF,9.3
2020,QB,Jameis Winston,NO,8.4
2020,QB,Chase Daniel,DET,7.2
2020,QB,Andy Dalton,DAL,5.3
2020,QB,Chad Henne,KC,4.1
2020,RB,Christian McCaffrey,CAR,288.5
2020,RB,Dalvin Cook,MIN,251.1
2020,RB,Saquon Barkley,NYG,249.7
2020,RB,Ezekiel Elliott,DAL,248.2
2020,RB,Derrick Henry,TEN,247.5
2020,RB,Alvin Kamara,NO,214.5
2020,RB,Clyde Edwards-Helaire,KC,209
2020,RB,Joe Mixon,CIN,205.1
2020,RB,Aaron Jones,GB,202.4
2020,RB,Kenyan Drake,ARI,196.9
2020,RB,Miles Sanders,PHI,196.1
2020,RB,Josh Jacobs,LV,194.9
2020,RB,Nick Chubb,CLE,194
2020,RB,Todd Gurley,ATL,190.9
2020,RB,Chris Carson,SEA,189.2
2020,RB,James Conner,PIT,177.1
2020,RB,Austin Ekeler,LAC,174
2020,RB,David Johnson,HOU,173.3
2020,RB,Le'Veon Bell,NYJ,164.1
2020,RB,Melvin Gordon,DEN,155.4
2020,RB,Mark Ingram,BAL,155.2
2020,RB,Jonathan Taylor,IND,145.2
2020,RB,Leonard Fournette,TB,140
2020,RB,Raheem Mostert,SF,138.1
2020,RB,Antonio Gibson,WAS,136.4
2020,RB,Cam Akers,LAR,133
2020,RB,Devin Singletary,BUF,131.8
2020,RB,David Montgomery,CHI,128.7
2020,RB,Tevin Coleman,SF,127.6
2020,RB,Marlon Mack,IND,124.3
2020,RB,D'Andre Swift,DET,122.2
2020,RB,Kareem Hunt,CLE,119.7
2020,RB,James White,NE,118.2
2020,RB,Matt Breida,MIA,115.1
2020,RB,Phillip Lindsay,DEN,112.2
2020,RB,J.K. Dobbins,BAL,108.4
2020,RB,Duke Johnson,HOU,107.3
2020,RB,Tarik Cohen,CHI,104.4
2020,RB,Jordan Howard,MIA,103.3
2020,RB,Latavius Murray,NO,99.4
2020,RB,Kerryon Johnson,DET,98.7
2020,RB,Zack Moss,BUF,95.5
2020,RB,Ronald Jones,TB,94.1
2020,RB,Chris Thompson,JAC,81.4
2020,RB,Boston Scott,PHI,81.1
2020,RB,Alexander Mattison,MIN,78.4
2020,RB,Sony Michel,NE,76.3
2020,RB,Chase Edmonds,ARI,75.1
2020,RB,Damien Harris,NE,74.7
2020,RB,Jamaal Williams,GB,72.4
2020,RB,Justin Jackson,LAC,72.4
2020,RB,Adrian Peterson,DET,72.2
2020,RB,AJ Dillon,GB,71.5
2020,RB,Darrynton Evans,TEN,71.3
2020,RB,Darrel Williams,KC,70.6
2020,RB,Tony Pollard,DAL,69.5
2020,RB,Darrell Henderson,LAR,67.1
2020,RB,Nyheim Hines,IND,65.9
2020,RB,Jalen Richard,LV,63.4
2020,RB,Ryquell Armstead,JAC,62
2020,RB,Malcolm Brown,LAR,61.6
2020,RB,Carlos Hyde,SEA,60.5
2020,RB,Giovani Bernard,CIN,59.2
2020,RB,Devine Ozigbo,JAC,58.3
2020,RB,Peyton Barber,WAS,58.2
2020,RB,Dion Lewis,NYG,55.4
2020,RB,Joshua Kelley,LAC,55
2020,RB,Anthony McFarland Jr.,PIT,53.8
2020,RB,Benny Snell,PIT,53.6
2020,RB,James Robinson,JAC,53.3
2020,RB,Brian Hill,ATL,53
2020,RB,Jerick McKinnon,SF,47.7
2020,RB,Rex Burkhead,NE,47.6
2020,RB,Royce Freeman,DEN,44.2
2020,RB,Frank Gore,NYJ,44.1
2020,RB,Jaylen Samuels,PIT,39.1
2020,RB,Mike Davis,CAR,38.5
2020,RB,Rashaad Penny,SEA,34.6
2020,RB,Lynn Bowden Jr.,MIA,32.1
2020,RB,Ito Smith,ATL,29.8
2020,RB,Mike Boone,MIN,29
2020,RB,La'Mical Perine,NYJ,28.3
2020,RB,LeSean McCoy,TB,28
2020,RB,Bryce Love,WAS,26.8
2020,RB,Gus Edwards,BAL,25.2
2020,RB,Travis Homer,SEA,24.9
2020,RB,Corey Clement,PHI,22.4
2020,RB,Jeff Wilson,SF,20.8
2020,RB,Ryan Nall,CHI,20.4
2020,RB,Darwin Thompson,KC,19.3
2020,RB,Justice Hill,BAL,19
2020,RB,Patrick Laird,MIA,14.9
2020,RB,T.J. Yeldon,BUF,14.3
2020,RB,Ke'Shawn Vaughn,TB,13.1
2020,RB,Tyler Ervin,GB,12.8
2020,RB,Trayveon Williams,CIN,12.2
2020,RB,DeeJay Dallas,SEA,12.1
2020,RB,Khari Blasingame,TEN,11.4
2020,RB,D'Ernest Johnson,CLE,11
2020,RB,Wayne Gallman,NYG,10.1
2020,RB,Eno Benjamin,ARI,10
2020,RB,Ty Montgomery,NO,9.7
2020,RB,Buddy Howell,HOU,9.5
2020,RB,Jordan Wilkins,IND,6.3
2020,RB,Qadree Ollison,ATL,5.9
2020,WR,Michael Thomas,NO,203.8
2020,WR,Davante Adams,GB,194.2
2020,WR,Julio Jones,ATL,184.1
2020,WR,Tyreek Hill,KC,167.4
2020,WR,DeAndre Hopkins,ARI,162.5
2020,WR,Kenny Golladay,DET,161.4
2020,WR,Adam Thielen,MIN,154.8
2020,WR,Robert Woods,LAR,154.3
2020,WR,Chris Godwin,TB,152.4
2020,WR,JuJu Smith-Schuster,PIT,152.1
2020,WR,A.J. Brown,TEN,151
2020,WR,Amari Cooper,DAL,150.5
2020,WR,DeVante Parker,MIA,149.4
2020,WR,Odell Beckham Jr.,CLE,149
2020,WR,Cooper Kupp,LAR,148.6
2020,WR,Calvin Ridley,ATL,146.6
2020,WR,Tyler Lockett,SEA,145.7
2020,WR,D.J. Moore,CAR,144.5
2020,WR,Allen Robinson,CHI,144.5
2020,WR,Mike Evans,TB,144.1
2020,WR,Courtland Sutton,DEN,142.6
2020,WR,T.Y. Hilton,IND,140.7
2020,WR,Keenan Allen,LAC,140.7
2020,WR,A.J. Green,CIN,138.6
2020,WR,DK Metcalf,SEA,137.7
2020,WR,D.J. Chark,JAC,131.9
2020,WR,Terry McLaurin,WAS,131.5
2020,WR,Michael Gallup,DAL,131.5
2020,WR,Julian Edelman,NE,130.7
2020,WR,Stefon Diggs,BUF,130
2020,WR,Jarvis Landry,CLE,129.5
2020,WR,Brandin Cooks,HOU,121.3
2020,WR,Tyler Boyd,CIN,119.6
2020,WR,Marquise Brown,BAL,119.1
2020,WR,Jamison Crowder,NYJ,113.5
2020,WR,Christian Kirk,ARI,113.4
2020,WR,DeSean Jackson,PHI,111.4
2020,WR,Henry Ruggs III,LV,110.2
2020,WR,Sterling Shepard,NYG,109.3
2020,WR,Marvin Jones,DET,108.2
2020,WR,Diontae Johnson,PIT,106.9
2020,WR,Will Fuller,HOU,105.4
2020,WR,John Brown,BUF,104.6
2020,WR,Deebo Samuel,SF,100.6
2020,WR,Emmanuel Sanders,NO,100.1
2020,WR,Anthony Miller,CHI,99.1
2020,WR,Golden Tate,NYG,95.5
2020,WR,Corey Davis,TEN,95.1
2020,WR,Darius Slayton,NYG,94.5
2020,WR,Michael Pittman Jr.,IND,93.1
2020,WR,Allen Lazard,GB,92.5
2020,WR,Curtis Samuel,CAR,92
2020,WR,Preston Williams,MIA,91.5
2020,WR,Mike Williams,LAC,90.7
2020,WR,Cole Beasley,BUF,90.5
2020,WR,Sammy Watkins,KC,87.7
2020,WR,Jerry Jeudy,DEN,86.7
2020,WR,CeeDee Lamb,DAL,85.6
2020,WR,Danny Amendola,DET,82.5
2020,WR,Breshad Perriman,NYJ,82.3
2020,WR,Jalen Reagor,PHI,82.2
2020,WR,Robbie Chosen,CAR,79.4
2020,WR,N'Keal Harry,NE,77.5
2020,WR,Bryan Edwards,LV,77.5
2020,WR,Justin Jefferson,MIN,73.5
2020,WR,Larry Fitzgerald,ARI,71.5
2020,WR,Mecole Hardman,KC,71.5
2020,WR,Parris Campbell,IND,68.9
2020,WR,Chris Conley,JAC,68.6
2020,WR,Steven Sims,WAS,68.1
2020,WR,Brandon Aiyuk,SF,67.5
2020,WR,Hunter Renfrow,LV,66.7
2020,WR,Tee Higgins,CIN,66.2
2020,WR,Russell Gage,ATL,61.5
2020,WR,Laviska Shenault,JAC,60.7
2020,WR,Randall Cobb,HOU,60.2
2020,WR,John Ross,CIN,59.1
2020,WR,Kendrick Bourne,SF,58.6
2020,WR,Jakeem Grant,MIA,56.9
2020,WR,James Washington,PIT,53.5
2020,WR,Olabisi Johnson,MIN,53.5
2020,WR,Alshon Jeffery,PHI,52.4
2020,WR,Adam Humphries,TEN,52.1
2020,WR,Marquez Valdes-Scantling,GB,49.7
2020,WR,Jakobi Meyers,NE,49.6
2020,WR,Miles Boykin,BAL,48.5
2020,WR,Willie Snead,BAL,47.5
2020,WR,Van Jefferson,LAR,46.9
2020,WR,Kenny Stills,HOU,46.5
2020,WR,Josh Reynolds,LAR,45.5
2020,WR,Phillip Dorsett,SEA,44.9
2020,WR,Dede Westbrook,JAC,44.4
2020,WR,Chase Claypool,PIT,44.2
2020,WR,Keelan Cole,JAC,43.3
2020,WR,Tim Patrick,DEN,43.3
2020,WR,Dontrelle Inman,WAS,40.8
2020,WR,Tre'Quan Smith,NO,39.7
2020,WR,Chris Hogan,NYJ,39.6
2020,WR,Riley Ridley,CHI,37.6
2020,WR,Damiere Byrd,NE,37.6
2020,WR,Demarcus Robinson,KC,37.5
2020,WR,JJ Arcega-Whiteside,PHI,36.9
2020,WR,Zach Pascal,IND,36.6
2020,WR,David Moore,SEA,36.5
2020,WR,Rashard Higgins,CLE,36.5
2020,WR,Joe Reed,LAC,36.2
2020,WR,Andy Isabella,ARI,36.1
2020,WR,Devin Duvernay,BAL,34.4
2020,WR,Equanimeous St. Brown,GB,33.6
2020,WR,Denzel Mims,NYJ,31.5
2020,WR,Scotty Miller,TB,31.5
2020,WR,Antonio Gandy-Golden,WAS,30.5
2020,WR,Cordarrelle Patterson,CHI,28.1
2020,WR,Trent Taylor,SF,28
2020,WR,Tajae Sharpe,MIN,27.9
2020,WR,Greg Ward,PHI,27.5
2020,WR,Andre Roberts,BUF,27.4
2020,WR,Christian Blake,ATL,26.4
2020,WR,KeeSean Johnson,ARI,26.2
2020,WR,Nelson Agholor,LV,24.9
2020,WR,Ted Ginn Jr.,CHI,24.6
2020,WR,Pharoh Cooper,CAR,24.4
2020,WR,Auden Tate,CIN,23.7
2020,WR,Javon Wims,CHI,21.5
2020,WR,KJ Hamler,DEN,20.2
2020,WR,Kalif Raymond,TEN,19.5
2020,WR,Deonte Harty,NO,19.1
2020,WR,Cody Core,NYG,18.3
2020,WR,Cedrick Wilson,DAL,13.6
2020,WR,Seth Roberts,CAR,8.6
2020,WR,Tyler Johnson,TB,8.6
2020,WR,K.J. Osborn,MIN,8.3
2020,WR,Justin Watson,TB,7.5
2020,TE,Travis Kelce,KC,157.5
2020,TE,George Kittle,SF,148
2020,TE,Zach Ertz,PHI,127.5
2020,TE,Mark Andrews,BAL,120.7
2020,TE,Darren Waller,LV,117.9
2020,TE,Hayden Hurst,ATL,105.2
2020,TE,Chris Herndon,NYJ,94.9
2020,TE,Rob Gronkowski,TB,94.7
2020,TE,Evan Engram,NYG,94.1
2020,TE,Noah Fant,DEN,93.6
2020,TE,Tyler Higbee,LAR,93.5
2020,TE,Jared Cook,NO,92.8
2020,TE,Jonnu Smith,TEN,89.3
2020,TE,Mike Gesicki,MIA,88.9
2020,TE,Hunter Henry,LAC,85.6
2020,TE,T.J. Hockenson,DET,83.5
2020,TE,Austin Hooper,CLE,82.5
2020,TE,Blake Jarwin,DAL,80.2
2020,TE,Dallas Goedert,PHI,79.6
2020,TE,Jack Doyle,IND,79.4
2020,TE,Greg Olsen,SEA,76.5
2020,TE,Eric Ebron,PIT,76.2
2020,TE,Ian Thomas,CAR,72.6
2020,TE,Dawson Knox,BUF,69.9
2020,TE,Darren Fells,HOU,68.5
2020,TE,Kyle Rudolph,MIN,65.1
2020,TE,Tyler Eifert,JAC,63.5
2020,TE,Irv Smith,MIN,56.9
2020,TE,O.J. Howard,TB,56.8
2020,TE,Nick Boyle,BAL,53.5
2020,TE,Jimmy Graham,CHI,50.5
2020,TE,David Njoku,CLE,49.7
2020,TE,C.J. Uzomah,CIN,49.5
2020,TE,Jace Sternberger,GB,48.5
2020,TE,Jordan Reed,SF,47.5
2020,TE,Logan Thomas,WAS,46.9
2020,TE,Gerald Everett,LAR,46.5
2020,TE,Cole Kmet,CHI,40.9
2020,TE,Will Dissly,SEA,40.9
2020,TE,Devin Asiasi,NE,40.9
2020,TE,Vance McDonald,PIT,40.8
2020,TE,Robert Tonyan,GB,40.5
2020,TE,Jason Witten,LV,36.5
2020,TE,Jordan Akins,HOU,35.1
2020,TE,Jesse James,DET,35.1
2020,TE,Maxx Williams,ARI,30.1
2020,TE,Trey Burton,IND,29.7
2020,TE,Anthony Firkser,TEN,29.1
2020,TE,Foster Moreau,LV,28.5
2020,TE,Tyler Kroft,BUF,27.5
2020,TE,Ryan Griffin,NYJ,27.3
2020,TE,Josh Hill,NO,26.5
2020,TE,Nick Vannett,DEN,25.6
2020,TE,Cameron Brate,TB,24.7
2020,TE,Jeremy Sprinkle,WAS,24.5
2020,TE,Blake Bell,DAL,20.6
2020,TE,Ricky Seals-Jones,KC,20.5
2020,TE,Dan Arnold,ARI,20.5
2020,TE,Jacob Hollister,SEA,20.4
2020,TE,Durham Smythe,MIA,17.3
2020,TE,Deon Yelder,KC,14.8
2020,TE,Demetrius Harris,CHI,14.6
2020,TE,Jaeden Graham,ATL,14.5
2020,TE,Chris Manhertz,CAR,14.2
2020,TE,Albert Okwuegbunam,DEN,12.4
2020,TE,Kaden Smith,NYG,11.3
2020,TE,Mo Alie-Cox,IND,8.8
2020,TE,Virgil Green,LAC,8.8
2020,TE,Drew Sample,CIN,8.2
2020,TE,Levine Toilolo,NYG,8.2
2020,TE,Dalton Schultz,DAL,7.7
2020,TE,Marcedes Lewis,GB,6.6
2021,QB,Patrick Mahomes,KC,442.2
2021,QB,Josh Allen,BUF,438.8
2021,QB,Russell Wilson,SEA,422.3
2021,QB,Kyler Murray,ARI,417.9
2021,QB,Lamar Jackson,BAL,406.8
2021,QB,Dak Prescott,DAL,403.9
2021,QB,Aaron Rodgers,GB,400.5
2021,QB,Tom Brady,TB,388.5
2021,QB,Justin Herbert,LAC,379.9
2021,QB,Jalen Hurts,PHI,364.7
2021,QB,Ryan Tannehill,TEN,360.2
2021,QB,Joe Burrow,CIN,349.2
2021,QB,Kirk Cousins,MIN,346.2
2021,QB,Matthew Stafford,LAR,333.2
2021,QB,Trevor Lawrence,JAC,333.1
2021,QB,Matt Ryan,ATL,328.8
2021,QB,Derek Carr,LV,327.1
2021,QB,Sam Darnold,CAR,324
2021,QB,Daniel Jones,NYG,322.3
2021,QB,Baker Mayfield,CLE,318.8
2021,QB,Ben Roethlisberger,PIT,318
2021,QB,Ryan Fitzpatrick,WAS,317.5
2021,QB,Tua Tagovailoa,MIA,306.3
2021,QB,Zach Wilson,NYJ,300
2021,QB,Mac Jones,NE,296.1
2021,QB,Carson Wentz,IND,276.6
2021,QB,Justin Fields,CHI,272.3
2021,QB,Jared Goff,DET,271.5
2021,QB,Jameis Winston,NO,271.2
2021,QB,Teddy Bridgewater,DEN,228.2
2021,QB,Trey Lance,SF,199.8
2021,QB,Tyrod Taylor,HOU,197.4
2021,QB,Jimmy Garoppolo,SF,153
2021,QB,Deshaun Watson,HOU,135.1
2021,QB,Taysom Hill,NO,104.7
2021,QB,Drew Lock,DEN,88.8
2021,QB,Andy Dalton,CHI,68.6
2021,QB,Jacob Eason,IND,47.9
2021,QB,Taylor Heinicke,WAS,34.6
2021,QB,Tim Boyle,DET,26.5
2021,QB,Mason Rudolph,PIT,26.1
2021,QB,P.J. Walker,CAR,22.6
2021,QB,Joe Flacco,PHI,21.8
2021,QB,Jacoby Brissett,MIA,20
2021,QB,Marcus Mariota,LV,19.3
2021,QB,John Wolford,LAR,11.5
2021,QB,Mitchell Trubisky,BUF,11.2
2021,QB,Chad Henne,KC,9.3
2021,QB,Brandon Allen,CIN,8.9
2021,QB,Cooper Rush,DAL,7.8
2021,QB,Blaine Gabbert,TB,7.4
2021,QB,Mike Glennon,NYG,7.3
2021,QB,Tyler Huntley,BAL,6.1
2021,QB,Chase Daniel,LAC,5.7
2021,QB,Case Keenum,CLE,2.8
2021,RB,Christian McCaffrey,CAR,292.5
2021,RB,Derrick Henry,TEN,272.4
2021,RB,Dalvin Cook,MIN,268.1
2021,RB,Alvin Kamara,NO,221.8
2021,RB,Ezekiel Elliott,DAL,219
2021,RB,Joe Mixon,CIN,214.4
2021,RB,Jonathan Taylor,IND,214
2021,RB,Aaron Jones,GB,213.9
2021,RB,Saquon Barkley,NYG,207.8
2021,RB,Najee Harris,PIT,200.7
2021,RB,Antonio Gibson,WAS,199.6
2021,RB,Nick Chubb,CLE,198.3
2021,RB,Chris Carson,SEA,185.8
2021,RB,Josh Jacobs,LV,184.6
2021,RB,Austin Ekeler,LAC,183.2
2021,RB,Clyde Edwards-Helaire,KC,176.3
2021,RB,Gus Edwards,BAL,174
2021,RB,David Montgomery,CHI,168.7
2021,RB,D'Andre Swift,DET,165.4
2021,RB,James Robinson,JAC,163.7
2021,RB,Chase Edmonds,ARI,161
2021,RB,Darrell Henderson,LAR,153.8
2021,RB,Mike Davis,ATL,153.2
2021,RB,Miles Sanders,PHI,152.6
2021,RB,Kareem Hunt,CLE,146.2
2021,RB,Myles Gaskin,MIA,144.4
2021,RB,Zack Moss,BUF,144.4
2021,RB,Damien Harris,NE,144.2
2021,RB,Raheem Mostert,SF,134.8
2021,RB,Javonte Williams,DEN,127.9
2021,RB,Ronald Jones,TB,117.2
2021,RB,Leonard Fournette,TB,113.6
2021,RB,David Johnson,HOU,111.4
2021,RB,Michael Carter,NYJ,111.1
2021,RB,Sony Michel,LAR,110.2
2021,RB,Melvin Gordon,DEN,107.8
2021,RB,Kenyan Drake,LV,107.3
2021,RB,Phillip Lindsay,HOU,106.9
2021,RB,Jamaal Williams,DET,105.4
2021,RB,Trey Sermon,SF,103.7
2021,RB,Tony Pollard,DAL,103.5
2021,RB,James Conner,ARI,100.3
2021,RB,Devin Singletary,BUF,96.3
2021,RB,J.D. McKissic,WAS,94.3
2021,RB,Tevin Coleman,NYJ,92
2021,RB,AJ Dillon,GB,90.7
2021,RB,Nyheim Hines,IND,88.7
2021,RB,Malcolm Brown,MIA,82.6
2021,RB,James White,NE,78.5
2021,RB,Damien Williams,CHI,78.4
2021,RB,Alexander Mattison,MIN,74.3
2021,RB,Ty'Son Williams,BAL,71.7
2021,RB,Rashaad Penny,SEA,71.3
2021,RB,Ty Johnson,NYJ,68.4
2021,RB,Latavius Murray,NO,66.9
2021,RB,Rhamondre Stevenson,NE,65.4
2021,RB,Justin Jackson,LAC,64.1
2021,RB,Darrel Williams,KC,64
2021,RB,Marlon Mack,IND,61.1
2021,RB,Carlos Hyde,JAC,60.8
2021,RB,Devontae Booker,NYG,54.8
2021,RB,Darrynton Evans,TEN,54
2021,RB,Mark Ingram,HOU,51.5
2021,RB,Wayne Gallman,ATL,51
2021,RB,Boston Scott,PHI,50.6
2021,RB,Giovani Bernard,TB,49.5
2021,RB,Chuba Hubbard,CAR,46.6
2021,RB,Joshua Kelley,LAC,45.4
2021,RB,Tarik Cohen,CHI,42.1
2021,RB,Mike Boone,DEN,41.6
2021,RB,Kyle Juszczyk,SF,39.8
2021,RB,Benny Snell,PIT,38.8
2021,RB,Kenneth Gainwell,PHI,38.5
2021,RB,Tony Jones,NO,37.1
2021,RB,Samaje Perine,CIN,36.4
2021,RB,Salvon Ahmed,MIA,34.3
2021,RB,Jalen Richard,LV,34.2
2021,RB,Jerick McKinnon,KC,32.3
2021,RB,Jake Funk,LAR,30.7
2021,RB,Jermar Jefferson,DET,28.1
2021,RB,Anthony McFarland Jr.,PIT,27.3
2021,RB,DeeJay Dallas,SEA,25.6
2021,RB,Royce Freeman,CAR,24.4
2021,RB,Matt Breida,BUF,22.7
2021,RB,Ty Montgomery,NO,20.9
2021,RB,Kylin Hill,GB,15.8
2021,RB,Mekhi Sargent,TEN,15.8
2021,RB,Jeremy McNichols,TEN,13.3
2021,RB,Travis Homer,SEA,12
2021,RB,D'Ernest Johnson,CLE,11.4
2021,RB,Gary Brightwell,NYG,11
2021,RB,Eno Benjamin,ARI,9.9
2021,RB,Chris Evans,CIN,8.2
2021,WR,Tyreek Hill,KC,216.2
2021,WR,Davante Adams,GB,214.9
2021,WR,Calvin Ridley,ATL,196.2
2021,WR,DK Metcalf,SEA,184.6
2021,WR,DeAndre Hopkins,ARI,182.6
2021,WR,Stefon Diggs,BUF,182.3
2021,WR,Justin Jefferson,MIN,177.5
2021,WR,A.J. Brown,TEN,169.6
2021,WR,Mike Evans,TB,167.3
2021,WR,Keenan Allen,LAC,160.2
2021,WR,Adam Thielen,MIN,155.3
2021,WR,Amari Cooper,DAL,154.1
2021,WR,Allen Robinson,CHI,153.4
2021,WR,Robert Woods,LAR,153.1
2021,WR,Tyler Lockett,SEA,152.6
2021,WR,Terry McLaurin,WAS,151.2
2021,WR,CeeDee Lamb,DAL,149.6
2021,WR,Cooper Kupp,LAR,145.6
2021,WR,Chris Godwin,TB,144.5
2021,WR,Diontae Johnson,PIT,143.5
2021,WR,Odell Beckham Jr.,CLE,142
2021,WR,Tee Higgins,CIN,140.5
2021,WR,Jerry Jeudy,DEN,139.5
2021,WR,D.J. Moore,CAR,138.8
2021,WR,Julio Jones,TEN,134.1
2021,WR,JuJu Smith-Schuster,PIT,133.8
2021,WR,Brandon Aiyuk,SF,133.1
2021,WR,Brandin Cooks,HOU,132
2021,WR,Robbie Chosen,CAR,127.7
2021,WR,Laviska Shenault,JAC,125.6
2021,WR,Tyler Boyd,CIN,123.9
2021,WR,Michael Gallup,DAL,123.5
2021,WR,Deebo Samuel,SF,122.6
2021,WR,Marvin Jones,JAC,122.6
2021,WR,Marquise Brown,BAL,119.7
2021,WR,Kenny Golladay,NYG,119.1
2021,WR,Courtland Sutton,DEN,117.9
2021,WR,DeVante Parker,MIA,117.5
2021,WR,Ja'Marr Chase,CIN,116.5
2021,WR,Henry Ruggs III,LV,116.1
2021,WR,Michael Pittman Jr.,IND,113.6
2021,WR,Mike Williams,LAC,113.5
2021,WR,Chase Claypool,PIT,112.5
2021,WR,Tyrell Williams,DET,109.5
2021,WR,DeVonta Smith,PHI,108.4
2021,WR,Corey Davis,NYJ,108.1
2021,WR,Jarvis Landry,CLE,106.8
2021,WR,Mecole Hardman,KC,105.5
2021,WR,Michael Thomas,NO,102.3
2021,WR,Curtis Samuel,WAS,99.9
2021,WR,D.J. Chark,JAC,97.7
2021,WR,Marquez Callaway,NO,97.5
2021,WR,Nelson Agholor,NE,95.7
2021,WR,Darnell Mooney,CHI,93.2
2021,WR,Jakobi Meyers,NE,92.8
2021,WR,Bryan Edwards,LV,88.7
2021,WR,Will Fuller,MIA,88.6
2021,WR,Cole Beasley,BUF,87.5
2021,WR,T.Y. Hilton,IND,85.5
2021,WR,Emmanuel Sanders,BUF,84.9
2021,WR,Jalen Reagor,PHI,82.9
2021,WR,Antonio Brown,TB,82.1
2021,WR,Russell Gage,ATL,81.7
2021,WR,A.J. Green,ARI,81.7
2021,WR,Elijah Moore,NYJ,81.6
2021,WR,Sterling Shepard,NYG,80.3
2021,WR,Jaylen Waddle,MIA,77.5
2021,WR,Darius Slayton,NYG,73.5
2021,WR,Marquez Valdes-Scantling,GB,73
2021,WR,Gabe Davis,BUF,70.5
2021,WR,Jamison Crowder,NYJ,69.7
2021,WR,Rondale Moore,ARI,69.3
2021,WR,Sammy Watkins,BAL,67.4
2021,WR,Randall Cobb,GB,65.6
2021,WR,Terrace Marshall Jr.,CAR,64.7
2021,WR,DeSean Jackson,LAR,63.5
2021,WR,Christian Kirk,ARI,62.5
2021,WR,Hunter Renfrow,LV,61.7
2021,WR,Josh Reynolds,TEN,61.3
2021,WR,Nico Collins,HOU,60.9
2021,WR,Tre'Quan Smith,NO,60.7
2021,WR,Cordarrelle Patterson,ATL,59.3
2021,WR,Jalen Guyton,LAC,56.8
2021,WR,Allen Lazard,GB,56.6
2021,WR,Amon-Ra St. Brown,DET,56.6
2021,WR,Demarcus Robinson,KC,56.5
2021,WR,James Washington,PIT,56.5
2021,WR,Parris Campbell,IND,56.4
2021,WR,Anthony Miller,HOU,56.1
2021,WR,Chris Conley,HOU,55.9
2021,WR,Scotty Miller,TB,54.5
2021,WR,KJ Hamler,DEN,54.5
2021,WR,Adam Humphries,WAS,53.9
2021,WR,Donovan Peoples-Jones,CLE,53.5
2021,WR,Rashod Bateman,BAL,51.7
2021,WR,Kalif Raymond,DET,50.9
2021,WR,Quez Watkins,PHI,50.2
2021,WR,Kendrick Bourne,NE,49.5
2021,WR,Devin Duvernay,BAL,47.4
2021,WR,Dee Eskridge,SEA,46.5
2021,WR,Rashard Higgins,CLE,45.9
2021,WR,Keelan Cole,NYJ,45.6
2021,WR,Isaiah McKenzie,BUF,44.6
2021,WR,Damiere Byrd,CHI,43.9
2021,WR,Quintez Cephus,DET,43.5
2021,WR,Dyami Brown,WAS,42.1
2021,WR,Byron Pringle,KC,41.9
2021,WR,Kadarius Toney,NYG,41
2021,WR,Zach Pascal,IND,40.9
2021,WR,Josh Palmer,LAC,40.5
2021,WR,Deonte Harty,NO,39.3
2021,WR,Van Jefferson,LAR,38.1
2021,WR,Freddie Swain,SEA,36.9
2021,WR,Preston Williams,MIA,36.8
2021,WR,N'Keal Harry,NE,36.5
2021,WR,Greg Ward,PHI,33.9
2021,WR,Auden Tate,CIN,31.4
2021,WR,Denzel Mims,NYJ,30.1
2021,WR,Miles Boykin,BAL,29.5
2021,WR,Olamide Zaccheaus,ATL,28.4
2021,WR,Amari Rodgers,GB,27.9
2021,WR,Marquise Goodwin,CHI,27.5
2021,WR,Cedrick Wilson,DAL,27.5
2021,WR,Zay Jones,LV,27.3
2021,WR,Tim Patrick,DEN,24.5
2021,WR,Tutu Atwell,LAR,24.5
2021,WR,Nick Westbrook-Ikhine,TEN,23.9
2021,WR,Cam Sims,WAS,23.5
2021,WR,Trent Sherfield,SF,22.7
2021,WR,Andre Roberts,HOU,22.5
2021,WR,Mike Thomas,CIN,22.5
2021,WR,Ihmir Smith-Marsette,MIN,20.5
2021,WR,Tyler Johnson,TB,19.6
2021,WR,Christian Blake,ATL,15.7
2021,WR,John Ross,NYG,14.3
2021,TE,Travis Kelce,KC,170
2021,TE,Darren Waller,LV,163.7
2021,TE,George Kittle,SF,145.9
2021,TE,Mark Andrews,BAL,123.6
2021,TE,Kyle Pitts,ATL,116.7
2021,TE,Tyler Higbee,LAR,111.7
2021,TE,T.J. Hockenson,DET,108.7
2021,TE,Robert Tonyan,GB,103.5
2021,TE,Logan Thomas,WAS,99.5
2021,TE,Mike Gesicki,MIA,91.7
2021,TE,Noah Fant,DEN,89.5
2021,TE,Dallas Goedert,PHI,89.5
2021,TE,Jared Cook,LAC,88.1
2021,TE,Rob Gronkowski,TB,87.3
2021,TE,Evan Engram,NYG,84.8
2021,TE,Jonnu Smith,NE,82.8
2021,TE,Blake Jarwin,DAL,77.5
2021,TE,Gerald Everett,SEA,76.6
2021,TE,Anthony Firkser,TEN,75.5
2021,TE,Eric Ebron,PIT,75.4
2021,TE,Hunter Henry,NE,74.5
2021,TE,Austin Hooper,CLE,70.6
2021,TE,Zach Ertz,PHI,65.7
2021,TE,Jordan Akins,HOU,65.5
2021,TE,C.J. Uzomah,CIN,60.5
2021,TE,Tyler Conklin,MIN,59.5
2021,TE,Dawson Knox,BUF,57.6
2021,TE,Adam Trautman,NO,56.6
2021,TE,Will Dissly,SEA,55.9
2021,TE,Jack Doyle,IND,52.4
2021,TE,Mo Alie-Cox,IND,50.2
2021,TE,Cole Kmet,CHI,49.7
2021,TE,Juwan Johnson,NO,48.4
2021,TE,Jimmy Graham,CHI,46.8
2021,TE,David Njoku,CLE,46.8
2021,TE,Tyler Kroft,NYJ,46.6
2021,TE,Hayden Hurst,ATL,42.6
2021,TE,Geoff Swaim,TEN,40.8
2021,TE,Donald Parham,LAC,40.7
2021,TE,Brevin Jordan,HOU,40.6
2021,TE,O.J. Howard,TB,39.9
2021,TE,Nick Boyle,BAL,38.6
2021,TE,Maxx Williams,ARI,37.8
2021,TE,Albert Okwuegbunam,DEN,36.9
2021,TE,Dalton Schultz,DAL,36.5
2021,TE,Chris Manhertz,JAC,35.1
2021,TE,Dan Arnold,CAR,34.7
2021,TE,Darren Fells,DET,30.1
2021,TE,Ian Thomas,CAR,28.7
2021,TE,Foster Moreau,LV,28.7
2021,TE,Kyle Rudolph,NYG,26.9
2021,TE,Chris Herndon,MIN,24.9
2021,TE,Drew Sample,CIN,24.8
2021,TE,Adam Shaheen,MIA,24.5
2021,TE,Pat Freiermuth,PIT,24.5
2021,TE,Ross Dwelley,SF,23.7
2021,TE,Kylen Granson,IND,23.7
2021,TE,Darrell Daniels,ARI,22.5
2021,TE,Noah Gray,KC,21.6
2021,TE,Marcedes Lewis,GB,19.5
2021,TE,James O'Shaughnessy,JAC,18.5
2021,TE,Cameron Brate,TB,18.1
2021,TE,Jace Sternberger,GB,17.1
2021,TE,Harrison Bryant,CLE,14.4
2021,TE,Nick Vannett,NO,12.5
2021,TE,Brycen Hopkins,LAR,8.2
2021,TE,Tre' McKitty,LAC,6.5
2021,TE,Tommy Tremble,CAR,3.3
2022,QB,Josh Allen,BUF,459.3
2022,QB,Justin Herbert,LAC,419.1
2022,QB,Patrick Mahomes,KC,418.9
2022,QB,Tom Brady,TB,402.9
2022,QB,Kyler Murray,ARI,390.7
2022,QB,Dak Prescott,DAL,389.2
2022,QB,Jalen Hurts,PHI,375.5
2022,QB,Lamar Jackson,BAL,367.4
2022,QB,Joe Burrow,CIN,366.1
2022,QB,Matthew Stafford,LAR,363.3
2022,QB,Kirk Cousins,MIN,358.2
2022,QB,Aaron Rodgers,GB,357.7
2022,QB,Russell Wilson,DEN,354.3
2022,QB,Derek Carr,LV,340.4
2022,QB,Trey Lance,SF,338.3
2022,QB,Ryan Tannehill,TEN,325.9
2022,QB,Trevor Lawrence,JAC,320.9
2022,QB,Justin Fields,CHI,318.9
2022,QB,Tua Tagovailoa,MIA,318.3
2022,QB,Zach Wilson,NYJ,307
2022,QB,Matt Ryan,IND,302.1
2022,QB,Jared Goff,DET,299.6
2022,QB,Mac Jones,NE,292.5
2022,QB,Carson Wentz,WAS,288.8
2022,QB,Daniel Jones,NYG,285.5
2022,QB,Davis Mills,HOU,280.7
2022,QB,Baker Mayfield,CAR,278.2
2022,QB,Jameis Winston,NO,221.5
2022,QB,Marcus Mariota,ATL,203.1
2022,QB,Jacoby Brissett,CLE,191.4
2022,QB,Geno Smith,SEA,178.4
2022,QB,Kenny Pickett,PIT,177.5
2022,QB,Mitchell Trubisky,PIT,137.9
2022,QB,Desmond Ridder,ATL,137.1
2022,QB,Drew Lock,SEA,119.2
2022,QB,Deshaun Watson,CLE,116.5
2022,QB,Andy Dalton,NO,102.1
2022,QB,Tyrod Taylor,NYG,48.9
2022,QB,Tyler Huntley,BAL,42.1
2022,QB,Taylor Heinicke,WAS,40.4
2022,QB,Joe Flacco,NYJ,36.3
2022,QB,Trevor Siemian,CHI,33.1
2022,QB,Gardner Minshew,PHI,29.3
2022,QB,Colt McCoy,ARI,29
2022,QB,Teddy Bridgewater,MIA,28.4
2022,QB,Sam Darnold,CAR,26.5
2022,QB,Cooper Rush,DAL,24.5
2022,QB,Brett Rypien,DEN,21
2022,QB,Jimmy Garoppolo,SF,20.1
2022,QB,C.J. Beathard,JAC,19.8
2022,QB,Brian Hoyer,NE,19.5
2022,QB,Jordan Love,GB,17.1
2022,QB,Nate Sudfeld,DET,16
2022,QB,Blaine Gabbert,TB,13.9
2022,QB,Nick Mullens,MIN,11.5
2022,QB,Jarrett Stidham,LV,11.3
2022,QB,Nick Foles,IND,10
2022,QB,Malik Willis,TEN,8.7
2022,QB,John Wolford,LAR,8.6
2022,QB,Chad Henne,KC,5.4
2022,QB,Case Keenum,BUF,5.3
2022,QB,Brandon Allen,CIN,4.1
2022,QB,Chase Daniel,LAC,3.3
2022,RB,Jonathan Taylor,IND,284.9
2022,RB,Derrick Henry,TEN,247.8
2022,RB,Christian McCaffrey,CAR,236.1
2022,RB,Austin Ekeler,LAC,231.7
2022,RB,Dalvin Cook,MIN,210.9
2022,RB,Joe Mixon,CIN,210.9
2022,RB,Najee Harris,PIT,207.5
2022,RB,Alvin Kamara,NO,204.9
2022,RB,Nick Chubb,CLE,195
2022,RB,Leonard Fournette,TB,194.7
2022,RB,James Conner,ARI,194.2
2022,RB,Saquon Barkley,NYG,193
2022,RB,Javonte Williams,DEN,188
2022,RB,Elijah Mitchell,SF,182.9
2022,RB,Ezekiel Elliott,DAL,181.7
2022,RB,D'Andre Swift,DET,180
2022,RB,David Montgomery,CHI,178.5
2022,RB,Cam Akers,LAR,178.1
2022,RB,Aaron Jones,GB,177.9
2022,RB,Breece Hall,NYJ,174
2022,RB,Damien Harris,NE,169.8
2022,RB,Josh Jacobs,LV,157.2
2022,RB,Dameon Pierce,HOU,156.9
2022,RB,Cordarrelle Patterson,ATL,156.3
2022,RB,J.K. Dobbins,BAL,154.6
2022,RB,Travis Etienne,JAC,152.7
2022,RB,Miles Sanders,PHI,150.8
2022,RB,AJ Dillon,GB,145.3
2022,RB,Clyde Edwards-Helaire,KC,145.1
2022,RB,Rhamondre Stevenson,NE,143.5
2022,RB,Devin Singletary,BUF,143.1
2022,RB,Tony Pollard,DAL,143
2022,RB,Antonio Gibson,WAS,141.5
2022,RB,Chase Edmonds,MIA,138.1
2022,RB,Kareem Hunt,CLE,131.5
2022,RB,Rashaad Penny,SEA,130.7
2022,RB,Melvin Gordon,DEN,130
2022,RB,James Robinson,JAC,108.1
2022,RB,Raheem Mostert,MIA,104.3
2022,RB,Kenneth Walker,SEA,102.8
2022,RB,Michael Carter,NYJ,101.4
2022,RB,Jamaal Williams,DET,100.7
2022,RB,Nyheim Hines,IND,99.9
2022,RB,James Cook,BUF,97.5
2022,RB,Kenneth Gainwell,PHI,87.2
2022,RB,Darrell Henderson,LAR,84.4
2022,RB,Alexander Mattison,MIN,82.9
2022,RB,J.D. McKissic,WAS,78.7
2022,RB,Gus Edwards,BAL,75.5
2022,RB,Mark Ingram,NO,74.3
2022,RB,Brian Robinson Jr.,WAS,72.2
2022,RB,Rex Burkhead,HOU,70.7
2022,RB,Rachaad White,TB,67.9
2022,RB,Damien Williams,ATL,65.4
2022,RB,Zamir White,LV,63.2
2022,RB,Khalil Herbert,CHI,62.2
2022,RB,Ameer Abdullah,LV,60.8
2022,RB,Matt Breida,NYG,60.7
2022,RB,Boston Scott,PHI,59.7
2022,RB,Jerick McKinnon,KC,57.1
2022,RB,D'Onta Foreman,CAR,56.5
2022,RB,Eno Benjamin,ARI,53.4
2022,RB,Samaje Perine,CIN,52.4
2022,RB,Isiah Pacheco,KC,50.6
2022,RB,Isaiah Spiller,LAC,50.1
2022,RB,Tyler Allgeier,ATL,49.3
2022,RB,Sony Michel,LAC,49.2
2022,RB,Dontrell Hilliard,TEN,49
2022,RB,D'Ernest Johnson,CLE,43.9
2022,RB,Jeff Wilson,SF,43.8
2022,RB,Kyle Juszczyk,SF,41.6
2022,RB,Ke'Shawn Vaughn,TB,40.4
2022,RB,Ronald Jones,KC,38.2
2022,RB,Chuba Hubbard,CAR,37
2022,RB,Tyrion Davis-Price,SF,35.8
2022,RB,Mike Davis,BAL,35.6
2022,RB,Travis Homer,SEA,33
2022,RB,Benny Snell,PIT,32.9
2022,RB,Joshua Kelley,LAC,31.2
2022,RB,Brandon Bolden,LV,30.4
2022,RB,Chris Evans,CIN,28.3
2022,RB,Darrel Williams,ARI,27.7
2022,RB,Kenyan Drake,BAL,27.5
2022,RB,Hassan Haskins,TEN,26.5
2022,RB,Snoop Conner,JAC,26
2022,RB,Craig Reynolds,DET,26
2022,RB,Gary Brightwell,NYG,24.7
2022,RB,Jaylen Warren,PIT,23.8
2022,RB,Myles Gaskin,MIA,23.4
2022,RB,Zack Moss,BUF,23.3
2022,RB,Tony Jones,NO,22.2
2022,RB,Kyren Williams,LAR,19.8
2022,RB,Giovani Bernard,TB,18.8
2022,RB,Ty Montgomery,NE,13.2
2022,WR,Cooper Kupp,LAR,215.3
2022,WR,Justin Jefferson,MIN,199.3
2022,WR,Ja'Marr Chase,CIN,195.5
2022,WR,Deebo Samuel,SF,173.7
2022,WR,Stefon Diggs,BUF,173.7
2022,WR,CeeDee Lamb,DAL,173
2022,WR,Tyreek Hill,MIA,172.1
2022,WR,Davante Adams,LV,170.6
2022,WR,Mike Evans,TB,161.5
2022,WR,Tee Higgins,CIN,150.7
2022,WR,Mike Williams,LAC,149.6
2022,WR,Michael Pittman Jr.,IND,145.3
2022,WR,A.J. Brown,PHI,144
2022,WR,Brandin Cooks,HOU,143.8
2022,WR,D.J. Moore,CAR,143.3
2022,WR,Courtland Sutton,DEN,142.4
2022,WR,Darnell Mooney,CHI,141.8
2022,WR,Keenan Allen,LAC,141
2022,WR,DK Metcalf,SEA,140.8
2022,WR,Diontae Johnson,PIT,139.5
2022,WR,Jerry Jeudy,DEN,138.9
2022,WR,Amon-Ra St. Brown,DET,137.9
2022,WR,Terry McLaurin,WAS,137.7
2022,WR,Gabe Davis,BUF,133.5
2022,WR,JuJu Smith-Schuster,KC,132.7
2022,WR,Chris Godwin,TB,130.8
2022,WR,Adam Thielen,MIN,123.3
2022,WR,Michael Thomas,NO,122.7
2022,WR,Rashod Bateman,BAL,122.4
2022,WR,Jaylen Waddle,MIA,120.7
2022,WR,Allen Robinson,LAR,119.9
2022,WR,Elijah Moore,NYJ,118.6
2022,WR,Christian Kirk,JAC,118.6
2022,WR,Drake London,ATL,118.5
2022,WR,Kadarius Toney,NYG,118.2
2022,WR,Amari Cooper,CLE,117.9
2022,WR,Tyler Lockett,SEA,117.4
2022,WR,Hunter Renfrow,LV,115.6
2022,WR,Allen Lazard,GB,114.5
2022,WR,Robert Woods,TEN,114.4
2022,WR,Marquise Brown,ARI,110.5
2022,WR,Russell Gage,TB,110.4
2022,WR,DeAndre Hopkins,ARI,108.1
2022,WR,Brandon Aiyuk,SF,108.1
2022,WR,Tyler Boyd,CIN,106.3
2022,WR,Nico Collins,HOU,104.4
2022,WR,Chris Olave,NO,104.2
2022,WR,Mecole Hardman,KC,101.8
2022,WR,Treylon Burks,TEN,101.3
2022,WR,Chase Claypool,PIT,100.7
2022,WR,Jakobi Meyers,NE,100.4
2022,WR,Kenny Golladay,NYG,100.2
2022,WR,DeVonta Smith,PHI,98.4
2022,WR,Van Jefferson,LAR,96.8
2022,WR,Robbie Chosen,CAR,95.9
2022,WR,Marquez Valdes-Scantling,KC,95.7
2022,WR,DeVante Parker,NE,95.5
2022,WR,Curtis Samuel,WAS,90.8
2022,WR,Garrett Wilson,NYJ,90.7
2022,WR,George Pickens,PIT,88.5
2022,WR,Michael Gallup,DAL,88.1
2022,WR,Rondale Moore,ARI,87.9
2022,WR,Jarvis Landry,NO,85.6
2022,WR,Skyy Moore,KC,84.4
2022,WR,Jahan Dotson,WAS,83.5
2022,WR,Jalen Tolbert,DAL,81.6
2022,WR,KJ Hamler,DEN,80.6
2022,WR,Romeo Doubs,GB,80.5
2022,WR,Corey Davis,NYJ,79.5
2022,WR,Josh Palmer,LAC,78.3
2022,WR,K.J. Osborn,MIN,77.3
2022,WR,Marvin Jones,JAC,73.5
2022,WR,Julio Jones,TB,71.9
2022,WR,Parris Campbell,IND,71.7
2022,WR,Isaiah McKenzie,BUF,70.9
2022,WR,Zay Jones,JAC,69
2022,WR,Christian Watson,GB,68.5
2022,WR,Alec Pierce,IND,68.5
2022,WR,Jameson Williams,DET,67.1
2022,WR,D.J. Chark,DET,66.6
2022,WR,Donovan Peoples-Jones,CLE,64.8
2022,WR,Wan'Dale Robinson,NYG,64.5
2022,WR,Velus Jones Jr.,CHI,63.7
2022,WR,Nick Westbrook-Ikhine,TEN,63.5
2022,WR,Cedrick Wilson,MIA,61.3
2022,WR,Randall Cobb,GB,61
2022,WR,Devin Duvernay,BAL,60.5
2022,WR,Sammy Watkins,GB,59.1
2022,WR,A.J. Green,ARI,57.8
2022,WR,Nelson Agholor,NE,56.3
2022,WR,Braxton Berrios,NYJ,55.7
2022,WR,Dee Eskridge,SEA,52.1
2022,WR,James Washington,DAL,50.5
2022,WR,Sterling Shepard,NYG,48.7
2022,WR,Olamide Zaccheaus,ATL,48.5
2022,WR,Anthony Schwartz,CLE,47.6
2022,WR,Byron Pringle,CHI,46.9
2022,WR,Jamison Crowder,BUF,45.1
2022,WR,Terrace Marshall Jr.,CAR,44.9
2022,WR,Quez Watkins,PHI,44.8
2022,WR,Bryan Edwards,ATL,44.5
2022,WR,Jalen Guyton,LAC,43.3
2022,WR,Josh Reynolds,DET,42.4
2022,WR,Laviska Shenault,CAR,40.1
2022,WR,Equanimeous St. Brown,CHI,39.8
2022,WR,Zach Pascal,PHI,38.6
2022,WR,Mack Hollins,LV,37.5
2022,WR,Phillip Dorsett,HOU,35.5
2022,WR,David Bell,CLE,34.7
2022,WR,Kendrick Bourne,NE,33.8
2022,WR,Antoine Wesley,ARI,33.1
2022,WR,Ben Skowronek,LAR,32.4
2022,WR,James Proche,BAL,31.7
2022,WR,Jauan Jennings,SF,31.5
2022,WR,Tyler Johnson,HOU,31.5
2022,WR,Trent Sherfield,MIA,25.8
2022,WR,Kyle Philips,TEN,25.5
2022,WR,Tutu Atwell,LAR,24.8
2022,WR,Marquise Goodwin,SEA,24.6
2022,WR,Miles Boykin,PIT,23.8
2022,WR,Marquez Callaway,NO,22.7
2022,WR,Breshad Perriman,TB,21.5
2022,WR,Simi Fehoko,DAL,21.5
2022,WR,Jalen Reagor,MIN,21.5
2022,WR,Noah Brown,DAL,20.5
2022,WR,Ashton Dulin,IND,20.4
2022,WR,Ray-Ray McCloud,SF,18.8
2022,WR,Kalif Raymond,DET,18.1
2022,WR,Deonte Harty,NO,17.8
2022,WR,Amari Rodgers,GB,17.7
2022,WR,Tylan Wallace,BAL,17.7
2022,WR,Odell Beckham Jr.,FA,16
2022,WR,Will Fuller,FA,16
2022,WR,Khalil Shakir,BUF,14.1
2022,TE,Mark Andrews,BAL,158.4
2022,TE,Travis Kelce,KC,149.4
2022,TE,Kyle Pitts,ATL,134.9
2022,TE,George Kittle,SF,119.3
2022,TE,Darren Waller,LV,118.5
2022,TE,Dalton Schultz,DAL,113.7
2022,TE,Dallas Goedert,PHI,102.7
2022,TE,T.J. Hockenson,DET,101.1
2022,TE,Zach Ertz,ARI,97.7
2022,TE,Hunter Henry,NE,96.7
2022,TE,Dawson Knox,BUF,96.5
2022,TE,Cole Kmet,CHI,91.7
2022,TE,Tyler Higbee,LAR,89
2022,TE,Albert Okwuegbunam,DEN,87.4
2022,TE,Pat Freiermuth,PIT,86.7
2022,TE,Mike Gesicki,MIA,85.2
2022,TE,Irv Smith,MIN,84.4
2022,TE,David Njoku,CLE,81.6
2022,TE,Logan Thomas,WAS,80.7
2022,TE,Austin Hooper,TEN,80.6
2022,TE,Robert Tonyan,GB,76.3
2022,TE,Noah Fant,SEA,75.5
2022,TE,Evan Engram,JAC,74.1
2022,TE,Gerald Everett,LAC,72.2
2022,TE,Mo Alie-Cox,IND,62.6
2022,TE,Brevin Jordan,HOU,61.5
2022,TE,Hayden Hurst,CIN,60.2
2022,TE,C.J. Uzomah,NYJ,58.7
2022,TE,Jonnu Smith,NE,58.2
2022,TE,Isaiah Likely,BAL,56.4
2022,TE,Cameron Brate,TB,54.5
2022,TE,Harrison Bryant,CLE,48.5
2022,TE,Taysom Hill,NO,45.9
2022,TE,Daniel Bellinger,NYG,44.5
2022,TE,Dan Arnold,JAC,43.6
2022,TE,Tommy Tremble,CAR,40.8
2022,TE,Foster Moreau,LV,39.7
2022,TE,Adam Trautman,NO,38.5
2022,TE,Tyler Conklin,NYJ,37.5
2022,TE,Donald Parham,LAC,37.5
2022,TE,Will Dissly,SEA,36.5
2022,TE,Greg Dulcich,DEN,35.6
2022,TE,Kyle Rudolph,TB,35.1
2022,TE,Trey McBride,ARI,34.4
2022,TE,Geoff Swaim,TEN,31.1
2022,TE,Kylen Granson,IND,28.5
2022,TE,Rob Gronkowski,FA,27.5
2022,TE,Pharaoh Brown,HOU,27.5
2022,TE,John Bates,WAS,26.5
2022,TE,Jody Fortson,KC,26.5
2022,TE,O.J. Howard,HOU,24.9
2022,TE,Ian Thomas,CAR,23.8
2022,TE,Jelani Woods,IND,23.6
2022,TE,Marcedes Lewis,GB,22.6
2022,TE,Ryan Griffin,CHI,20.6
2022,TE,Ross Dwelley,SF,20.5
2022,TE,Cade Otton,TB,19.5
2022,TE,Zach Gentry,PIT,18.5
2022,TE,Josiah Deguara,GB,16.1
2022,TE,Nick Boyle,BAL,16.1
2022,TE,Noah Gray,KC,16
2022,TE,Nick Vannett,NO,14
2022,TE,Brock Wright,DET,13.8
2022,TE,Ben Ellefson,MIN,12.8
2022,TE,Maxx Williams,ARI,8.7
2022,TE,Tre' McKitty,LAC,8.2
2022,TE,Tommy Sweeney,BUF,7.3
2023,QB,Josh Allen,BUF,446.5
2023,QB,Patrick Mahomes,KC,443.5
2023,QB,Jalen Hurts,PHI,413.1
2023,QB,Joe Burrow,CIN,400.1
2023,QB,Lamar Jackson,BAL,396.1
2023,QB,Justin Herbert,LAC,383.1
2023,QB,Justin Fields,CHI,375.8
2023,QB,Geno Smith,SEA,362.9
2023,QB,Kirk Cousins,MIN,357.2
2023,QB,Trevor Lawrence,JAC,348.3
2023,QB,Dak Prescott,DAL,342.9
2023,QB,Daniel Jones,NYG,340.8
2023,QB,Deshaun Watson,CLE,333
2023,QB,Aaron Rodgers,NYJ,329.3
2023,QB,Jared Goff,DET,324.2
2023,QB,Tua Tagovailoa,MIA,323.7
2023,QB,Russell Wilson,DEN,309.5
2023,QB,Anthony Richardson,IND,308.9
2023,QB,Matthew Stafford,LAR,297
2023,QB,Jordan Love,GB,295.2
2023,QB,Jimmy Garoppolo,LV,290.2
2023,QB,Kenny Pickett,PIT,288.2
2023,QB,Derek Carr,NO,287.1
2023,QB,Brock Purdy,SF,283.6
2023,QB,Bryce Young,CAR,263.6
2023,QB,C.J. Stroud,HOU,262.4
2023,QB,Mac Jones,NE,245.9
2023,QB,Ryan Tannehill,TEN,243.1
2023,QB,Sam Howell,WAS,232.3
2023,QB,Kyler Murray,ARI,217.6
2023,QB,Desmond Ridder,ATL,200.5
2023,QB,Baker Mayfield,TB,185.8
2023,QB,Kyle Trask,TB,99.4
2023,QB,Joshua Dobbs,ARI,94.9
2023,QB,Jacoby Brissett,WAS,94.3
2023,QB,Taylor Heinicke,ATL,67.7
2023,QB,Will Levis,TEN,54.9
2023,QB,Bailey Zappe,NE,48.3
2023,QB,Sam Darnold,SF,44.7
2023,QB,Brian Hoyer,LV,43.9
2023,QB,Mitchell Trubisky,PIT,40.7
2023,QB,Gardner Minshew,IND,38.8
2023,QB,Mike White,MIA,37.5
2023,QB,Marcus Mariota,PHI,36.5
2023,QB,Jarrett Stidham,DEN,36.1
2023,QB,Clayton Tune,ARI,31.2
2023,QB,Tyler Huntley,BAL,30.1
2023,QB,Dorian Thompson-Robinson,CLE,28.6
2023,QB,Stetson Bennett,LAR,27.7
2023,QB,Andy Dalton,CAR,26.5
2023,QB,Tyson Bagent,CHI,26.3
2023,QB,Easton Stick,LAC,23.3
2023,QB,Davis Mills,HOU,23.2
2023,QB,Blaine Gabbert,KC,19.1
2023,QB,Nick Mullens,MIN,17.2
2023,QB,Zach Wilson,NYJ,17
2023,QB,Cooper Rush,DAL,16.1
2023,QB,Jameis Winston,NO,16
2023,QB,Hendon Hooker,DET,15.9
2023,QB,Kyle Allen,BUF,15.9
2023,QB,Drew Lock,SEA,15
2023,QB,Tyrod Taylor,NYG,14.7
2023,QB,C.J. Beathard,JAC,13.4
2023,QB,Sean Clifford,GB,10.6
2023,QB,Nate Sudfeld,DET,0
2023,RB,Christian McCaffrey,SF,249.9
2023,RB,Austin Ekeler,LAC,232.8
2023,RB,Nick Chubb,CLE,225.6
2023,RB,Derrick Henry,TEN,222.7
2023,RB,Tony Pollard,DAL,222.7
2023,RB,Bijan Robinson,ATL,209.9
2023,RB,Saquon Barkley,NYG,208.6
2023,RB,Josh Jacobs,LV,203.9
2023,RB,Aaron Jones,GB,194.5
2023,RB,Najee Harris,PIT,190.8
2023,RB,Kenneth Walker,SEA,182.2
2023,RB,Rhamondre Stevenson,NE,180.9
2023,RB,Alexander Mattison,MIN,175.3
2023,RB,Joe Mixon,CIN,173.8
2023,RB,Travis Etienne,JAC,173
2023,RB,Breece Hall,NYJ,167.2
2023,RB,Jahmyr Gibbs,DET,165
2023,RB,James Conner,ARI,162.8
2023,RB,J.K. Dobbins,BAL,162.7
2023,RB,Dameon Pierce,HOU,161.3
2023,RB,Alvin Kamara,NO,158.2
2023,RB,Cam Akers,LAR,158
2023,RB,Miles Sanders,CAR,157
2023,RB,Rachaad White,TB,156.2
2023,RB,Isiah Pacheco,KC,154.2
2023,RB,Samaje Perine,DEN,149.9
2023,RB,D'Andre Swift,PHI,146.8
2023,RB,Jonathan Taylor,IND,146.5
2023,RB,AJ Dillon,GB,142.1
2023,RB,James Cook,BUF,141.1
2023,RB,David Montgomery,DET,136.7
2023,RB,Javonte Williams,DEN,127.3
2023,RB,Raheem Mostert,MIA,123.2
2023,RB,Rashaad Penny,PHI,122.9
2023,RB,Khalil Herbert,CHI,119.6
2023,RB,Antonio Gibson,WAS,119.4
2023,RB,Brian Robinson Jr.,WAS,113
2023,RB,Jamaal Williams,NO,108.2
2023,RB,Dalvin Cook,NYJ,105.8
2023,RB,Elijah Mitchell,SF,95.2
2023,RB,De'Von Achane,MIA,92
2023,RB,Jerick McKinnon,KC,91.1
2023,RB,Ezekiel Elliott,NE,88.4
2023,RB,Devin Singletary,HOU,88.1
2023,RB,Leonard Fournette,FA,88
2023,RB,D'Onta Foreman,CHI,87.7
2023,RB,Gus Edwards,BAL,86.5
2023,RB,Damien Harris,BUF,85.5
2023,RB,Tyler Allgeier,ATL,84
2023,RB,Zach Charbonnet,SEA,81
2023,RB,Chuba Hubbard,CAR,75.9
2023,RB,Cordarrelle Patterson,ATL,75.3
2023,RB,Jaylen Warren,PIT,74.3
2023,RB,Joshua Kelley,LAC,74
2023,RB,Jeff Wilson,MIA,71.1
2023,RB,Tank Bigsby,JAC,70.7
2023,RB,Tyjae Spears,TEN,68
2023,RB,Chase Edmonds,TB,67.4
2023,RB,Jerome Ford,CLE,63.4
2023,RB,Clyde Edwards-Helaire,KC,63.3
2023,RB,Kyren Williams,LAR,58.4
2023,RB,Kenneth Gainwell,PHI,57.5
2023,RB,Deuce Vaughn,DAL,56
2023,RB,Chase Brown,CIN,55.9
2023,RB,Zamir White,LV,54.4
2023,RB,Roschon Johnson,CHI,49
2023,RB,Michael Carter,NYJ,48.4
2023,RB,Kendre Miller,NO,48.3
2023,RB,Keaontay Ingram,ARI,46.7
2023,RB,Matt Breida,NYG,42.6
2023,RB,Rico Dowdle,DAL,37.5
2023,RB,Ty Chandler,MIN,37
2023,RB,Deon Jackson,IND,36.9
2023,RB,Ameer Abdullah,LV,36.1
2023,RB,Sean Tucker,TB,34.7
2023,RB,Ronald Jones,DAL,33.9
2023,RB,Zach Evans,LAR,33
2023,RB,Isaiah Spiller,LAC,31.8
2023,RB,Mike Boone,HOU,30.5
2023,RB,DeeJay Dallas,SEA,29.9
2023,RB,Trayveon Williams,CIN,29.2
2023,RB,Evan Hull,IND,29.1
2023,RB,Zack Moss,IND,28.6
2023,RB,Chris Evans,CIN,28
2023,RB,Pierre Strong Jr.,CLE,27.6
2023,RB,Israel Abanikanda,NYJ,27.6
2023,RB,Anthony McFarland Jr.,PIT,26.3
2023,RB,D'Ernest Johnson,JAC,24.9
2023,RB,Jordan Mason,SF,24.9
2023,RB,Ke'Shawn Vaughn,TB,24.3
2023,RB,Jaleel McLaughlin,DEN,23.8
2023,RB,Kene Nwangwu,MIN,21.3
2023,RB,Latavius Murray,BUF,21.1
2023,RB,Boston Scott,PHI,20.4
2023,RB,Justice Hill,BAL,18
2023,RB,Eric Gray,NYG,17.1
2023,RB,Chris Rodriguez Jr.,WAS,15
2023,WR,Justin Jefferson,MIN,213.2
2023,WR,Ja'Marr Chase,CIN,206.5
2023,WR,Tyreek Hill,MIA,204.1
2023,WR,Davante Adams,LV,193.5
2023,WR,A.J. Brown,PHI,179.5
2023,WR,CeeDee Lamb,DAL,179.4
2023,WR,Stefon Diggs,BUF,176
2023,WR,Jaylen Waddle,MIA,160.2
2023,WR,Cooper Kupp,LAR,156.7
2023,WR,Garrett Wilson,NYJ,154.5
2023,WR,Amon-Ra St. Brown,DET,153.6
2023,WR,Amari Cooper,CLE,151.9
2023,WR,DK Metcalf,SEA,150.8
2023,WR,Chris Olave,NO,147.6
2023,WR,Christian Watson,GB,146.8
2023,WR,DeVonta Smith,PHI,144.8
2023,WR,Tee Higgins,CIN,143.7
2023,WR,Deebo Samuel,SF,143
2023,WR,Mike Williams,LAC,140.1
2023,WR,Calvin Ridley,JAC,139.5
2023,WR,Keenan Allen,LAC,139.1
2023,WR,Christian Kirk,JAC,130.1
2023,WR,Diontae Johnson,PIT,128.9
2023,WR,D.J. Moore,CHI,128
2023,WR,George Pickens,PIT,125.7
2023,WR,Drake London,ATL,125.5
2023,WR,Terry McLaurin,WAS,124.5
2023,WR,Chris Godwin,TB,124.3
2023,WR,DeAndre Hopkins,TEN,123.5
2023,WR,Marquise Brown,ARI,123.5
2023,WR,Brandon Aiyuk,SF,121.5
2023,WR,Mike Evans,TB,118.5
2023,WR,Brandin Cooks,DAL,118.1
2023,WR,Gabe Davis,BUF,116.5
2023,WR,Jahan Dotson,WAS,115.8
2023,WR,Michael Pittman Jr.,IND,115.6
2023,WR,Tyler Lockett,SEA,115.5
2023,WR,Kadarius Toney,KC,115.3
2023,WR,Treylon Burks,TEN,111.8
2023,WR,JuJu Smith-Schuster,NE,111.7
2023,WR,Courtland Sutton,DEN,111.4
2023,WR,Jerry Jeudy,DEN,111.2
2023,WR,Tyler Boyd,CIN,107.8
2023,WR,Jaxon Smith-Njigba,SEA,106.7
2023,WR,Michael Gallup,DAL,99
2023,WR,Zay Flowers,BAL,98.8
2023,WR,Odell Beckham Jr.,BAL,97.7
2023,WR,Michael Thomas,NO,95.9
2023,WR,Adam Thielen,CAR,95.6
2023,WR,Jakobi Meyers,LV,95.5
2023,WR,Jordan Addison,MIN,94.1
2023,WR,Curtis Samuel,WAS,93.6
2023,WR,Nico Collins,HOU,92.8
2023,WR,Elijah Moore,CLE,92.5
2023,WR,Skyy Moore,KC,91.6
2023,WR,Rashod Bateman,BAL,90.1
2023,WR,Alec Pierce,IND,86
2023,WR,Quentin Johnston,LAC,85.7
2023,WR,Van Jefferson,LAR,85.5
2023,WR,DeVante Parker,NE,85.3
2023,WR,Darnell Mooney,CHI,85.1
2023,WR,D.J. Chark,CAR,83.5
2023,WR,Marquez Valdes-Scantling,KC,82.9
2023,WR,Romeo Doubs,GB,82.5
2023,WR,K.J. Osborn,MIN,81.9
2023,WR,Hunter Renfrow,LV,81.7
2023,WR,Allen Lazard,NYJ,81.5
2023,WR,Rondale Moore,ARI,80
2023,WR,Jonathan Mingo,CAR,77.8
2023,WR,Marvin Mims,DEN,77.7
2023,WR,Zay Jones,JAC,73.6
2023,WR,Chase Claypool,CHI,73.5
2023,WR,Jameson Williams,DET,72.2
2023,WR,Jayden Reed,GB,71.2
2023,WR,Donovan Peoples-Jones,CLE,70.2
2023,WR,Robert Woods,HOU,70.2
2023,WR,Rashee Rice,KC,69.6
2023,WR,Rashid Shaheed,NO,67.6
2023,WR,Mecole Hardman,NYJ,67.4
2023,WR,Josh Reynolds,DET,66.9
2023,WR,Tank Dell,HOU,66.7
2023,WR,Isaiah Hodgins,NYG,64.5
2023,WR,Michael Wilson,ARI,63.9
2023,WR,Mack Hollins,ATL,62.8
2023,WR,Tutu Atwell,LAR,62.3
2023,WR,Darius Slayton,NYG,62.1
2023,WR,Josh Palmer,LAC,58.5
2023,WR,Allen Robinson,PIT,55.8
2023,WR,Kendrick Bourne,NE,54.5
2023,WR,Parris Campbell,NYG,50.9
2023,WR,John Metchie,HOU,49.8
2023,WR,Deonte Harty,BUF,48.1
2023,WR,Marvin Jones,DET,47.6
2023,WR,Jauan Jennings,SF,46.5
2023,WR,Quez Watkins,PHI,46.5
2023,WR,Josh Downs,IND,45.6
2023,WR,Puka Nacua,LAR,45.5
2023,WR,Noah Brown,HOU,44.4
2023,WR,Jalin Hyatt,NYG,43.7
2023,WR,Tyquan Thornton,NE,43.7
2023,WR,Trey Palmer,TB,43.3
2023,WR,Khalil Shakir,BUF,43.2
2023,WR,Kyle Philips,TEN,42.5
2023,WR,Wan'Dale Robinson,NYG,42
2023,WR,Braxton Berrios,MIA,40.7
2023,WR,Isaiah McKenzie,IND,40
2023,WR,Randall Cobb,NYJ,38.9
2023,WR,Cedrick Wilson,MIA,38.8
2023,WR,Nelson Agholor,BAL,37.6
2023,WR,Tyler Scott,CHI,36.7
2023,WR,Greg Dortch,ARI,35.5
2023,WR,Nick Westbrook-Ikhine,TEN,35.1
2023,WR,Laviska Shenault,CAR,33.8
2023,WR,Jamal Agnew,JAC,33.5
2023,WR,Samori Toure,GB,30.1
2023,WR,Richie James,KC,29.6
2023,WR,Terrace Marshall Jr.,CAR,29.5
2023,WR,Justin Watson,KC,28.1
2023,WR,Charlie Jones,CIN,28.1
2023,WR,Ben Skowronek,LAR,27.8
2023,WR,Tre'Quan Smith,NO,27.7
2023,WR,Kalif Raymond,DET,27.5
2023,WR,Justyn Ross,KC,27.1
2023,WR,Scotty Miller,ATL,24.8
2023,WR,Dyami Brown,WAS,24.5
2023,WR,Calvin Austin,PIT,24.2
2023,WR,Olamide Zaccheaus,PHI,23.5
2023,WR,Jalen Tolbert,DAL,21.5
2023,WR,Trenton Irwin,CIN,20.4
2023,WR,Dareke Young,SEA,19.9
2023,WR,David Bell,CLE,19.4
2023,WR,DeAndre Carter,LV,18.8
2023,WR,Deven Thompkins,TB,17.7
2023,WR,Trent Sherfield,BUF,11.7
2023,WR,Tim Jones,JAC,11.5
2023,WR,Equanimeous St. Brown,CHI,10.1
2023,WR,Ray-Ray McCloud,SF,9.3
2023,WR,Marquise Goodwin,CLE,8.2
2023,TE,Travis Kelce,KC,160.7
2023,TE,Mark Andrews,BAL,130.7
2023,TE,T.J. Hockenson,MIN,123.7
2023,TE,George Kittle,SF,113.4
2023,TE,Darren Waller,NYG,108.8
2023,TE,Kyle Pitts,ATL,108.7
2023,TE,Dallas Goedert,PHI,89.8
2023,TE,Tyler Higbee,LAR,87.9
2023,TE,David Njoku,CLE,87.8
2023,TE,Cole Kmet,CHI,87.1
2023,TE,Pat Freiermuth,PIT,86.7
2023,TE,Evan Engram,JAC,84.6
2023,TE,Chigoziem Okonkwo,TEN,81.5
2023,TE,Greg Dulcich,DEN,78.6
2023,TE,Dalton Schultz,HOU,77.5
2023,TE,Noah Fant,SEA,76.9
2023,TE,Sam LaPorta,DET,75.6
2023,TE,Dalton Kincaid,BUF,75.5
2023,TE,Gerald Everett,LAC,74.3
2023,TE,Jake Ferguson,DAL,73.3
2023,TE,Dawson Knox,BUF,71.7
2023,TE,Tyler Conklin,NYJ,70.6
2023,TE,Taysom Hill,NO,70.1
2023,TE,Juwan Johnson,NO,66.5
2023,TE,Hunter Henry,NE,63.5
2023,TE,Hayden Hurst,CAR,63.4
2023,TE,Michael Mayer,LV,61.8
2023,TE,Cade Otton,TB,59.7
2023,TE,Luke Musgrave,GB,59.7
2023,TE,Irv Smith,CIN,58.7
2023,TE,Logan Thomas,WAS,56.9
2023,TE,Trey McBride,ARI,53.5
2023,TE,Mike Gesicki,NE,50.5
2023,TE,Jelani Woods,IND,47.5
2023,TE,Zach Ertz,ARI,46.4
2023,TE,Adam Trautman,DEN,40.8
2023,TE,Will Dissly,SEA,38.7
2023,TE,Austin Hooper,LV,36.5
2023,TE,Jonnu Smith,ATL,36.5
2023,TE,Isaiah Likely,BAL,36.5
2023,TE,Durham Smythe,MIA,36.4
2023,TE,Noah Gray,KC,35.9
2023,TE,C.J. Uzomah,NYJ,35.5
2023,TE,Jordan Akins,CLE,34.8
2023,TE,Robert Tonyan,CHI,30.8
2023,TE,Darnell Washington,PIT,30.7
2023,TE,Donald Parham,LAC,28.8
2023,TE,Colby Parkinson,SEA,24.8
2023,TE,Daniel Bellinger,NYG,24.5
2023,TE,Ian Thomas,CAR,24
2023,TE,Kylen Granson,IND,23.6
2023,TE,Peyton Hendershot,DAL,22.6
2023,TE,Tucker Kraft,GB,21.5
2023,TE,Mo Alie-Cox,IND,20
2023,TE,Hunter Long,LAR,20
2023,TE,Brevin Jordan,HOU,18.9
2023,TE,Brock Wright,DET,18.1
2023,TE,Harrison Bryant,CLE,17.7
2023,TE,Foster Moreau,NO,17.7
2023,TE,Ko Kieft,TB,17.3
2023,TE,Luke Schoonmaker,DAL,17.1
2023,TE,Brenton Strange,JAC,17.1
2023,TE,Jack Stoll,PHI,16.5
2023,TE,James Mitchell,DET,14.7
2023,TE,Drew Sample,CIN,14.1
2023,TE,Josh Oliver,MIN,13.5
2023,TE,Jeremy Ruckert,NYJ,8.8
2023,TE,Tommy Tremble,CAR,7.7
2023,TE,Teagan Quitoriano,HOU,7.7
2023,TE,Charlie Kolar,BAL,6.5
2023,TE,Quintin Morris,BUF,5.2
2023,TE,Johnny Mundt,MIN,4.2
2024,QB,Jalen Hurts,PHI,408.9
2024,QB,Josh Allen,BUF,402.6
2024,QB,Patrick Mahomes,KC,399.3
2024,QB,Lamar Jackson,BAL,371.9
2024,QB,Dak Prescott,DAL,360.8
2024,QB,Joe Burrow,CIN,355.8
2024,QB,C.J. Stroud,HOU,351.7
2024,QB,Anthony Richardson,IND,349.9
2024,QB,Brock Purdy,SF,347.5
2024,QB,Kyler Murray,ARI,344.1
2024,QB,Trevor Lawrence,JAC,340.6
2024,QB,Jordan Love,GB,339.8
2024,QB,Jared Goff,DET,335.5
2024,QB,Tua Tagovailoa,MIA,332.2
2024,QB,Caleb Williams,CHI,330.6
2024,QB,Jayden Daniels,WAS,326.8
2024,QB,Deshaun Watson,CLE,322.5
2024,QB,Baker Mayfield,TB,319.6
2024,QB,Kirk Cousins,ATL,313.9
2024,QB,Justin Herbert,LAC,311.4
2024,QB,Will Levis,TEN,307.5
2024,QB,Aaron Rodgers,NYJ,306.2
2024,QB,Matthew Stafford,LAR,306.1
2024,QB,Geno Smith,SEA,299.1
2024,QB,Derek Carr,NO,289.5
2024,QB,Sam Darnold,MIN,289.5
2024,QB,Bryce Young,CAR,286.3
2024,QB,Daniel Jones,NYG,279.6
2024,QB,Bo Nix,DEN,264.1
2024,QB,Russell Wilson,PIT,257.5
2024,QB,Drake Maye,NE,242.3
2024,QB,Gardner Minshew,LV,181
2024,QB,Aidan O'Connell,LV,135.1
2024,QB,Justin Fields,PIT,102.8
2024,QB,Jacoby Brissett,NE,79.6
2024,QB,Drew Lock,NYG,60.4
2024,QB,Sam Howell,SEA,53
2024,QB,Nick Mullens,MIN,39.1
2024,QB,Joe Flacco,IND,35.9
2024,QB,Jake Browning,CIN,34.3
2024,QB,Clayton Tune,ARI,28.9
2024,QB,Jarrett Stidham,DEN,27.8
2024,QB,Jimmy Garoppolo,LAR,27.4
2024,QB,Tyson Bagent,CHI,27.4
2024,QB,Jameis Winston,CLE,26.9
2024,QB,Tyrod Taylor,NYJ,24
2024,QB,Mason Rudolph,TEN,23.7
2024,QB,Malik Willis,GB,22.6
2024,QB,Marcus Mariota,WAS,22.3
2024,QB,Carson Wentz,KC,22.2
2024,QB,Joshua Dobbs,SF,20.1
2024,QB,Davis Mills,HOU,20.1
2024,QB,Easton Stick,LAC,19.7
2024,QB,Michael Penix Jr.,ATL,18.4
2024,QB,Mac Jones,JAC,18.2
2024,QB,Kenny Pickett,PHI,17.9
2024,QB,Josh Johnson,BAL,16.6
2024,QB,Spencer Rattler,NO,16.6
2024,QB,Mitchell Trubisky,BUF,15.6
2024,QB,Cooper Rush,DAL,13.9
2024,QB,Kyle Trask,TB,13.8
2024,QB,Andy Dalton,CAR,9.9
2024,QB,Hendon Hooker,DET,5.8
2024,RB,Christian McCaffrey,SF,274.4
2024,RB,Bijan Robinson,ATL,219
2024,RB,Breece Hall,NYJ,217.8
2024,RB,Kyren Williams,LAR,213.4
2024,RB,Jonathan Taylor,IND,210.3
2024,RB,Derrick Henry,BAL,201.7
2024,RB,Saquon Barkley,PHI,195.6
2024,RB,Travis Etienne,JAC,191.2
2024,RB,James Cook,BUF,188.3
2024,RB,Jahmyr Gibbs,DET,183
2024,RB,Isiah Pacheco,KC,183
2024,RB,Josh Jacobs,GB,178.5
2024,RB,Kenneth Walker,SEA,177.5
2024,RB,David Montgomery,DET,177
2024,RB,Rachaad White,TB,173.8
2024,RB,Raheem Mostert,MIA,172
2024,RB,De'Von Achane,MIA,172
2024,RB,Joe Mixon,HOU,171.8
2024,RB,Alvin Kamara,NO,168.7
2024,RB,Zamir White,LV,165.6
2024,RB,Aaron Jones,MIN,164.1
2024,RB,Najee Harris,PIT,161.6
2024,RB,Rhamondre Stevenson,NE,153.6
2024,RB,Brian Robinson Jr.,WAS,152.7
2024,RB,James Conner,ARI,151.1
2024,RB,D'Andre Swift,CHI,150.8
2024,RB,Javonte Williams,DEN,145.2
2024,RB,Gus Edwards,LAC,142.6
2024,RB,Tony Pollard,TEN,136.7
2024,RB,Jaylen Warren,PIT,133.7
2024,RB,Zack Moss,CIN,133
2024,RB,Devin Singletary,NYG,132.7
2024,RB,Tyjae Spears,TEN,131.8
2024,RB,Ezekiel Elliott,DAL,130.8
2024,RB,Jonathon Brooks,CAR,126.1
2024,RB,Chase Brown,CIN,115
2024,RB,Jerome Ford,CLE,114.1
2024,RB,Austin Ekeler,WAS,114
2024,RB,Ty Chandler,MIN,111.6
2024,RB,Nick Chubb,CLE,108.1
2024,RB,J.K. Dobbins,LAC,107
2024,RB,Tyler Allgeier,ATL,99.8
2024,RB,Chuba Hubbard,CAR,98.9
2024,RB,Zach Charbonnet,SEA,97.1
2024,RB,Jaleel McLaughlin,DEN,95.5
2024,RB,Rico Dowdle,DAL,90.3
2024,RB,Antonio Gibson,NE,89.2
2024,RB,Trey Benson,ARI,83.4
2024,RB,Blake Corum,LAR,77
2024,RB,MarShawn Lloyd,GB,76.3
2024,RB,Khalil Herbert,CHI,73.6
2024,RB,Ray Davis,BUF,72.2
2024,RB,Alexander Mattison,LV,68
2024,RB,Jamaal Williams,NO,66.7
2024,RB,Jordan Mason,SF,64
2024,RB,Bucky Irving,TB,63.8
2024,RB,Clyde Edwards-Helaire,KC,60.3
2024,RB,Kenneth Gainwell,PHI,57.8
2024,RB,Braelon Allen,NYJ,57.3
2024,RB,Justice Hill,BAL,55.2
2024,RB,Samaje Perine,KC,54.2
2024,RB,Miles Sanders,CAR,51.6
2024,RB,Tank Bigsby,JAC,48.4
2024,RB,Dameon Pierce,HOU,48.3
2024,RB,Roschon Johnson,CHI,47.7
2024,RB,Tyrone Tracy Jr.,NYG,47.2
2024,RB,D'Onta Foreman,CLE,45.2
2024,RB,Trey Sermon,IND,44.2
2024,RB,Jaylen Wright,MIA,43.8
2024,RB,Ty Johnson,BUF,42.7
2024,RB,Kendre Miller,NO,38.5
2024,RB,Kimani Vidal,LAC,34.5
2024,RB,Pierre Strong Jr.,CLE,33.7
2024,RB,D'Ernest Johnson,JAC,33.2
2024,RB,Ameer Abdullah,LV,32.9
2024,RB,Eric Gray,NYG,31.6
2024,RB,Keaton Mitchell,BAL,30.5
2024,RB,Michael Carter,ARI,29.2
2024,RB,Cordarrelle Patterson,PIT,27.2
2024,RB,Dalvin Cook,DAL,25
2024,RB,Craig Reynolds,DET,25
2024,RB,Cam Akers,HOU,24.7
2024,RB,Isaiah Davis,NYJ,24
2024,RB,Ronnie Rivers,LAR,23.1
2024,RB,Carson Steele,KC,21.3
2024,RB,Israel Abanikanda,NYJ,20.8
2024,RB,Dare Ogunbowale,HOU,20.6
2024,RB,Isaac Guerendo,SF,19.5
2024,RB,Julius Chestnut,TEN,19.5
2024,RB,Jase McClellan,ATL,15.2
2024,RB,Will Shipley,PHI,13.8
2024,RB,Audric Estime,DEN,11.8
2024,WR,Tyreek Hill,MIA,226.6
2024,WR,CeeDee Lamb,DAL,218.8
2024,WR,Justin Jefferson,MIN,189
2024,WR,Ja'Marr Chase,CIN,187.5
2024,WR,Amon-Ra St. Brown,DET,185.6
2024,WR,Puka Nacua,LAR,177.5
2024,WR,A.J. Brown,PHI,176.9
2024,WR,Mike Evans,TB,163.4
2024,WR,Garrett Wilson,NYJ,163
2024,WR,Deebo Samuel,SF,160.8
2024,WR,Chris Olave,NO,159.7
2024,WR,Davante Adams,LV,157.3
2024,WR,Drake London,ATL,155.3
2024,WR,Brandon Aiyuk,SF,155.1
2024,WR,DeVonta Smith,PHI,152.1
2024,WR,DK Metcalf,SEA,150.5
2024,WR,Nico Collins,HOU,148.5
2024,WR,Rashee Rice,KC,147.8
2024,WR,Malik Nabers,NYG,146.5
2024,WR,Marvin Harrison Jr.,ARI,146.4
2024,WR,George Pickens,PIT,146.4
2024,WR,Jaylen Waddle,MIA,145.4
2024,WR,Cooper Kupp,LAR,143.9
2024,WR,Tee Higgins,CIN,143.5
2024,WR,Zay Flowers,BAL,141.8
2024,WR,Amari Cooper,CLE,141.6
2024,WR,Michael Pittman Jr.,IND,138.8
2024,WR,D.J. Moore,CHI,138.7
2024,WR,Stefon Diggs,HOU,138.7
2024,WR,Calvin Ridley,TEN,138.4
2024,WR,Christian Kirk,JAC,136.6
2024,WR,Chris Godwin,TB,136.5
2024,WR,Tank Dell,HOU,132.3
2024,WR,Diontae Johnson,CAR,130.1
2024,WR,Terry McLaurin,WAS,129.5
2024,WR,Jayden Reed,GB,127.1
2024,WR,Courtland Sutton,DEN,124.4
2024,WR,Jaxon Smith-Njigba,SEA,121.3
2024,WR,Jordan Addison,MIN,119.5
2024,WR,DeAndre Hopkins,TEN,117.5
2024,WR,Xavier Worthy,KC,117.3
2024,WR,Christian Watson,GB,112.2
2024,WR,Keenan Allen,CHI,111.5
2024,WR,Jameson Williams,DET,110.3
2024,WR,Brandin Cooks,DAL,106.7
2024,WR,Josh Palmer,LAC,106.3
2024,WR,Ladd McConkey,LAC,106.2
2024,WR,Rashid Shaheed,NO,105.2
2024,WR,Rome Odunze,CHI,102.6
2024,WR,Khalil Shakir,BUF,101.5
2024,WR,Marquise Brown,KC,101.4
2024,WR,Jakobi Meyers,LV,101.3
2024,WR,Jerry Jeudy,CLE,99.4
2024,WR,Keon Coleman,BUF,98.5
2024,WR,Tyler Lockett,SEA,97.7
2024,WR,Darnell Mooney,ATL,97.2
2024,WR,Romeo Doubs,GB,95.4
2024,WR,Demario Douglas,NE,93.9
2024,WR,Brian Thomas Jr.,JAC,92.7
2024,WR,Adam Thielen,CAR,92.6
2024,WR,Gabe Davis,JAC,91.5
2024,WR,Curtis Samuel,BUF,87.8
2024,WR,Ja'Lynn Polk,NE,83.7
2024,WR,Kendrick Bourne,NE,82.3
2024,WR,Demarcus Robinson,LAR,81.4
2024,WR,Mike Williams,NYJ,80.6
2024,WR,Marvin Mims,DEN,78.7
2024,WR,Michael Wilson,ARI,78.3
2024,WR,Darius Slayton,NYG,76.6
2024,WR,Josh Downs,IND,76.2
2024,WR,Jalen Tolbert,DAL,72.3
2024,WR,D.J. Chark,LAC,71.9
2024,WR,Rashod Bateman,BAL,71.5
2024,WR,Elijah Moore,CLE,70.7
2024,WR,Wan'Dale Robinson,NYG,69.9
2024,WR,Dontayvion Wicks,GB,66.8
2024,WR,Adonai Mitchell,IND,66.8
2024,WR,Andrei Iosivas,CIN,64.7
2024,WR,Josh Reynolds,DEN,64.5
2024,WR,Dyami Brown,WAS,62.8
2024,WR,Tyler Boyd,TEN,61.5
2024,WR,Jalen McMillan,TB,61
2024,WR,Xavier Legette,CAR,60.5
2024,WR,Greg Dortch,ARI,58.1
2024,WR,Jermaine Burton,CIN,54.7
2024,WR,Quentin Johnston,LAC,53.4
2024,WR,Malachi Corley,NYJ,51.1
2024,WR,Luke McCaffrey,WAS,51
2024,WR,Ray-Ray McCloud,ATL,49.5
2024,WR,Kalif Raymond,DET,47.6
2024,WR,Jalin Hyatt,NYG,47.2
2024,WR,Calvin Austin,PIT,47
2024,WR,Tre Tucker,LV,46.9
2024,WR,Odell Beckham Jr.,MIA,46.2
2024,WR,Van Jefferson,PIT,46.1
2024,WR,Noah Brown,WAS,45.5
2024,WR,Jauan Jennings,SF,45.5
2024,WR,Nelson Agholor,BAL,45.3
2024,WR,Mack Hollins,BUF,42.5
2024,WR,Xavier Gipson,NYJ,42.3
2024,WR,Roman Wilson,PIT,42.1
2024,WR,KaVontae Turpin,DAL,41.8
2024,WR,Tyquan Thornton,NE,40.2
2024,WR,K.J. Osborn,NE,39.7
2024,WR,Jahan Dotson,PHI,39.5
2024,WR,Treylon Burks,TEN,38.8
2024,WR,Marquez Valdes-Scantling,BUF,37.3
2024,WR,Justin Watson,KC,36.1
2024,WR,Tutu Atwell,LAR,36
2024,WR,Trey Palmer,TB,33.9
2024,WR,Troy Franklin,DEN,30.8
2024,WR,Devin Duvernay,JAC,30.4
2024,WR,Jalen Nailor,MIN,29.6
2024,WR,Zay Jones,ARI,29.1
2024,WR,Alec Pierce,IND,28.3
2024,WR,Braxton Berrios,MIA,27.6
2024,WR,Bub Means,NO,26.6
2024,WR,Ricky Pearsall,SF,26.5
2024,WR,Tyler Scott,CHI,26.2
2024,WR,Trent Sherfield,MIN,25.5
2024,WR,Jonathan Mingo,CAR,24.8
2024,WR,Cedric Tillman,CLE,24.6
2024,WR,Devontez Walker,BAL,24.5
2024,WR,A.T. Perry,NO,24.5
2024,WR,Allen Lazard,NYJ,24.5
2024,WR,Cedrick Wilson,NO,24
2024,WR,Jake Bobo,SEA,23.2
2024,WR,Skyy Moore,KC,22.7
2024,WR,Bo Melton,GB,20.5
2024,WR,Trenton Irwin,CIN,20.4
2024,WR,Malik Washington,MIA,19.9
2024,WR,Ainias Smith,PHI,19.5
2024,WR,Parker Washington,JAC,17.6
2024,WR,Jordan Whittington,LAR,17.5
2024,WR,Nick Westbrook-Ikhine,TEN,17.1
2024,TE,Travis Kelce,KC,137
2024,TE,Sam LaPorta,DET,130
2024,TE,George Kittle,SF,124.7
2024,TE,Mark Andrews,BAL,124.3
2024,TE,Trey McBride,ARI,115.4
2024,TE,Kyle Pitts,ATL,113.3
2024,TE,Jake Ferguson,DAL,113.3
2024,TE,Dalton Kincaid,BUF,109.5
2024,TE,David Njoku,CLE,107.7
2024,TE,Evan Engram,JAC,107.1
2024,TE,Brock Bowers,LV,97.9
2024,TE,Pat Freiermuth,PIT,95.2
2024,TE,Dalton Schultz,HOU,88.9
2024,TE,Taysom Hill,NO,87.8
2024,TE,T.J. Hockenson,MIN,84.4
2024,TE,Dallas Goedert,PHI,82.7
2024,TE,Tyler Conklin,NYJ,82.1
2024,TE,Cole Kmet,CHI,79.8
2024,TE,Cade Otton,TB,76.5
2024,TE,Hunter Henry,NE,69.5
2024,TE,Juwan Johnson,NO,68.3
2024,TE,Chigoziem Okonkwo,TEN,65.3
2024,TE,Noah Fant,SEA,64.7
2024,TE,Hayden Hurst,LAC,59.7
2024,TE,Luke Musgrave,GB,57.5
2024,TE,Daniel Bellinger,NYG,53.6
2024,TE,Ja'Tavion Sanders,CAR,52.1
2024,TE,Jonnu Smith,MIA,50.5
2024,TE,Theo Johnson,NYG,49.7
2024,TE,Isaiah Likely,BAL,49.5
2024,TE,Mo Alie-Cox,IND,47.5
2024,TE,Colby Parkinson,LAR,47.5
2024,TE,Tucker Kraft,GB,46.7
2024,TE,Greg Dulcich,DEN,46.5
2024,TE,Mike Gesicki,CIN,46.5
2024,TE,Zach Ertz,WAS,45.1
2024,TE,Michael Mayer,LV,43.9
2024,TE,Tyler Higbee,LAR,43.5
2024,TE,Tommy Tremble,CAR,43.5
2024,TE,Noah Gray,KC,42.1
2024,TE,Kylen Granson,IND,39.7
2024,TE,Ben Sinnott,WAS,39.2
2024,TE,Gerald Everett,CHI,38.1
2024,TE,Jeremy Ruckert,NYJ,37.7
2024,TE,Will Dissly,LAC,37.5
2024,TE,Tanner Hudson,CIN,36.5
2024,TE,Dawson Knox,BUF,33.5
2024,TE,Connor Heyward,PIT,24.2
2024,TE,Austin Hooper,NE,24.1
2024,TE,Brevin Jordan,HOU,22.5
2024,TE,Johnny Mundt,MIN,21.6
2024,TE,Jordan Akins,CLE,20.5
2024,TE,Darnell Washington,PIT,20.1
2024,TE,Elijah Higgins,ARI,18.7
2024,TE,Brenton Strange,JAC,17.1
2024,TE,Adam Trautman,DEN,15.2
2024,TE,Durham Smythe,MIA,14.9
2024,TE,Charlie Woerner,ATL,14.6
2024,TE,Brock Wright,DET,14.5
2024,TE,Luke Schoonmaker,DAL,14.5
2024,TE,Payne Durham,TB,14.3
2024,TE,Josh Whyle,TEN,13.1
2024,TE,Josh Oliver,MIN,13.1
2024,TE,Tip Reiman,ARI,6.6
2024,TE,Ian Thomas,CAR,6.6