season,player,pos,points
2023,Dallas Goedert,TE,85.4
2017,Andre Roberts,WR,1.2
2016,Johnny Holton,WR,5.7
2021,Zack Moss,RB,82.2
2019,Demaryius Thomas,WR,49.3
2020,Rashard Higgins,WR,93.5
2022,Kenny Pickett,QB,148.0
2016,DeSean Jackson,WR,124.5
2020,Alex Armah,RB,2.7
2014,Harry Douglas,WR,67.6
2019,Chris Herndon,TE,0.7
2014,Greg Little,WR,6.9
2024,Andrew Ogletree,TE,16.9
2019,Robert Woods,WR,142.9
2018,Travis Kelce,TE,210.7
2021,Josh Gordon,WR,9.2
2019,Ty Montgomery,WR,19.3
2024,John Metchie III,WR,35.7
2016,Brandon Bostick,TE,6.3
2016,Jimmy Garoppolo,QB,37.0
2016,Chester Rogers,WR,27.3
2020,O.J. Howard,TE,26.6
2018,Sam Darnold,QB,170.1
2017,Keelan Cole,WR,99.0
2015,Teddy Bridgewater,QB,208.2
2022,JaMycal Hasty,RB,54.3
2022,David Bell,WR,21.4
2017,T.J. Yeldon,RB,74.5
2020,Michael Thomas,WR,57.2
2020,Sammy Watkins,WR,51.7
2023,Sam Howell,QB,254.6
2023,Mac Jones,QB,108.3
2022,Jalen Camp,WR,0.7
2019,Gunner Olszewski,WR,3.4
2020,Wayne Gallman,RB,115.6
2018,Jordan Matthews,TE,51.7
2018,Niles Paul,TE,9.5
2017,C.J. Uzomah,TE,15.2
2019,Russell Shepard,WR,2.5
2017,Jameis Winston,QB,211.8
2017,Marshawn Lynch,RB,144.2
2014,Latavius Murray,RB,68.7
2014,Marlon Brown,WR,30.3
2019,Johnny Holton,WR,3.0
2023,Trayveon Williams,RB,7.9
2024,Tyler Huntley,QB,62.7
2024,Jameson Williams,WR,166.2
2017,J.J. Nelson,WR,64.5
2024,DK Metcalf,WR,125.2
2016,DeAndre Hopkins,WR,138.6
2015,Craig Stevens,TE,24.1
2019,Matt Ryan,QB,273.4
2015,Louis Murphy,WR,19.8
2024,Cedric Tillman,WR,49.4
2014,Jacob Tamme,TE,20.9
2017,Austin Ekeler,RB,79.9
2016,Seth Roberts,WR,69.8
2023,Chris Moore,WR,46.3
2022,Jalen Reagor,WR,18.9
2019,Luke Stocker,TE,5.3
2019,Jimmy Garoppolo,QB,270.4
2019,Phillip Dorsett,WR,72.4
2022,Jacoby Brissett,QB,174.7
2023,Mason Kinsey,WR,0.6
2024,Kyler Murray,QB,297.4
2020,Jalen Richard,RB,32.1
2014,Craig Stevens,TE,2.6
2015,Timothy Wright,TE,19.7
2016,Jack Doyle,TE,86.4
2014,Richard Rodgers,TE,45.3
2014,Keshawn Martin,WR,7.8
2022,Ross Dwelley,TE,16.5
2022,Deven Thompkins,WR,5.8
2023,Terry McLaurin,WR,124.2
2020,Nick Vannett,TE,15.5
2021,Josh Johnson,QB,44.4
2017,Randall Telfer,TE,3.6
2022,Deonte Harty,WR,1.3
2018,Elijah McGuire,RB,66.9
2024,Audric Estim,RB,43.7
2022,Parker Hesse,TE,8.9
2016,Justin Hunter,WR,42.9
2019,Melvin Gordon,RB,138.8
2021,Juwan Johnson,TE,39.9
2024,Tommy Tremble,TE,33.4
2014,Brenton Bersin,WR,22.8
2024,Colby Parkinson,TE,43.6
2016,Kenny Stills,WR,134.8
2019,Xavier Grimble,TE,0.3
2016,Rob Kelley,RB,120.6
2018,Darren Waller,TE,9.6
2017,Kerwynn Williams,RB,57.9
2023,Pharaoh Brown,TE,24.8
2020,Michael Pittman,WR,69.0
2023,Jeff Driskel,QB,13.9
2019,Charles Clay,TE,29.7
2015,Nick Boyle,TE,15.3
2022,Marvin Jones,WR,81.9
2021,Mekhi Sargent,RB,1.1
2015,Clive Walford,TE,50.9
2020,Cameron Brate,TE,63.7
2014,Greg Salas,WR,24.7
2024,Jalen McMillan,WR,102.5
2014,Silas Redd,RB,24.2
2021,Austin Ekeler,RB,269.8
2020,Jalen Guyton,WR,69.1
2021,Quintez Cephus,WR,32.4
2022,Breshad Perriman,WR,14.3
2016,Josh Hill,TE,20.9
2024,Marvin Harrison Jr.,WR,134.5
2018,Virgil Green,TE,31.9
2018,C.J. Uzomah,TE,61.9
2023,Josh Oliver,TE,31.3
2020,Miles Boykin,WR,52.6
2020,Tee Higgins,WR,127.6
2018,Jamize Olawale,RB,1.3
2020,Vance McDonald,TE,9.9
2014,Charlie Whitehurst,QB,87.1
2019,Levine Toilolo,TE,1.0
2017,Senorise Perry,RB,3.3
2021,Nico Collins,WR,50.6
2017,Marvin Hall,WR,12.0
2023,Jameson Williams,WR,80.4
2019,Ben Braunecker,TE,11.9
2015,Sammie Coates,WR,7.2
2017,Jay Cutler,QB,157.7
2021,Robbie Chosen,WR,85.5
2017,Damien Williams,RB,39.6
2017,Kyle Rudolph,TE,112.5
2016,Brian Quick,WR,74.4
2019,Chester Rogers,WR,31.7
2018,Trent Taylor,WR,27.5
2021,Auden Tate,WR,9.9
2022,Chris Manhertz,TE,4.2
2021,Patrick Mahomes,QB,459.6
2023,Isaiah McKenzie,WR,9.6
2023,Jesper Horsted,TE,0.4
2023,Dontayvion Wicks,WR,89.3
2014,Micheal Spurlock,WR,0.8
2023,Jason Brownlee,WR,11.6
2024,George Holani,RB,0.9
2018,Dontrell Hilliard,RB,8.5
2022,Snoop Conner,RB,10.2
2014,Hakeem Nicks,WR,80.3
2017,Hunter Henry,TE,81.9
2021,Jacob Hollister,TE,11.5
2017,Orleans Darkwa,RB,116.7
2021,Joe Burrow,QB,379.4
2018,Lance Kendricks,TE,23.0
2022,David Montgomery,RB,143.7
2015,Cameron Meredith,WR,12.0
2019,Codey McElroy,TE,3.0
2014,Jay Cutler,QB,259.6
2023,Courtland Sutton,WR,131.2
2022,Najee Harris,RB,184.5
2018,Marcus Mariota,QB,177.0
2021,Keenan Allen,WR,149.8
2018,Aaron Jones,RB,145.4
2017,Jeff Heuerman,TE,26.2
2022,Cam Akers,RB,128.3
2016,Gary Barnidge,TE,73.2
2017,Stephen Anderson,TE,40.2
2022,Mecole Hardman,WR,70.5
2020,Ja'Marcus Bradley,WR,6.0
2021,Kyle Pitts,TE,108.6
2017,Brice Butler,WR,49.7
2020,Mike Gesicki,TE,106.3
2017,Ryan Hewitt,TE,2.2
2018,Trey Quinn,WR,13.5
2014,Michael Crabtree,WR,94.2
2014,Cecil Shorts,WR,65.0
2015,Cameron Brate,TE,46.8
2019,Damien Harris,RB,1.2
2022,Noah Brown,WR,75.4
2014,Josh Gordon,WR,30.3
2019,Marlon Mack,RB,165.3
2022,Jeff Driskel,QB,16.2
2020,Cooper Kupp,WR,126.5
2014,James Casey,TE,17.9
2015,Donte Moncrief,WR,109.3
2021,KhaDarel Hodge,WR,15.7
2016,Phillip Supernaw,TE,6.2
2016,Jacoby Brissett,QB,28.3
2022,Alexander Mattison,RB,73.6
2015,Odell Beckham Jr.,WR,223.3
2018,River Cracraft,WR,4.4
2015,Jesse James,TE,13.8
2020,Craig Reynolds,RB,0.7
2014,Terrance Williams,WR,141.1
2016,Cameron Artis-Payne,RB,27.5
2018,Kenny Golladay,WR,137.1
2017,Frank Gore,RB,144.6
2015,Marcedes Lewis,TE,22.6
2024,David Bell,WR,2.7
2024,De'Von Achane,RB,221.9
2019,Michael Crabtree,WR,2.2
2017,Dwayne Allen,TE,14.6
2024,Tee Higgins,WR,149.1
2020,Irv Smith,TE,66.5
2015,Ryan Fitzpatrick,QB,289.1
2015,Marcus Mariota,QB,216.1
2017,Ricky Seals-Jones,TE,38.1
2014,Brent Celek,TE,38.0
2019,Mo Alie-Cox,TE,9.3
2018,Justin Hunter,WR,2.1
2022,Josh Palmer,WR,98.4
2023,Anthony Richardson,QB,68.6
2019,T.J. Logan,RB,2.3
2018,Darvin Kidsy,WR,0.8
2014,Mike James,RB,3.2
2023,Josh Whyle,TE,15.4
2024,Tyler Lockett,WR,72.0
2024,Keon Coleman,WR,82.7
2017,Matt Dayes,RB,4.2
2017,Tyler Boyd,WR,34.5
2021,Tyrell Williams,WR,1.4
2023,Rhamondre Stevenson,RB,107.7
2021,Courtland Sutton,WR,90.2
2014,Nick Toon,WR,25.9
2023,K.J. Osborn,WR,72.0
2017,Damiere Byrd,WR,23.7
2020,Jordan Reed,TE,47.1
2018,Logan Thomas,TE,8.3
2018,Marvin Jones,WR,80.8
2020,Artavis Pierce,RB,9.4
2022,Kevin White,WR,7.4
2024,Cam Grandy,TE,2.8
2023,Britain Covey,WR,4.2
2016,Shane Wynn,WR,2.4
2014,DuJuan Harris,RB,7.5
2021,James Proche,WR,20.2
2021,Tavon Austin,WR,29.4
2024,Jermaine Burton,WR,10.7
2015,Derek Carr,QB,271.3
2015,Demaryius Thomas,WR,168.4
2017,Jamaal Charles,RB,44.5
2017,Seth Roberts,WR,47.5
2019,Myles Gaskin,RB,24.4
2022,Aaron Jones,RB,187.6
2014,Jimmy Garoppolo,QB,12.2
2017,Brittan Golden,WR,7.0
2017,Geno Smith,QB,13.7
2022,Cole Turner,TE,2.3
2022,Rondale Moore,WR,46.9
2022,Cooper Kupp,WR,126.4
2015,Brian Leonhardt,TE,0.4
2016,Ryan Tannehill,QB,192.3
2022,Kenyan Drake,RB,87.1
2014,Jeremy Kerley,WR,55.5
2019,C.J. Prosise,RB,18.8
2020,James Robinson,RB,201.4
2022,Chris Olave,WR,124.2
2021,Le'Veon Bell,RB,31.1
2023,Hayden Hurst,TE,24.4
2017,Eli Manning,QB,197.3
2022,Godwin Igwebuike,RB,0.7
2023,Drew Sample,TE,28.3
2015,Bryan Walters,WR,42.8
2023,Raheem Blackshear,RB,9.1
2023,Davante Adams,WR,162.4
2023,Mike Boone,RB,6.3
2024,Cooper Kupp,WR,117.0
2019,Justin Watson,WR,27.9
2014,Brandon Bostick,TE,6.3
2016,Jonathan Stewart,RB,138.4
2020,Corey Clement,RB,16.0
2021,N'Keal Harry,TE,18.4
2021,Danny Amendola,WR,42.8
2017,John Brown,WR,48.9
2022,Ty'Son Williams,RB,0.5
2018,Dalvin Cook,RB,112.0
2018,Ricky Ortiz,RB,1.1
2019,Alshon Jeffery,WR,79.2
2016,Bobby Rainey,RB,22.4
2023,Javonte Williams,RB,128.2
2024,Nick Westbrook-Ikhine,WR,103.7
2017,Ben Roethlisberger,QB,297.3
2023,Darren Waller,TE,61.2
2024,Curtis Samuel,WR,52.8
2020,Brett Rypien,QB,11.3
2021,T.J. Hockenson,TE,82.3
2019,Brian Hoyer,QB,23.1
2021,Collin Johnson,WR,10.5
2020,Nelson Agholor,WR,137.6
2017,Demarcus Robinson,WR,32.9
2014,A.J. Jenkins,WR,9.1
2018,Jared Goff,QB,345.0
2024,Russell Wilson,QB,196.2
2016,Zach Ertz,TE,105.6
2018,Dallas Goedert,TE,65.4
2023,Trenton Irwin,WR,37.6
2022,Nelson Agholor,WR,44.2
2018,Geno Smith,QB,0.5
2016,Albert Wilson,WR,57.2
2020,Albert Okwuegbunam,TE,18.1
2022,Marquise Brown,WR,89.0
2017,Vernon Davis,TE,78.8
2015,Dexter McCluster,WR,58.7
2024,Jake Haener,QB,13.3
2019,Devonta Freeman,RB,138.6
2024,Zay Jones,WR,8.4
2016,Aaron Burbridge,WR,8.8
2018,Larry Fitzgerald,WR,114.7
2018,Adam Humphries,WR,112.7
2024,Anthony Miller,WR,4.4
2016,Justin Perillo,TE,3.5
2017,Ryan Fitzpatrick,QB,73.9
2023,Bryce Young,QB,164.5
2024,Dare Ogunbowale,RB,38.4
2021,Anthony Schwartz,WR,23.4
2016,Austin Hooper,TE,57.6
2014,Ryan Mallett,QB,19.8
2020,Brandon Zylstra,WR,3.6
2015,Percy Harvin,WR,30.9
2022,Kendall Hinton,WR,32.4
2014,Josh Hill,TE,47.6
2021,Derek Carrier,TE,1.3
2021,Tyler Lockett,WR,166.4
2022,Kenneth Walker III,RB,188.1
2016,Marvin Jones,WR,125.4
2021,Keke Coutee,WR,0.5
2017,Niles Paul,TE,9.8
2021,Damien Harris,RB,195.8
2020,David Montgomery,RB,211.9
2014,Malcom Floyd,WR,121.6
2022,Chuba Hubbard,RB,75.7
2023,Luke Farrell,TE,15.5
2014,Tavon Austin,WR,58.6
2019,T.Y. Hilton,WR,80.1
2014,Torrey Smith,WR,157.7
2015,Darren Fells,TE,60.1
2017,Tom Brady,QB,374.0
2019,AJ McCarron,QB,16.9
2023,Zay Jones,WR,44.1
2020,Jakobi Meyers,WR,81.6
2016,C.J. Uzomah,TE,29.4
2015,Marshawn Lynch,RB,71.2
2016,Jaron Brown,WR,24.7
2017,Michael Roberts,TE,4.6
2015,Dwayne Harris,WR,64.8
2017,Phillip Supernaw,TE,9.9
2014,Joseph Randle,RB,52.1
2019,Stefon Diggs,WR,165.5
2024,Malik Nabers,WR,162.6
2015,Zach Mettenberger,QB,46.2
2023,DJ Moore,WR,190.5
2017,Emanuel Byrd,TE,3.1
2020,Giovani Bernard,RB,111.1
2017,Darren Sproles,RB,13.4
2019,Devine Ozigbo,RB,5.0
2024,Tyrell Shavers,WR,12.9
2015,Randall Cobb,WR,136.1
2017,Adrian Peterson,RB,67.9
2024,Dalton Kincaid,TE,63.9
2015,Marqise Lee,WR,28.9
2014,Dri Archer,RB,7.7
2016,Don Jackson,RB,3.2
2023,James Conner,RB,174.5
2018,Jeff Wilson,RB,32.4
2019,Ian Thomas,TE,19.6
2022,George Pickens,WR,112.5
2020,Zack Moss,RB,92.3
2023,Kenyan Drake,RB,1.1
2015,Le'Veon Bell,RB,87.2
2022,Tevin Coleman,RB,19.0
2015,Chris Owusu,WR,8.0
2018,Phillip Dorsett,WR,68.9
2020,Cam Sims,WR,64.6
2022,Mac Jones,QB,170.1
2019,Dontrelle Inman,WR,18.1
2019,Austin Ekeler,RB,217.0
2016,Donte Moncrief,WR,72.6
2015,Tre Mason,RB,33.5
2023,Giovanni Ricci,TE,0.2
2015,Frank Gore,RB,159.4
2021,Laviska Shenault Jr.,WR,64.0
2020,Logan Woodside,QB,1.3
2014,Dexter McCluster,WR,38.8
2015,Darren Waller,TE,1.8
2019,Jacoby Brissett,QB,220.7
2020,Jamison Crowder,WR,113.0
2020,Dallas Goedert,TE,70.4
2016,Blaine Gabbert,QB,72.7
2022,Rashaad Penny,RB,48.2
2016,Byron Marshall,RB,7.4
2021,Tyler Conklin,TE,77.3
2022,Chris Moore,WR,67.1
2023,Damien Williams,RB,5.5
2018,Anthony Miller,WR,90.6
2018,Justin Hardy,WR,25.3
2022,Dyami Brown,WR,27.8
2021,Richard Rodgers,TE,1.1
2020,Larry Fitzgerald,WR,46.9
2023,Samaje Perine,RB,71.3
2024,Tyrone Tracy Jr.,RB,144.3
2022,Jauan Jennings,WR,54.3
2021,Antony Auclair,TE,10.7
2019,Luke Willson,TE,8.8
2017,Mack Hollins,WR,29.5
2018,Andy Jones,WR,14.0
2020,DeeJay Dallas,RB,39.9
2024,Devin Duvernay,WR,8.2
2015,Aaron Rodgers,QB,336.1
2022,Tutu Atwell,WR,45.2
2020,Sterling Shepard,WR,94.5
2014,Damien Williams,RB,36.9
2023,Josh Reynolds,WR,108.0
2014,Will Johnson,RB,4.4
2021,Deebo Samuel Sr.,WR,303.1
2014,Dante Rosario,TE,9.6
2020,Matthew Stafford,QB,258.5
2020,Kenny Golladay,WR,45.8
2018,Jay Ajayi,RB,36.4
2023,Austin Hooper,TE,23.4
2019,Kenjon Barner,RB,5.1
2014,Chris Givens,WR,22.3
2021,Kenny Stills,WR,12.9
2023,Wan'Dale Robinson,WR,73.2
2021,Dominique Dafney,TE,3.4
2018,Ryan Switzer,WR,33.4
2020,Tyler Lockett,WR,169.7
2024,Dallas Goedert,TE,90.4
2023,Hunter Henry,TE,77.9
2015,Matthew Mulligan,TE,0.2
2024,Bub Means,WR,17.8
2015,Darrius Heyward-Bey,WR,49.8
2017,Jacquizz Rodgers,RB,37.8
2015,Drew Brees,QB,308.3
2016,Javorius Allen,RB,4.9
2023,Ty Montgomery,WR,4.9
2014,Reggie Wayne,WR,89.1
2022,Justice Hill,RB,31.0
2023,Latavius Murray,RB,69.9
2022,Travis Etienne,RB,194.2
2014,Russell Wilson,QB,385.1
2014,Blake Bortles,QB,166.2
2021,Miles Sanders,RB,92.0
2023,Darrynton Evans,RB,23.0
2015,DeAndre Hopkins,WR,225.0
2015,Nick O'Leary,TE,3.7
2022,Gabe Davis,WR,144.3
2022,Tyler Badie,RB,8.4
2016,Travis Benjamin,WR,87.4
2022,Olamide Zaccheaus,WR,70.0
2022,Dezmon Patmon,WR,2.4
2019,Drew Sample,TE,3.0
2021,Josh Jacobs,RB,184.7
2016,Brandon Marshall,WR,96.8
2020,Jimmy Graham,TE,102.1
2014,Ladarius Green,TE,22.6
2023,George Kittle,TE,155.4
2021,Mac Jones,QB,240.1
2017,Emmanuel Sanders,WR,67.5
2014,Frankie Hammond,WR,4.5
2021,Darrell Henderson,RB,139.4
2021,Saquon Barkley,RB,107.6
2022,C.J. Board,WR,0.6
2021,Kyler Murray,QB,302.6
2024,Jimmy Garoppolo,QB,19.9
2021,Ben Roethlisberger,QB,240.5
2021,Amari Cooper,WR,146.9
2014,Kenny Stills,WR,110.9
2022,Justin Jackson,RB,39.1
2021,Cam Newton,QB,84.3
2022,JuJu Smith-Schuster,WR,116.2
2015,Greg Salas,WR,4.1
2024,Kyle Allen,QB,0.8
2015,Kellen Moore,QB,33.0
2023,Irv Smith,TE,15.5
2021,Christian Blake,WR,2.5
2021,Godwin Igwebuike,RB,19.8
2021,Marcus Mariota,QB,14.9
2021,Scott Miller,WR,19.6
2023,Hunter Luepke,RB,9.7
2023,Luke Musgrave,TE,53.8
2016,Jacob Tamme,TE,39.0
2015,Joe Flacco,QB,164.1
2016,Damiere Byrd,WR,1.6
2016,Michael Crabtree,WR,151.6
2022,Brian Robinson,RB,103.7
2016,Lance Kendricks,TE,59.9
2019,Auden Tate,WR,61.5
2014,Eric Ebron,TE,32.9
2015,Jalston Fowler,RB,17.7
2022,Nathan Peterman,QB,8.3
2023,Quez Watkins,WR,21.4
2017,Marquise Goodwin,WR,112.6
2017,Isaiah McKenzie,WR,3.3
2020,Jake Kumerow,WR,8.2
2014,Jeremy Hill,RB,194.6
2014,Stevan Ridley,RB,48.0
2015,Fred Jackson,RB,51.0
2019,Alexander Hollins,WR,4.6
2022,Dante Pettis,WR,46.2
2021,Ihmir Smith-Marsette,WR,23.6
2015,Giovani Bernard,RB,133.2
2017,Sterling Shepard,WR,85.5
2016,Aldrick Robinson,WR,44.3
2016,Pharoh Cooper,WR,8.6
2022,Taysom Hill,TE,136.8
2024,Treylon Burks,WR,3.5
2014,Andre Ellington,RB,131.5
2023,David Montgomery,RB,224.0
2020,Andy Isabella,WR,33.8
2018,Lee Smith,TE,25.3
2020,Lee Smith,TE,15.5
2015,Ryan Lindley,QB,6.3
2024,Jalin Hyatt,WR,6.2
2014,Marcel Jensen,TE,0.8
2018,Kenjon Barner,RB,7.4
2018,Cody Core,WR,22.0
2021,Drew Lock,QB,50.8
2015,Paul Richardson,WR,4.0
2018,Cam Newton,QB,278.6
2020,Daniel Brown,TE,3.1
2023,Luke Schoonmaker,TE,19.2
2024,Zay Flowers,WR,135.5
2024,Brenton Strange,TE,51.1
2021,Sam Darnold,QB,159.5
2016,Trey Burton,TE,38.7
2017,Dak Prescott,QB,266.7
2014,Dwayne Allen,TE,102.5
2020,Boston Scott,RB,70.6
2020,Terry McLaurin,WR,144.3
2016,Darren Waller,TE,20.5
2014,Aaron Rodgers,QB,386.6
2015,Taiwan Jones,RB,24.0
2016,Daryl Richardson,RB,0.7
2017,Josh Doctson,WR,84.8
2019,Mark Walton,RB,27.0
2016,Kenjon Barner,RB,29.1
2019,Randall Cobb,WR,99.9
2014,Brian Hoyer,QB,159.0
2021,Zay Jones,WR,71.0
2020,D'Andre Swift,RB,143.8
2024,Taylor Heinicke,QB,3.2
2016,Tyreek Hill,WR,144.5
2017,Tarik Cohen,RB,93.1
2018,Ricky Seals-Jones,TE,40.3
2016,Kyle Rudolph,TE,126.0
2022,Alec Pierce,WR,71.3
2021,Brandon Allen,QB,13.8
2023,Kenny Yeboah,TE,2.8
2016,Tyrell Williams,WR,147.9
2021,Jacoby Brissett,QB,76.4
2016,Julius Thomas,TE,52.1
2020,Troymaine Pope,RB,11.8
2024,Cade Stover,TE,22.1
2023,Mo Alie-Cox,TE,34.1
2020,Alex Smith,QB,71.6
2021,Case Keenum,QB,30.6
2016,Julian Edelman,WR,173.9
2015,Heath Miller,TE,67.1
2024,Xavier Worthy,WR,175.7
2015,Toby Gerhart,RB,6.7
2021,Colby Parkinson,TE,3.3
2024,Amari Cooper,WR,82.8
2015,Cameron Artis-Payne,RB,30.9
2020,Vyncint Smith,WR,1.3
2019,Boston Scott,RB,79.7
2016,Joe Banyard,RB,0.7
2016,Cardale Jones,QB,1.7
2014,Doug Baldwin,WR,128.0
2017,Tommylee Lewis,WR,18.6
2018,Brian Hill,RB,14.6
2019,Nick Foles,QB,39.7
2022,Saquon Barkley,RB,256.1
2017,Case Keenum,QB,264.8
2024,Sincere McCormick,RB,21.2
2015,Branden Oliver,RB,22.0
2014,Lee Smith,TE,10.2
2015,Martellus Bennett,TE,61.9
2022,Pat Freiermuth,TE,85.2
2021,Sean Mannion,QB,13.0
2019,Dak Prescott,QB,339.9
2016,Vernon Davis,TE,70.3
2014,Jonathan Grimes,RB,23.9
2016,Dominique Jones,TE,12.1
2015,Greg Olsen,TE,179.5
2019,Sean Culkin,TE,1.2
2019,Marqise Lee,WR,1.9
2016,Patrick DiMarco,RB,15.5
2020,Mark Ingram,RB,46.9
2017,Terrell Watson,RB,0.8
2015,Brian Quick,WR,10.2
2021,Dontrell Hilliard,RB,55.0
2017,David Fluellen,RB,2.1
2023,J.K. Dobbins,RB,9.7
2015,Nick Foles,QB,95.9
2017,Ryan Mallett,QB,9.9
2017,Amari Cooper,WR,110.4
2020,Ben Roethlisberger,QB,291.2
2022,Ian Thomas,TE,19.7
2015,Jeff Janis,WR,34.4
2021,Robert Tonyan,TE,32.4
2021,Ian Thomas,TE,18.8
2020,Aaron Jones,RB,230.6
2021,Peyton Barber,RB,39.9
2022,John Bates,TE,16.8
2018,Jordan Howard,RB,163.5
2022,Brandon Aiyuk,WR,160.7
2019,Saquon Barkley,RB,192.1
2017,Troy Niklas,TE,19.2
2014,Scott Chandler,TE,67.7
2014,Jamize Olawale,RB,13.8
2015,Steven Jackson,RB,21.6
2022,Joe Burrow,QB,404.6
2017,Alfred Morris,RB,65.2
2015,David Cobb,RB,20.4
2015,Doug Martin,RB,199.3
2024,Jordan Addison,WR,152.4
2016,Doug Baldwin,WR,190.7
2023,Charlie Kolar,TE,15.1
2019,Keke Coutee,WR,30.8
2018,Darius Jennings,WR,11.1
2024,Kendric Pryor,WR,0.9
2016,Shaun Draughn,RB,79.9
2021,Trent Sherfield,WR,14.7
2023,Tyquan Thornton,WR,14.2
2018,Carlos Hyde,RB,88.4
2017,Jonathan Stewart,RB,114.3
2017,Corey Coleman,WR,42.5
2018,Keith Kirkwood,WR,39.7
2019,Marquise Brown,WR,113.0
2018,Marquise Goodwin,WR,64.4
2020,Nick Keizer,TE,4.3
2019,D'Ernest Johnson,RB,9.2
2022,Michael Bandy,WR,8.9
2018,Nick Mullens,QB,121.5
2014,Andrew Hawkins,WR,95.9
2015,Corey Fuller,WR,7.6
2024,C.J. Stroud,QB,255.9
2020,Greg Ward,WR,78.1
2022,David Johnson,RB,5.1
2021,Antonio Gibson,RB,185.1
2022,Jamal Agnew,WR,44.2
2024,Justin Jefferson,WR,220.3
2018,Jack Doyle,TE,34.5
2024,KhaDarel Hodge,WR,19.1
2015,Jarius Wright,WR,46.0
2024,Marcedes Lewis,TE,0.2
2021,K.J. Hill,WR,3.0
2020,Kyle Allen,QB,47.1
2022,Peyton Hendershot,TE,28.5
2019,DeAndre Washington,RB,85.9
2014,Zach Miller,TE,7.6
2015,Derek Carrier,TE,20.1
2017,Antonio Gates,TE,49.6
2023,Peyton Hendershot,TE,3.8
2023,Najee Harris,RB,171.7
2014,Mike Evans,WR,177.1
2024,Gardner Minshew,QB,100.5
2014,Charles D. Johnson,WR,58.4
2014,David Nelson,WR,6.5
2019,Diontae Spencer,WR,1.7
2024,Trey McBride,TE,132.8
2018,Zach Zenner,RB,50.1
2022,Chris Streveler,QB,9.0
2017,A.J. Derby,TE,34.4
2016,Drew Stanton,QB,9.4
2018,Kapri Bibbs,RB,45.8
2018,Neal Sterling,TE,4.7
2023,Diontae Johnson,WR,112.5
2014,Taylor Thompson,TE,2.4
2014,Ronnie Hillman,RB,82.1
2015,Clay Harbor,TE,20.9
2019,Tajae Sharpe,WR,57.5
2019,Adam Shaheen,TE,7.4
2022,Raheem Blackshear,RB,35.0
2019,Antony Auclair,TE,1.1
2021,Noah Gray,TE,11.0
2023,Durham Smythe,TE,37.8
2014,Dennis Pitta,TE,12.5
2015,Javorius Allen,RB,100.7
2021,Nick Mullens,QB,9.9
2015,Justin Perillo,TE,16.2
2014,Kelvin Benjamin,WR,175.6
2021,John Ross,WR,30.0
2022,Marcus Mariota,QB,194.7
2018,Ameer Abdullah,RB,2.9
2017,Zach Zenner,RB,8.6
2015,Charles Sims,RB,129.0
2017,Byron Marshall,RB,6.8
2015,B.J. Daniels,WR,2.7
2023,Will Mallory,TE,20.7
2016,Matthew Mulligan,TE,0.6
2017,Jeff Janis,WR,1.2
2023,Tyjae Spears,RB,101.8
2017,Leonard Fournette,RB,246.8
2017,Sean Mannion,QB,7.3
2020,Richard Rodgers,TE,46.5
2019,Gerald Everett,TE,52.8
2017,DeAndre Hopkins,WR,213.8
2021,Alex Erickson,WR,5.5
2015,Levine Toilolo,TE,4.4
2024,Tanner Hudson,TE,19.5
2015,Michael Campanaro,WR,11.2
2022,Ryan Tannehill,QB,161.2
2020,Richie James,WR,45.4
2019,Terry McLaurin,WR,133.9
2022,Cade Otton,TE,56.9
2019,Foster Moreau,TE,47.4
2017,Taywan Taylor,WR,34.3
2018,Marlon Mack,RB,183.1
2020,John Hightower,WR,16.8
2023,Marvin Mims Jr.,WR,46.7
2021,Tee Higgins,WR,186.0
2021,Travis Benjamin,WR,1.7
2024,Ray Davis,RB,108.7
2017,Dez Bryant,WR,117.4
2021,Pharaoh Brown,TE,15.1
2014,Ka'Deem Carey,RB,21.5
2014,Andrew Quarless,TE,59.4
2016,Levine Toilolo,TE,41.5
2020,Jeff Wilson,RB,129.3
2022,DeeJay Dallas,RB,30.5
2015,Jerick McKinnon,RB,65.3
2020,Lamar Miller,RB,0.6
2021,Noah Fant,TE,91.0
2022,Chris Myarick,TE,12.5
2014,Quinton Patton,WR,4.4
2017,George Kittle,TE,63.5
2024,Craig Reynolds,RB,17.9
2018,Jamal Agnew,WR,1.7
2024,Terrell Jennings,RB,3.3
2014,Jordan Todman,RB,50.4
2023,Tony Jones,RB,25.2
2016,Matt Forte,RB,153.6
2018,Tyler Eifert,TE,23.9
2021,Nyheim Hines,RB,76.6
2021,Kyle Allen,QB,9.9
2023,Deebo Samuel Sr.,WR,199.8
2020,Royce Freeman,RB,25.1
2014,Zach Sudfeld,TE,8.5
2024,Deebo Samuel Sr.,WR,104.6
2014,Percy Harvin,WR,80.5
2014,Patrick DiMarco,RB,12.2
2019,T.J. Jones,WR,9.8
2019,Clive Walford,TE,6.1
2018,Deonte Thompson,WR,16.1
2023,Brycen Hopkins,TE,7.8
2017,J.D. McKissic,RB,63.3
2023,Kyren Williams,RB,228.0
2018,Johnny Mundt,TE,0.5
2021,Salvon Ahmed,RB,26.6
2022,Teddy Bridgewater,QB,38.0
2016,Deonte Thompson,WR,36.9
2020,Isaiah McKenzie,WR,71.9
2014,Eli Manning,QB,277.5
2023,Scott Miller,WR,28.1
2021,Garrett Griffin,TE,3.9
2019,DeAndre Carter,WR,18.4
2017,Kenny Golladay,WR,66.6
2015,Tyrod Taylor,QB,270.6
2021,Cam Akers,RB,22.1
2016,C.J. Spiller,RB,12.8
2023,Greg Dortch,WR,40.5
2016,Dwayne Washington,RB,38.7
2020,Marquez Callaway,WR,21.3
2021,Damarea Crockett,RB,0.7
2018,Josh Rosen,QB,121.0
2024,Jake Bobo,WR,16.7
2019,Pharoh Cooper,WR,30.5
2015,Bennie Fowler,WR,23.8
2015,Kasen Williams,WR,1.3
2021,Jerry Jeudy,WR,47.0
2024,Xavier Legette,WR,76.1
2019,Trent Sherfield,WR,8.0
2024,Jared Wiley,TE,0.7
2022,Quez Watkins,WR,52.3
2019,John Ross,WR,67.0
2023,Payne Durham,TE,7.6
2014,Juwan Thompson,RB,47.7
2014,Golden Tate,WR,175.0
2020,Mohamed Sanu,WR,25.0
2015,Jamize Olawale,RB,25.4
2023,Kenny Pickett,QB,110.2
2022,Antonio Gibson,RB,119.9
2018,Justin Watson,WR,0.5
2021,Blake Jarwin,TE,21.6
2021,Frank Darby,WR,1.4
2014,Knile Davis,RB,99.0
2024,Derius Davis,WR,27.2
2023,Malik Willis,QB,3.1
2015,Leonard Hankerson,WR,50.7
2022,Jalen Tolbert,WR,1.2
2018,Brandon Zylstra,WR,2.3
2024,Kalif Raymond,WR,37.2
2020,Ito Smith,RB,40.3
2024,Hunter Long,TE,7.3
2014,Kirk Cousins,QB,92.5
2014,Anthony Fasano,TE,46.6
2022,Darnell Mooney,WR,61.5
2014,David Ausberry,TE,1.4
2021,Drew Sample,TE,8.5
2020,Juwan Johnson,TE,3.9
2015,Gavin Escobar,TE,10.4
2016,Terrelle Pryor,WR,134.4
2018,Antonio Callaway,WR,87.3
2020,Collin Johnson,WR,39.2
2018,Jake Butt,TE,8.5
2022,Jordan Akins,TE,77.5
2020,Robert Griffin III,QB,2.6
2023,Cam Akers,RB,35.7
2024,Bailey Zappe,QB,7.0
2020,Malik Taylor,WR,13.5
2022,Alvin Kamara,RB,154.7
2018,Maurice Harris,WR,31.4
2020,Bo Scarbrough,RB,3.1
2021,Gardner Minshew,QB,33.6
2019,Wendell Smallwood,RB,14.5
2015,Preston Parker,WR,4.0
2020,Keenan Allen,WR,143.1
2020,Jason Croom,TE,6.3
2014,Matt Simms,QB,1.8
2023,Elijah Higgins,TE,22.3
2021,Malcolm Brown,RB,19.5
2017,Darren Fells,TE,35.7
2014,Adrien Robinson,TE,11.0
2020,Mason Rudolph,QB,18.3
2020,Drew Sample,TE,38.9
2017,Giovani Bernard,RB,108.7
2019,Olamide Zaccheaus,WR,17.5
2017,Shane Vereen,RB,39.7
2024,Cody Schrader,RB,0.9
2014,Jaron Brown,WR,34.9
2022,Shi Smith,WR,39.6
2024,David Njoku,TE,80.5
2023,Gerald Everett,TE,60.1
2015,Devin Street,WR,15.4
2020,Kalen Ballage,RB,64.9
2022,Curtis Samuel,WR,112.3
2014,Robert Woods,WR,97.9
2015,Cordarrelle Patterson,RB,2.5
2022,Khalil Herbert,RB,108.8
2024,Ty Johnson,RB,92.5
2017,Le'Veon Bell,RB,284.9
2021,Darren Waller,TE,86.1
2015,Brock Osweiler,QB,118.7
2022,Equanimeous St. Brown,WR,43.7
2014,Justin Hunter,WR,67.8
2018,Rashaad Penny,RB,64.3
2018,Marcedes Lewis,TE,3.9
2024,Cade Otton,TE,84.8
2014,Jace Amaro,TE,46.5
2022,Juwann Winfree,WR,1.7
2023,Bo Melton,WR,38.5
2024,Allen Lazard,WR,89.0
2016,Davante Adams,WR,203.4
2020,KeeSean Johnson,WR,17.3
2017,Adam Shaheen,TE,30.7
2014,Cory Harkey,TE,11.5
2016,Antone Smith,RB,10.4
2014,Louis Murphy,WR,50.0
2018,Calvin Ridley,WR,142.8
2019,Allen Hurns,WR,51.6
2018,Kelvin Benjamin,WR,44.0
2019,Allen Lazard,WR,71.9
2018,Austin Carr,WR,22.2
2024,Blake Whiteheart,TE,11.1
2015,Rod Smith,RB,1.1
2022,Keelan Cole,WR,20.1
2014,Mark Ingram,RB,162.9
2017,Julius Thomas,TE,56.8
2014,Toby Gerhart,RB,61.2
2024,Zack Moss,RB,58.9
2014,Jackie Battle,RB,9.7
2015,Jaelen Strong,WR,35.8
2016,James Wright,WR,10.0
2015,Allen Hurns,WR,161.1
2021,Chuba Hubbard,RB,112.6
2015,Terrelle Pryor,WR,4.1
2018,Tyreek Hill,WR,262.0
2022,Darrell Henderson,RB,56.5
2015,Jermaine Gresham,TE,28.3
2024,Charlie Kolar,TE,19.3
2019,Corey Davis,WR,84.9
2022,Hunter Renfrow,WR,43.0
2018,DeAndre Washington,RB,10.4
2024,Mitchell Trubisky,QB,15.0
2021,Jalen Guyton,WR,66.2
2016,Vance McDonald,TE,63.1
2015,Ryan Griffin,TE,40.0
2017,Charone Peake,WR,0.3
2022,Denzel Mims,WR,18.6
2015,Jimmy Clausen,QB,33.1
2015,Matt Jones,RB,95.4
2020,Calvin Ridley,WR,189.5
2023,Zach Charbonnet,RB,73.1
2022,Kirk Cousins,QB,316.4
2016,Troymaine Pope,RB,4.9
2016,Quinton Patton,WR,40.8
2018,Blake Jarwin,TE,51.9
2018,Marvin Hall,WR,20.9
2014,Andre Roberts,WR,57.4
2020,Devontae Booker,RB,68.7
2016,Geoff Swaim,TE,6.9
2021,Jason Huntley,RB,5.1
2021,Ty Johnson,RB,83.0
2023,Parker Washington,WR,23.2
2018,Malik Turner,WR,2.0
2015,Geremy Davis,WR,2.1
2024,Chris Conley,WR,7.6
2015,Robert Woods,WR,71.2
2015,Dez Bryant,WR,58.1
2014,Joique Bell,RB,172.7
2017,Eric Ebron,TE,79.4
2021,Darrel Williams,RB,149.4
2017,C.J. Beathard,QB,92.8
2015,Theo Riddick,RB,99.0
2019,Virgil Green,TE,13.8
2018,Bobo Wilson,WR,5.2
2018,Ty Montgomery,WR,48.3
2020,Ke'Shawn Vaughn,RB,18.4
2021,Joe Flacco,QB,25.8
2024,Ian Thomas,TE,0.7
2021,Jake Funk,RB,1.0
2015,Marques Colston,WR,76.0
2019,T.J. Yeldon,RB,16.7
2021,Derek Carr,QB,283.0
2014,Colin Kaepernick,QB,256.5
2021,Joseph Fortson,TE,16.7
2018,Kevin White,WR,9.2
2020,Kenyan Drake,RB,167.2
2014,Jeremy Stewart,RB,2.2
2020,Trayveon Williams,RB,16.7
2023,Dee Eskridge,WR,0.5
2024,Matthew Stafford,QB,256.4
2018,Robert Foster,WR,72.1
2015,Eric Decker,WR,172.7
2020,Donte Moncrief,WR,1.9
2015,Kenjon Barner,RB,12.6
2017,Travis Benjamin,WR,90.3
2018,Leonte Carroo,WR,16.8
2018,Demaryius Thomas,WR,97.7
2014,Devonta Freeman,RB,57.3
2024,Hendon Hooker,QB,2.7
2022,Richard Rodgers,TE,0.4
2020,Hunter Bryant,TE,4.4
2018,Javorius Allen,RB,58.6
2024,Calvin Ridley,WR,135.2
2024,Jayden Reed,WR,146.6
2014,Justin Brown,WR,7.4
2019,Andre Patton,WR,5.6
2023,Deuce Vaughn,RB,8.0
2022,Mack Hollins,WR,97.2
2016,Cole Wick,TE,1.8
2020,Dexter Williams,RB,0.8
2021,Jaylen Waddle,WR,143.8
2015,Shane Vereen,RB,99.4
2019,Kendrick Bourne,WR,80.6
2020,Durham Smythe,TE,32.8
2021,Tyler Davis,TE,3.5
2021,Rhamondre Stevenson,RB,106.9
2021,Teddy Bridgewater,QB,200.8
2015,Josh McCown,QB,136.1
2015,Tony Moeaki,TE,11.8
2021,Chase Edmonds,RB,103.1
2023,Aaron Jones,RB,147.6
2021,Dezmon Patmon,WR,8.1
2016,Emmanuel Sanders,WR,133.6
2017,Josh Hill,TE,30.0
2020,Robert Woods,WR,170.4
2018,Giovani Bernard,RB,60.9
2022,DeSean Jackson,WR,15.3
2023,Elijah Mitchell,RB,49.0
2022,Andre Baccellia,WR,4.5
2024,Jameis Winston,QB,127.2
2021,David Montgomery,RB,153.0
2014,Damian Williams,WR,1.4
2016,Marcedes Lewis,TE,22.9
2021,Diontae Johnson,WR,174.8
2023,Ronnie Rivers,RB,19.5
2018,Isaiah Crowell,RB,119.7
2014,Joseph Morgan,WR,15.9
2019,David Moore,WR,48.9
2017,Taylor Heinicke,QB,0.6
2022,Quintez Cephus,WR,1.5
2022,Jonathan Taylor,RB,118.4
2019,Jace Sternberger,TE,7.5
2023,Foster Moreau,TE,25.3
2023,CeeDee Lamb,WR,277.7
2015,Golden Tate,WR,119.4
2019,Trey Edmunds,RB,14.0
2024,Dameon Pierce,RB,44.0
2020,Chase Claypool,WR,170.8
2017,Coby Fleener,TE,41.5
2017,Wayne Gallman,RB,70.9
2019,Marvin Hall,WR,32.8
2019,Tevin Coleman,RB,142.1
2021,Tyler Kroft,TE,23.3
2022,James Cook,RB,95.9
2023,Brandin Cooks,WR,122.5
2019,Irv Smith,TE,47.0
2024,Jalen Reagor,WR,7.7
2014,Eric Decker,WR,126.2
2014,Ed Dickson,TE,24.2
2015,James White,RB,92.6
2022,Samori Toure,WR,14.2
2019,Aaron Jones,RB,304.7
2022,Duke Johnson,RB,0.4
2015,Carlos Hyde,RB,70.3
2016,Thomas Rawls,RB,88.1
2019,Hunter Renfrow,WR,84.5
2024,Brian Thomas Jr.,WR,193.0
2020,Stephen Carlson,TE,1.1
2019,Scott Miller,WR,27.6
2022,Albert Okwuegbunam,TE,15.5
2023,Jake Browning,QB,141.5
2017,DeSean Jackson,WR,88.6
2023,Justin Watson,WR,71.0
2017,Nick Vannett,TE,18.4
2024,T.J. Hockenson,TE,57.9
2014,Martavis Bryant,WR,116.8
2015,DeSean Jackson,WR,78.5
2014,Matt Hasselbeck,QB,18.9
2017,Paxton Lynch,QB,16.8
2016,Tyler Kroft,TE,9.2
2020,Nick Westbrook-Ikhine,WR,5.0
2019,Trey Quinn,WR,23.8
2024,Nate Adkins,TE,29.5
2022,Jordan Love,QB,11.7
2018,Nate Sudfeld,QB,4.7
2014,Connor Shaw,QB,4.0
2014,Stedman Bailey,WR,50.8
2021,Chester Rogers,WR,37.3
2018,Andre Roberts,WR,15.9
2019,Tyler Eifert,TE,61.6
2016,EJ Manuel,QB,7.4
2022,Deon Jackson,RB,54.5
2019,Matthew Stafford,QB,170.5
2021,Devin Duvernay,WR,44.2
2023,Olamide Zaccheaus,WR,28.9
2020,Mike Davis,RB,147.5
2016,Devin Smith,WR,2.0
2019,Jeremy Sprinkle,TE,30.1
2020,Christian Blake,WR,14.1
2021,Tom Kennedy,WR,12.4
2018,Isaiah McKenzie,WR,36.5
2021,DeAndre Carter,WR,56.5
2019,Krishawn Hogan,WR,0.4
2023,Jahmyr Gibbs,RB,229.9
2021,Taylor Heinicke,QB,223.7
2023,Drake London,WR,103.4
2017,Clive Walford,TE,8.0
2014,DeSean Jackson,WR,153.6
2017,Tanner McEvoy,WR,7.3
2023,Mecole Hardman,WR,22.4
2022,O.J. Howard,TE,26.5
2017,DeAndre Washington,RB,51.0
2022,Teagan Quitoriano,TE,23.3
2022,Kareem Hunt,RB,91.8
2021,Ameer Abdullah,RB,51.5
2014,Tom Brady,QB,360.1
2024,Brandon Powell,WR,7.1
2017,MarQueis Gray,TE,2.4
2020,Deontay Burnett,WR,1.9
2014,Jamaal Charles,RB,210.4
2017,Mark Ingram,RB,226.3
2022,Johnny Mundt,TE,21.2
2014,Jalen Saunders,WR,0.7
2020,Jack Doyle,TE,54.1
2019,Cedrick Wilson Jr.,WR,4.6
2020,Jerick McKinnon,RB,93.2
2018,Cameron Meredith,WR,15.4
2017,Jaydon Mickens,WR,19.7
2018,Zach Ertz,TE,174.5
2020,James Washington,WR,76.4
2024,Justin Herbert,QB,287.3
2014,Robert Herron,WR,11.8
2016,Sammy Watkins,WR,55.0
2014,Antonio Gates,TE,154.1
2019,David Njoku,TE,10.1
2024,David Moore,WR,53.1
2014,Paul Richardson,WR,35.2
2018,Ito Smith,RB,70.7
2015,Brandon Marshall,WR,230.2
2019,Andre Roberts,WR,2.7
2024,Ramel Keyton,WR,0.7
2024,Mecole Hardman,WR,21.2
2016,Scott Tolzien,QB,8.9
2020,Michael Gallup,WR,114.3
2020,Olamide Zaccheaus,WR,33.4
2017,Josh Bellamy,WR,44.2
2021,Michael Carter,RB,118.4
2021,Elijah Moore,WR,95.2
2016,Rhett Ellison,TE,11.8
2020,Brandin Cooks,WR,151.0
2016,Jordan Cameron,TE,12.0
2019,Matt Breida,RB,84.2
2018,DaeSean Hamilton,WR,36.3
2016,Bryce Treggs,WR,8.7
2020,Austin Mack,WR,9.1
2022,Maxx Williams,TE,1.8
2018,Michael Thomas,WR,217.2
2022,Dalton Schultz,TE,115.9
2024,Ryan Flournoy,WR,8.2
2016,Chris Manhertz,TE,1.0
2024,Justin Watson,WR,40.9
2017,Brenton Bersin,WR,15.5
2014,Julian Edelman,WR,172.6
2024,Josh Oliver,TE,44.3
2022,Zach Ertz,TE,64.6
2015,Terrence Magee,RB,0.7
2020,Eric Ebron,TE,96.0
2016,Brice Butler,WR,39.9
2016,Carlos Hyde,RB,163.1
2021,Chris Myarick,TE,7.7
2015,Larry Fitzgerald,WR,198.1
2024,Ke'Shawn Vaughn,RB,0.4
2020,Julio Jones,WR,95.1
2017,Cody Kessler,QB,2.9
2019,Nick O'Leary,TE,16.9
2020,Hayden Hurst,TE,93.1
2017,Kareem Hunt,RB,252.9
2018,Matt Barkley,QB,17.1
2019,Josh Rosen,QB,18.0
2021,Ezekiel Elliott,RB,202.2
2015,Kendall Gaskins,RB,10.7
2017,Logan Thomas,TE,13.2
2020,Mitchell Trubisky,QB,168.8
2016,Jesse James,TE,65.5
2020,Darrel Williams,RB,57.5
2016,Rod Smith,RB,0.4
2021,Mike Boone,RB,5.7
2020,Jameis Winston,QB,8.6
2014,Shonn Greene,RB,50.5
2017,Trent Taylor,WR,55.0
2018,Nick Chubb,RB,174.5
2023,JuJu Smith-Schuster,WR,32.0
2023,Marquise Brown,WR,83.7
2021,Chris Manhertz,TE,13.1
2018,Keke Coutee,WR,51.7
2024,Malik Heath,WR,21.7
2017,Jeff Cumberland,TE,0.2
2014,Alex Smith,QB,221.9
2019,Mason Rudolph,QB,108.8
2019,JuJu Smith-Schuster,WR,71.2
2017,Zach Miller,TE,35.6
2021,Qadree Ollison,RB,15.7
2024,Josh Johnson,QB,0.7
2021,Andy Isabella,WR,1.3
2017,Orson Charles,TE,5.3
2024,Javon Baker,WR,1.2
2022,Jakobi Meyers,WR,113.3
2018,Dan Arnold,TE,21.0
2014,Cyrus Gray,RB,9.1
2024,Davis Allen,TE,11.2
2016,Nick Vannett,TE,3.2
2024,Devontez Walker,WR,8.1
2015,Dontrelle Inman,WR,64.6
2024,Marcus Mariota,QB,45.8
2015,Donald Brown,RB,37.7
2014,Darrius Heyward-Bey,WR,1.9
2019,Kyle Allen,QB,189.4
2017,Kendrick Bourne,WR,25.7
2014,Ryan Tannehill,QB,280.4
2024,Malik Washington,WR,30.8
2024,Jalen Tolbert,WR,103.0
2019,Mike Boone,RB,47.0
2023,Tim Boyle,QB,10.9
2022,Brevin Jordan,TE,12.8
2020,Tevin Coleman,RB,8.7
2017,Daniel Brown,TE,12.9
2022,Allen Robinson,WR,51.9
2022,Velus Jones Jr.,WR,31.0
2014,Corey Brown,WR,57.2
2024,Ainias Smith,WR,10.7
2016,Vincent Jackson,WR,17.3
2024,Rashid Shaheed,WR,55.8
2016,Kenneth Farrow,RB,24.2
2020,Matt Ryan,QB,284.3
2019,Michael Walker,WR,1.5
2016,Eli Rogers,WR,87.2
2022,Evan Engram,TE,120.3
2021,Cole Kmet,TE,61.2
2019,Paul Perkins,RB,3.8
2024,Wan'Dale Robinson,WR,89.7
2019,Darrell Daniels,TE,0.4
2021,Tony Jones,RB,17.1
2021,Trey Lance,QB,63.0
2024,Brian Robinson,RB,166.9
2021,Rodney Smith,RB,4.8
2021,Dallas Goedert,TE,116.2
2017,Marcedes Lewis,TE,69.9
2023,Andrew Ogletree,TE,26.7
2024,Michael Wilson,WR,77.5
2014,Owen Daniels,TE,93.8
2017,Josh Ferguson,RB,2.1
2021,Andre Roberts,WR,5.4
2023,Michael Gallup,WR,64.1
2015,Jacquizz Rodgers,RB,5.1
2023,John FitzPatrick,TE,1.2
2017,Richard Rodgers,TE,22.0
2016,Darren Sproles,RB,110.5
2022,Jeremy Ruckert,TE,0.8
2024,Eric Saubert,TE,15.7
2021,Cordarrelle Patterson,RB,182.6
2024,Drake London,WR,180.8
2017,David Fales,QB,19.4
2019,Parris Campbell,WR,20.1
2024,Justin Fields,QB,121.1
2022,Jaylen Warren,RB,65.3
2014,Cooper Helfet,TE,30.5
2023,Mark Andrews,TE,91.9
2015,Chris Matthews,WR,21.1
2022,Grant Calcaterra,TE,8.1
2023,Calvin Austin III,WR,42.4
2017,Greg Olsen,TE,41.8
2020,T.Y. Hilton,WR,109.4
2014,Rod Streater,WR,14.4
2015,Juwan Thompson,RB,9.9
2014,Markus Wheaton,WR,84.9
2014,Chris Johnson,RB,91.4
2022,Freddie Swain,WR,7.4
2019,Hale Hentges,TE,16.3
2023,La'Mical Perine,RB,11.0
2024,Troy Franklin,WR,50.5
2021,Adrian Peterson,RB,22.6
2014,Sammy Watkins,WR,133.0
2014,Coby Fleener,TE,135.1
2019,Austin Hooper,TE,114.7
2015,Mike Evans,WR,138.6
2023,Tee Higgins,WR,95.6
2015,Blaine Gabbert,QB,131.8
2020,MyCole Pruitt,TE,16.9
2024,Greg Dulcich,TE,2.8
2023,Mike White,QB,2.1
2014,Brandon Bolden,RB,17.5
2020,Darius Slayton,WR,91.0
2016,Stevan Ridley,RB,0.7
2017,Tion Green,RB,29.9
2016,Ryan Mathews,RB,127.6
2022,Sam Ehlinger,QB,37.6
2018,Jameis Winston,QB,199.8
2018,Torrey Smith,WR,31.0
2016,Lamar Miller,RB,182.3
2021,Cethan Carter,TE,1.6
2018,Raheem Mostert,RB,32.6
2014,Trent Richardson,RB,90.8
2022,Randall Cobb,WR,47.7
2022,Ashton Dulin,WR,27.5
2015,Ben Roethlisberger,QB,239.1
2023,DeMario Douglas,WR,58.2
2017,Tyler Higbee,TE,36.6
2019,Travis Kelce,TE,202.2
2018,Blake Bortles,QB,177.2
2018,Tom Brady,QB,324.1
2019,Chris Thompson,RB,51.6
2014,De'Anthony Thomas,WR,32.9
2020,Damien Harris,RB,86.3
2016,Dwayne Harris,WR,7.3
2021,Tommy Tremble,TE,31.1
2020,Chad Henne,QB,25.5
2015,Brandon Coleman,WR,57.4
2017,Jamal Agnew,WR,2.7
2019,Lamar Jackson,QB,444.6
2015,Jared Cook,TE,46.1
2022,Jake Ferguson,TE,32.8
2018,Jeremy Sprinkle,TE,10.1
2020,Jamaal Williams,RB,103.1
2020,Lamar Jackson,QB,367.4
2024,Luke McCaffrey,WR,16.8
2018,Brandon Powell,WR,13.3
2017,Jason Witten,TE,86.0
2022,Michael Carter,RB,85.0
2021,JuJu Smith-Schuster,WR,22.4
2016,Tony Washington,WR,0.9
2024,Taysom Hill,TE,79.3
2023,Trevor Lawrence,QB,270.6
2019,Marcus Johnson,WR,39.7
2014,Tavarres King,WR,1.3
2022,Stephen Anderson,TE,0.9
2015,Brian Hoyer,QB,167.9
2023,T.J. Hockenson,TE,124.0
2023,Nico Collins,WR,201.2
2024,Luke Schoonmaker,TE,30.1
2022,Nyheim Hines,RB,40.5
2019,KeeSean Johnson,WR,23.0
2020,Dan Arnold,TE,65.8
2018,Matt Ryan,QB,360.0
2019,Jason Witten,TE,74.9
2018,Tommylee Lewis,WR,11.0
2024,Xavier Smith,WR,4.2
2014,Marion Grice,RB,19.1
2018,Michael Crabtree,WR,94.5
2017,Anthony Fasano,TE,16.7
2019,Jonathan Williams,RB,35.4
2022,Christian Kirk,WR,184.7
2015,Alex Smith,TE,1.6
2016,A.J. Green,WR,120.4
2016,Latavius Murray,RB,186.3
2024,Trey Benson,RB,41.0
2015,Scott Chandler,TE,49.9
2020,Ted Ginn,WR,4.0
2023,Brock Purdy,QB,348.0
2020,Austin Walter,RB,3.0
2022,Tom Brady,QB,291.5
2024,Sione Vaki,RB,5.1
2015,Anquan Boldin,WR,100.9
2024,Jonathan Taylor,RB,226.7
2014,Jason Witten,TE,113.7
2017,Brett Hundley,QB,123.6
2015,Eddie Royal,WR,29.7
2023,Zach Wilson,QB,123.8
2022,Caleb Huntley,RB,42.9
2019,Ryan Fitzpatrick,QB,241.7
2019,Chris Lacy,WR,6.0
2022,Brock Wright,TE,45.6
2021,DJ Moore,WR,142.5
2022,Andy Dalton,QB,174.3
2024,Jared Goff,QB,332.7
2018,A.J. Green,WR,103.4
2018,Detrez Newsome,RB,6.8
2022,Dare Ogunbowale,RB,28.7
2021,Dante Pettis,WR,15.3
2018,Jarvis Landry,WR,134.1
2016,Keenan Allen,WR,6.3
2019,Adrian Peterson,RB,130.0
2024,Pharaoh Brown,TE,4.5
2019,J.P. Holtz,TE,9.1
2020,Isaiah Ford,WR,27.6
2020,Scott Miller,WR,84.0
2016,Brandin Cooks,WR,168.3
2022,John Wolford,QB,16.8
2017,Matt Ryan,QB,255.7
2024,Tay Martin,WR,10.9
2015,Dion Sims,TE,16.7
2019,Kenny Stills,WR,98.7
2016,Keith Mumphery,WR,7.6
2019,Damion Willis,WR,8.2
2019,Mitchell Trubisky,QB,204.8
2019,Ryan Grant,WR,1.4
2016,DeAndre Washington,RB,69.8
2023,Dalvin Cook,RB,27.5
2019,Tyler Conklin,TE,6.3
2019,Demarcus Robinson,WR,72.4
2015,Will Johnson,RB,8.3
2016,Mike Evans,WR,204.1
2020,Cole Beasley,WR,140.0
2024,Rome Odunze,WR,90.9
2017,Scott Tolzien,QB,1.3
2015,Justin Hardy,WR,19.4
2020,Nick Boyle,TE,23.3
2022,DK Metcalf,WR,162.4
2020,Jarrett Stidham,QB,13.0
2020,Dwayne Haskins,QB,74.2
2022,Tyler Kroft,TE,5.7
2023,Pat Freiermuth,TE,50.4
2023,Jared Goff,QB,338.7
2020,Alvin Kamara,RB,322.9
2019,Alexander Mattison,RB,61.7
2019,Justice Hill,RB,44.1
2024,Tyrod Taylor,QB,18.0
2018,Joe Flacco,QB,139.0
2020,Anthony Miller,WR,62.1
2024,Greg Dortch,WR,53.3
2024,A.J. Brown,WR,178.2
2016,Bronson Hill,RB,1.1
2020,Jeremy McNichols,RB,32.3
2021,George Kittle,TE,143.8
2020,DeAndre Hopkins,WR,172.8
2019,Latavius Murray,RB,125.7
2022,C.J. Uzomah,TE,35.2
2023,Isaiah Spiller,RB,13.0
2024,Bo Melton,WR,16.1
2017,Tevin Coleman,RB,156.8
2022,Chad Henne,QB,4.3
2024,Trent Taylor,WR,1.1
2016,Eli Manning,QB,247.2
2018,Joe Webb,QB,1.3
2023,Jalen Reagor,WR,15.5
2018,John Phillips,TE,3.8
2017,Alex Smith,QB,317.0
2016,DeAngelo Williams,RB,96.8
2015,Marlon Moore,WR,14.1
2023,Malik Taylor,WR,1.3
2024,Ja'Marr Chase,WR,276.0
2014,Seyi Ajirotutu,WR,4.5
2014,Brandon Weeden,QB,20.0
2022,Jack Stoll,TE,12.8
2022,Myles Gaskin,RB,5.4
2016,Larry Donnell,TE,13.2
2021,Albert Wilson,WR,23.0
2014,Benjamin Watson,TE,25.6
2015,Ricardo Lockette,WR,12.9
2020,Jamal Agnew,WR,12.2
2016,LeGarrette Blount,RB,241.6
2016,Matt Ryan,QB,432.1
2018,Garrett Griffin,TE,7.2
2017,Andre Holmes,WR,30.0
2020,Dante Pettis,WR,13.6
2020,Mike Williams,WR,105.7
2020,Tanner Hudson,TE,4.1
2014,Ben Roethlisberger,QB,321.2
2019,Jesse James,TE,14.2
2023,Ihmir Smith-Marsette,WR,18.5
2021,Terrace Marshall Jr.,WR,13.8
2018,Jarius Wright,WR,52.6
2022,Patrick Taylor,RB,4.8
2019,Byron Pringle,WR,23.0
2020,Jalen Reagor,WR,48.2
2017,Brandon Williams,TE,12.1
2022,Trey Sermon,RB,1.9
2016,Antonio Gates,TE,94.8
2018,Dontrelle Inman,WR,65.2
2022,CeeDee Lamb,WR,219.7
2016,Malcolm Brown,RB,6.5
2014,Calvin Johnson,WR,164.2
2018,Stefon Diggs,WR,162.3
2020,Josh Jacobs,RB,198.3
2017,Josh Reynolds,WR,16.4
2014,Charles Sims,RB,41.5
2015,Ryan Grant,WR,38.8
2018,Jermaine Gresham,TE,7.4
2021,Justin Jackson,RB,64.2
2019,Riley Ridley,WR,6.9
2022,Robbie Chosen,WR,32.2
2019,Bobo Wilson,WR,3.5
2023,Mike Williams,WR,31.2
2016,Brandon Myers,TE,11.9
2022,Drake London,WR,104.6
2024,D'Onta Foreman,RB,26.6
2024,Josh Jacobs,RB,275.2
2020,Tarik Cohen,RB,11.5
2016,Ben Koyack,TE,22.1
2023,C.J. Uzomah,TE,11.8
2023,Brandon Johnson,WR,52.4
2017,Isaiah Crowell,RB,113.5
2024,Patrick Ricard,RB,8.2
2019,Rico Gafford,WR,12.6
2014,Mike Vick,QB,45.4
2021,C.J. Board,WR,5.7
2018,Donte Moncrief,WR,84.8
2014,Andre Williams,RB,127.1
2022,Troy Hairston,RB,1.9
2024,Tre Tucker,WR,82.3
2024,Saquon Barkley,RB,403.7
2016,Demaryius Thomas,WR,134.3
2017,Nick O'Leary,TE,44.4
2018,Josh McCown,QB,20.7
2015,Jeremy Hill,RB,165.0
2016,David Morgan,TE,0.4
2024,Josh Whyle,TE,30.8
2014,Andre Holmes,WR,93.3
2024,Casey Washington,WR,1.4
2022,KhaDarel Hodge,WR,26.2
2023,Chris Evans,RB,1.1
2018,Roc Thomas,RB,5.1
2018,Dion Sims,TE,0.9
2014,Kyle Orton,QB,180.1
2021,Hunter Renfrow,WR,161.9
2023,Jordan Akins,TE,13.2
2016,Jonathan Williams,RB,11.4
2017,DeShone Kizer,QB,185.9
2015,Ben Edwards,WR,0.9
2018,Rex Burkhead,RB,67.8
2014,Bryce Brown,RB,28.2
2023,Kwamie Lassiter II,WR,0.2
2014,Jeremy Maclin,WR,191.8
2017,Breshad Perriman,WR,7.7
2019,Jared Goff,QB,255.5
2017,Cobi Hamilton,WR,0.8
2018,Corey Grant,RB,10.7
2022,James Mitchell,TE,17.3
2016,Austin Seferian-Jenkins,TE,21.4
2016,DeVante Parker,WR,103.9
2016,Daniel Brown,TE,18.4
2022,Simi Fehoko,WR,2.4
2019,Isaiah McKenzie,WR,38.6
2024,John Ross,WR,0.6
2018,DeAndre Hopkins,WR,222.2
2024,Andrei Iosivas,WR,83.9
2019,Ryan Finley,QB,30.7
2021,Mohamed Sanu,WR,17.7
2021,Brevin Jordan,TE,35.8
2021,Alexander Mattison,RB,93.9
2017,Jehu Chesson,WR,1.8
2022,KaVontae Turpin,WR,3.4
2022,Rachaad White,RB,98.8
2024,Roschon Johnson,RB,61.4
2021,Eno Benjamin,RB,25.4
2022,Jalen Hurts,QB,455.6
2023,Patrick Taylor,RB,19.6
2022,Trent Taylor,WR,7.7
2015,DuJuan Harris,RB,26.6
2019,Anthony Miller,WR,75.5
2017,Donte Moncrief,WR,51.1
2020,T.J. Yeldon,RB,21.2
2024,Rachaad White,RB,150.1
2018,Robert Griffin III,QB,0.8
2015,Jamison Crowder,WR,74.1
2018,Lamar Miller,RB,155.7
2024,Dante Pettis,WR,18.0
2014,Fred Jackson,RB,120.6
2024,Alec Pierce,WR,124.4
2021,Jonathan Williams,RB,16.7
2023,Joe Flacco,QB,114.5
2022,Josh Reynolds,WR,65.9
2023,Evan Hull,RB,0.7
2020,Cody Hollister,WR,1.2
2022,Tommy Tremble,TE,35.4
2024,Aaron Jones,RB,196.6
2014,David Johnson,TE,0.4
2020,Drew Brees,QB,235.9
2015,Peyton Manning,QB,117.8
2019,Darius Jennings,WR,1.7
2015,Todd Gurley,RB,187.4
2015,Andre Johnson,WR,74.3
2017,Jordan Reed,TE,33.1
2015,Brian Hartline,WR,64.3
2023,Nick Westbrook-Ikhine,WR,55.0
2016,Corey Coleman,WR,60.3
2021,Matt Breida,RB,35.7
2017,Brandon LaFell,WR,72.8
2022,Tony Jones,RB,5.4
2023,Ben Skowronek,WR,14.0
2021,Scottie Phillips,RB,2.2
2024,Reggie Gilliam,RB,0.7
2018,Jeff Driskel,QB,85.1
2023,Demarcus Robinson,WR,65.8
2020,Kahale Warring,TE,3.5
2019,Tony Brooks-James,RB,0.7
2018,Samaje Perine,RB,3.7
2021,Hayden Hurst,TE,38.1
2016,Brandon Tate,WR,16.5
2022,Parris Campbell,WR,86.1
2020,Ashton Dulin,WR,6.4
2020,Sony Michel,RB,68.3
2018,Wendell Smallwood,RB,97.3
2021,Michael Gallup,WR,56.5
2021,James Robinson,RB,142.9
2018,Alvin Kamara,RB,288.9
2023,Alvin Kamara,RB,152.0
2024,Jahan Dotson,WR,34.2
2020,Chase Daniel,QB,12.2
2022,DJ Turner,WR,2.6
2023,Lil'Jordan Humphrey,WR,34.2
2014,Joseph Fauria,TE,13.4
2020,Latavius Murray,RB,121.2
2019,Ito Smith,RB,25.3
2020,Lynn Bowden,WR,25.6
2021,J.J. Arcega-Whiteside,WR,3.6
2020,A.J. Green,WR,64.3
2020,Tony Jones,RB,1.3
2020,Ross Dwelley,TE,30.5
2015,Daniel Brown,TE,6.4
2022,Dallas Goedert,TE,106.3
2019,Buddy Howell,RB,1.0
2016,Clive Walford,TE,55.5
2014,Jimmy Clausen,QB,15.8
2019,Kalif Raymond,WR,31.0
2022,Mike Williams,WR,113.5
2016,Crockett Gillmore,TE,13.1
2023,Laviska Shenault Jr.,WR,11.5
2015,Zach Ertz,TE,95.3
2020,Steven Mitchell,WR,6.0
2019,Odell Beckham Jr.,WR,129.3
2016,Alex Collins,RB,30.4
2014,Austin Davis,QB,113.6
2019,Travis Homer,RB,22.7
2020,AJ Dillon,RB,44.0
2018,Mike Boone,RB,4.8
2022,Brock Purdy,QB,149.5
2017,Demetrius Harris,TE,30.6
2021,Cedrick Wilson Jr.,WR,107.0
2016,Jermaine Gresham,TE,51.1
2018,Martavis Bryant,WR,26.9
2019,Cody Latimer,WR,42.0
2014,Chase Daniel,QB,7.8
2024,Javonte Williams,RB,110.2
2023,Tyler Scott,WR,18.9
2022,Stefon Diggs,WR,223.5
2018,Matt Schaub,QB,0.1
2015,Rob Gronkowski,TE,224.3
2015,Chris Harper,WR,0.6
2014,Ryan Nassib,QB,2.1
2022,Rhamondre Stevenson,RB,180.1
2018,Bilal Powell,RB,49.3
2018,Scott Simonson,TE,14.6
2017,Cam Newton,QB,323.2
2021,Luke Stocker,TE,1.2
2022,Zay Jones,WR,135.8
2015,Trey Williams,RB,1.2
2018,Derek Anderson,QB,10.5
2024,Chris Collier,RB,0.8
2018,Brian Parker,TE,3.3
2014,Chris Ivory,RB,134.4
2017,Jalston Fowler,RB,6.4
2018,Nick Vannett,TE,45.4
2023,Tyler Higbee,TE,61.5
2023,Malik Heath,WR,18.5
2018,George Kittle,TE,168.7
2017,Doug Martin,RB,65.0
2024,Bo Nix,QB,330.2
2020,Cedrick Wilson Jr.,WR,34.6
2018,Javon Wims,WR,3.2
2024,DJ Moore,WR,138.1
2014,Zach Mettenberger,QB,75.0
2018,Kyle Rudolph,TE,87.4
2019,Sam Darnold,QB,189.1
2022,Trey Lance,QB,12.5
2020,Benny Snell,RB,66.6
2023,Tyson Bagent,QB,57.3
2020,Jaydon Mickens,WR,5.8
2020,Bryan Edwards,WR,25.3
2019,Seth DeValve,TE,14.0
2014,Derek Carrier,TE,10.7
2024,Zach Ertz,TE,128.9
2024,DeAndre Hopkins,WR,99.9
2022,Tyreek Hill,WR,229.6
2016,Cameron Meredith,WR,113.5
2023,Justin Fields,QB,236.1
2019,Albert Wilson,WR,46.4
2017,De'Anthony Thomas,WR,26.7
2015,Dion Lewis,RB,84.2
2018,Luke Stocker,TE,28.5
2019,Breshad Perriman,WR,102.1
2019,C.J. Board,WR,3.1
2021,Sean McKeon,TE,8.7
2021,Nathan Peterman,QB,0.2
2020,D'Ernest Johnson,RB,18.0
2024,Jaelon Darden,WR,0.6
2018,Josh Perkins,TE,6.7
2017,JoJo Natson,WR,3.3
2023,Ty Johnson,RB,33.4
2016,Tyler Boyd,WR,70.1
2014,Lance Moore,WR,31.8
2014,Vincent Jackson,WR,110.2
2022,Mo Alie-Cox,TE,34.9
2022,Josh Allen,QB,439.0
2017,James White,RB,115.2
2018,Matt Cassel,QB,1.7
2023,C.J. Stroud,QB,310.1
2016,Michael Floyd,WR,79.7
2017,Phillip Dorsett,WR,25.1
2017,Bilal Powell,RB,122.2
2016,Wendall Williams,WR,7.5
2019,Cody Hollister,WR,1.3
2020,Jonathan Williams,RB,0.6
2024,Chris Blair,WR,1.7
2019,Dwayne Washington,RB,6.6
2019,Tra Carson,RB,6.6
2017,Antonio Brown,WR,232.5
2022,Damien Harris,RB,73.9
2023,Trishton Jackson,WR,0.9
2014,Christian Ponder,QB,12.5
2015,Chris Polk,RB,56.3
2019,Noah Fant,TE,71.0
2023,Dak Prescott,QB,369.6
2018,Jordan Reed,TE,65.8
2018,Spencer Ware,RB,61.1
2022,Damiere Byrd,WR,38.8
2019,Kelvin Harmon,WR,36.9
2014,Garrett Graham,TE,25.7
2018,Garrett Celek,TE,21.0
2016,Brandon LaFell,WR,122.0
2021,Andy Dalton,QB,82.1
2019,Tyler Higbee,TE,91.4
2020,Rico Dowdle,RB,2.4
2018,Kareem Hunt,RB,204.2
2017,Chris Hogan,WR,103.2
2021,Mark Ingram,RB,81.6
2017,LeSean McCoy,RB,216.5
2022,Matt Ryan,QB,161.3
2016,Carson Palmer,QB,247.1
2016,Brandon Williams,TE,3.6
2017,Blake Bortles,QB,297.6
2014,Frank Gore,RB,147.7
2018,Rashad Greene,WR,4.0
2021,DeSean Jackson,WR,58.4
2021,Van Jefferson,WR,129.9
2023,Travis Kelce,TE,180.4
2016,Chase Reynolds,RB,0.4
2024,Travis Homer,RB,3.4
2023,Tylan Wallace,WR,1.1
2016,Kevin White,WR,19.6
2017,Alan Cross,TE,5.8
2020,David Johnson,RB,146.5
2014,Bobby Rainey,RB,78.1
2016,Dennis Pitta,TE,82.9
2018,Emmanuel Sanders,WR,127.2
2015,Garrett Graham,TE,9.0
2021,Aaron Jones,RB,194.0
2020,Deebo Samuel Sr.,WR,47.7
2014,Brian Leonhardt,TE,9.5
2016,Michael Campanaro,WR,7.2
2014,Brandon Williams,TE,4.4
2015,Darren Sproles,RB,94.5
2020,Chris Herndon,TE,42.7
2022,KJ Hamler,WR,18.8
2016,Anthony Fasano,TE,20.3
2016,Cobi Hamilton,WR,46.5
2014,Geno Smith,QB,152.8
2015,Benny Cunningham,RB,39.0
2014,Carlos Hyde,RB,62.1
2015,Rex Burkhead,RB,14.7
2017,Paul Richardson,WR,106.3
2021,Marvin Jones,WR,107.2
2015,Matthew Stafford,QB,293.7
2016,Fitzgerald Toussaint,RB,9.1
2024,Spencer Rattler,QB,73.2
2023,Grant Calcaterra,TE,3.9
2015,Derek Anderson,QB,1.0
2023,Elijah Moore,WR,74.3
2016,Ed Dickson,TE,19.4
2024,Patrick Mahomes,QB,343.3
2017,Larry Fitzgerald,WR,150.4
2022,Penny Hart,WR,2.0
2024,Joe Flacco,QB,105.2
2016,Mike Wallace,WR,128.8
2014,Marques Colston,WR,118.2
2017,Jordan Matthews,TE,32.2
2014,Preston Parker,WR,53.8
2015,EJ Manuel,QB,40.8
2024,Jacob Cowing,WR,8.7
2017,Kenjon Barner,RB,17.3
2020,Antonio Gibson,RB,169.7
2023,Jalen Brooks,WR,6.4
2024,Kenneth Walker III,RB,135.2
2016,Cody Core,WR,20.0
2017,Nelson Agholor,WR,145.1
2020,Dez Bryant,WR,16.7
2022,Jalen Nailor,WR,23.9
2020,Marvin Jones,WR,151.8
2016,Julio Jones,WR,228.3
2015,Stedman Bailey,WR,24.2
2019,Brandon Zylstra,WR,10.6
2015,John Crockett,RB,2.1
2019,Teddy Bridgewater,QB,90.5
2016,Jeremy Kerley,WR,84.7
2018,John Brown,WR,103.3
2018,Sony Michel,RB,202.6
2021,Nick Boyle,TE,0.2
2015,Albert Wilson,WR,73.4
2015,Andre Holmes,WR,44.1
2021,DeAndre Hopkins,WR,105.2
2020,Pharoh Cooper,WR,7.3
2024,Jaylen Wright,RB,23.7
2016,Virgil Green,TE,29.7
2021,James O'Shaughnessy,TE,24.4
2017,Derrick Henry,RB,154.0
2018,Damiere Byrd,WR,0.8
2023,Kyler Murray,QB,144.4
2018,Chad Williams,WR,24.0
2018,Christine Michael,RB,0.9
2024,Brandin Cooks,WR,43.6
2014,Daniel Thomas,RB,38.9
2017,Derek Carrier,TE,7.1
2021,C.J. Saunders,WR,1.1
2017,Carson Palmer,QB,102.3
2015,T.J. Yeldon,RB,119.9
2019,Deon Cain,WR,12.4
2022,Jerry Jeudy,WR,137.2
2019,Jameis Winston,QB,305.2
2019,David Montgomery,RB,145.4
2017,Chris Manhertz,TE,1.7
2021,John Bates,TE,30.9
2023,Cole Turner,TE,12.0
2014,Antonio Andrews,RB,1.1
2018,Damion Ratley,WR,14.4
2019,Mike Williams,WR,112.3
2019,Darius Slayton,WR,122.0
2022,Marquez Valdes-Scantling,WR,104.6
2020,C.J. Uzomah,TE,14.7
2015,DeVante Parker,WR,67.4
2015,DeMarco Murray,RB,140.4
2018,Tevin Coleman,RB,161.6
2017,Chris Godwin Jr.,WR,58.5
2018,Jermaine Kearse,WR,43.1
2015,Brian Parker,TE,0.6
2021,Zach Gentry,TE,20.0
2019,KhaDarel Hodge,WR,7.6
2016,Mike Glennon,QB,7.0
2021,Malik Turner,WR,33.5
2015,Ty Montgomery,WR,27.0
2019,Duke Williams,WR,27.5
2023,Ameer Abdullah,RB,22.0
2019,Johnny Mundt,TE,2.6
2016,MarQueis Gray,TE,17.4
2023,Jakob Johnson,RB,1.2
2015,Michael Williams,TE,2.6
2019,Leonard Fournette,RB,183.4
2015,Taylor Gabriel,WR,22.1
2020,Hunter Henry,TE,85.3
2024,Jaxon Smith-Njigba,WR,153.0
2018,Jonnu Smith,TE,43.8
2015,Tre McBride,WR,7.6
2021,Wendell Smallwood,RB,4.7
2021,Hunter Long,TE,0.8
2021,Kristian Wilkerson,WR,16.2
2016,Nick O'Leary,TE,11.4
2022,Chig Okonkwo,TE,63.2
2021,Corey Clement,RB,22.9
2022,Brandin Cooks,WR,88.6
2024,Olamide Zaccheaus,WR,73.9
2023,Devin Singletary,RB,157.3
2020,Evan Engram,TE,78.0
2018,Blake Bell,TE,6.7
2017,Nick Boyle,TE,20.3
2020,Brandon Aiyuk,WR,124.5
2022,Demetric Felton,RB,0.4
2017,Mike Glennon,QB,37.6
2016,Colin Kaepernick,QB,200.3
2014,Brandon Pettigrew,TE,8.1
2019,Gardner Minshew,QB,233.3
2024,Mike White,QB,1.1
2021,Antoine Wesley,WR,38.8
2018,Jimmy Graham,TE,75.6
2021,Jeremy McNichols,RB,45.6
2014,Marqise Lee,WR,49.1
2021,Allen Robinson,WR,47.0
2020,Leonard Fournette,RB,164.8
2019,Mack Hollins,WR,12.5
2021,Mike Gesicki,TE,90.0
2015,Matt Moore,QB,0.4
2023,Equanimeous St. Brown,WR,6.2
2020,DeSean Jackson,WR,30.8
2023,Jaylen Waddle,WR,130.6
2018,Jesse James,TE,54.3
2014,Josh Cribbs,WR,0.8
2020,Demetrius Harris,TE,4.5
2015,Lorenzo Taliaferro,RB,13.6
2016,Giovani Bernard,RB,83.3
2023,Robert Woods,WR,51.0
2018,Ed Dickson,TE,37.4
2018,Christian Kirk,WR,80.5
2015,Jaron Brown,WR,22.0
2020,D.J. Foster,RB,0.9
2018,Alshon Jeffery,WR,134.8
2016,Ronnie Hillman,RB,22.4
2014,Josh Harris,RB,4.7
2016,Hunter Henry,TE,93.8
2022,Tyron Johnson,WR,0.8
2021,David Njoku,TE,71.6
2022,Demarcus Robinson,WR,66.7
2021,Dalton Schultz,TE,137.7
2016,Brock Osweiler,QB,195.8
2017,Javorius Allen,RB,120.1
2017,Matt Moore,QB,41.3
2024,Michael Penix Jr.,QB,44.2
2020,Antonio Callaway,WR,2.0
2018,Teddy Bridgewater,QB,7.2
2021,Tyler Johnson,WR,40.5
2014,Devin Street,WR,1.8
2017,Blaine Gabbert,QB,63.6
2016,Kerwynn Williams,RB,28.3
2024,Jalen Brooks,WR,23.7
2018,Tre'Quan Smith,WR,75.7
2022,Christian McCaffrey,RB,319.3
2024,Drake Maye,QB,181.1
2018,Chad Beebe,WR,3.9
2020,Ezekiel Elliott,RB,169.7
2021,T.Y. Hilton,WR,51.1
2022,Mike Thomas,WR,3.8
2023,Derrick Henry,RB,218.7
2014,Marquise Goodwin,WR,5.0
2015,Zac Stacy,RB,21.4
2022,Michael Gallup,WR,77.0
2016,Jimmy Graham,TE,136.2
2017,Danny Woodhead,RB,25.6
2022,Hassan Haskins,RB,15.0
2022,Trenton Irwin,WR,50.1
2016,Mike Davis,RB,11.5
2023,Christian Watson,WR,75.3
2016,De'Anthony Thomas,WR,6.4
2021,Ross Dwelley,TE,11.1
2016,Cam Newton,QB,254.3
2015,Jamaal Charles,RB,80.1
2024,Courtland Sutton,WR,166.8
2018,Chad Henne,QB,1.5
2016,Matt Jones,RB,67.3
2021,Raheem Mostert,RB,2.0
2016,Arian Foster,RB,13.3
2023,Nelson Agholor,WR,73.2
2018,Mike Glennon,QB,10.9
2022,Elijah Mitchell,RB,54.4
2023,Chris Brooks,RB,10.6
2021,Easop Winston,WR,0.5
2020,Golden Tate,WR,51.5
2016,Matt Cassel,QB,15.7
2019,Reggie Bonnafon,RB,23.3
2020,Ryan Griffin,TE,8.6
2020,Mike Thomas,WR,17.3
2020,Todd Gurley,RB,138.2
2015,Malcom Floyd,WR,72.1
2015,Tavon Austin,WR,142.7
2023,Tyler Huntley,QB,25.6
2021,Breshad Perriman,WR,22.9
2018,Josh Bellamy,WR,21.1
2016,Marcus Murphy,RB,0.3
2022,Tyler Allgeier,RB,141.4
2022,Kylin Hill,RB,0.7
2022,Trace McSorley,QB,10.7
2014,Ryan Broyles,WR,2.5
2022,Jaylen Waddle,WR,189.4
2021,Equanimeous St. Brown,WR,11.3
2014,Ace Sanders,WR,5.5
2015,Travis Benjamin,WR,125.8
2014,Greg Jennings,WR,110.2
2015,Rhett Ellison,TE,18.4
2015,Matt Schaub,QB,26.6
2017,Chris Carson,RB,32.7
2014,Kris Durham,WR,5.4
2023,Tucker Fisk,TE,0.9
2022,Josh Johnson,QB,1.9
2021,Ryan Griffin,TE,38.1
2018,Jake Kumerow,WR,16.3
2021,Cody White,WR,3.3
2021,Jaydon Mickens,WR,1.0
2016,Eddie Lacy,RB,38.8
2015,Dorial Green-Beckham,WR,78.9
2015,A.J. Green,WR,200.8
2018,Robert Woods,WR,197.9
2016,D.J. Foster,RB,2.6
2023,Romeo Doubs,WR,144.8
2021,Leonard Fournette,RB,209.3
2023,Salvon Ahmed,RB,26.9
2018,Mo Alie-Cox,TE,25.3
2017,Jerell Adams,TE,9.2
2020,Alshon Jeffery,WR,17.5
2020,Devin Asiasi,TE,9.9
2019,Miles Sanders,RB,174.4
2023,Parris Campbell,WR,10.4
2015,Josh Robinson,RB,5.2
2018,Marquez Valdes-Scantling,WR,73.0
2015,Gary Barnidge,TE,158.3
2021,Ricky Seals-Jones,TE,39.1
2022,Larry Rountree III,RB,3.3
2022,Travis Homer,RB,27.1
2020,Jaleel Scott,WR,1.6
2021,Parris Campbell,WR,22.2
2022,Kevin Harris,RB,11.2
2015,Matt Asiata,RB,25.7
2023,Robbie Chosen,WR,18.6
2014,Tre Mason,RB,119.3
2022,Reggie Bonnafon,RB,0.8
2019,Kalen Ballage,RB,37.8
2019,Chris Moore,WR,2.1
2020,Dak Prescott,QB,136.6
2015,Kyle Rudolph,TE,81.9
2018,Ronald Jones,RB,13.7
2016,Neal Sterling,TE,11.0
2014,Clay Harbor,TE,34.9
2020,Troy Fumagalli,TE,14.0
2015,Eli Manning,QB,293.5
2020,Antonio Brown,WR,94.4
2022,Gary Brightwell,RB,25.0
2017,Cole Hikutini,TE,1.5
2023,Laquon Treadwell,WR,1.6
2018,Gerald Everett,TE,56.6
2021,Brandon Bolden,RB,83.8
2022,Jeff Smith,WR,13.4
2018,Benjamin Watson,TE,53.2
2021,Ito Smith,RB,6.4
2024,Demarcus Robinson,WR,102.2
2023,Tre Tucker,WR,52.8
2017,Michael Campanaro,WR,27.5
2022,Tre' McKitty,TE,8.8
2016,J.D. McKissic,RB,2.6
2021,Trevon Wesco,TE,3.5
2017,Demaryius Thomas,WR,122.9
2021,Adam Trautman,TE,36.3
2015,Lucky Whitehead,WR,12.3
2017,Lance Dunbar,RB,11.2
2019,Isaiah Ford,WR,25.5
2016,Andre Johnson,WR,20.5
2015,Andre Caldwell,WR,23.1
2024,Kenny Gainwell,RB,53.4
2016,T.J. Jones,WR,9.3
2022,Kyren Williams,RB,21.5
2014,Rob Housler,TE,13.0
2020,Jacoby Brissett,QB,20.6
2024,Jordan Whittington,WR,31.7
2024,J.K. Dobbins,RB,162.4
2023,Darnell Mooney,WR,47.9
2024,Derek Carr,QB,149.0
2022,Eno Benjamin,RB,62.6
2018,Lamar Jackson,QB,180.8
2015,Coby Fleener,TE,67.1
2024,Aaron Rodgers,QB,256.6
2015,Cole Beasley,WR,81.6
2022,Robert Tonyan,TE,59.0
2016,Logan Paulsen,TE,1.5
2019,Geremy Davis,WR,3.8
2015,Carson Palmer,QB,340.6
2022,Sony Michel,RB,15.9
2014,James White,RB,6.1
2018,Richard Rodgers,TE,0.7
2024,Ja'Tavion Sanders,TE,40.2
2016,Quan Bray,WR,4.3
2020,Dalvin Cook,RB,287.8
2018,DJ Chark,WR,15.4
2021,Evan Engram,TE,56.5
2022,Trestan Ebner,RB,4.2
2019,Dallas Goedert,TE,94.0
2022,Matthew Stafford,QB,114.5
2019,Eric Ebron,TE,55.5
2014,C.J. Spiller,RB,46.5
2022,Donovan Peoples-Jones,WR,100.1
2014,Jimmy Graham,TE,144.9
2016,Connor Hamlett,TE,7.7
2022,Anthony Brown,QB,7.5
2017,Tyrod Taylor,QB,232.7
2017,Geronimo Allison,WR,23.3
2015,Alonzo Harris,RB,1.9
2020,Trevon Wesco,TE,0.5
2023,Israel Abanikanda,RB,11.3
2021,Rob Gronkowski,TE,133.8
2017,Rashard Higgins,WR,41.6
2020,Justin Herbert,QB,330.8
2023,Kareem Hunt,RB,119.0
2017,Ameer Abdullah,RB,99.4
2016,Orleans Darkwa,RB,24.3
2019,Brandon Allen,QB,32.5
2023,Julio Jones,WR,27.6
2018,Rishard Matthews,WR,2.4
2018,Damien Williams,RB,124.6
2019,Kirk Cousins,QB,270.9
2024,Marquise Brown,WR,14.1
2019,Jakeem Grant,WR,22.9
2024,Gerald Everett,TE,3.6
2017,Jarius Wright,WR,42.9
2020,Tua Tagovailoa,QB,135.4
2022,Benny Snell,RB,16.7
2024,DeVonta Smith,WR,156.4
2015,Tevin Coleman,RB,40.6
2020,Cameron Batson,WR,18.6
2017,Rod Smith,RB,73.4
2021,Aaron Rodgers,QB,341.3
2017,Eli Rogers,WR,25.1
2019,Drew Brees,QB,235.6
2020,Nick Chubb,RB,219.5
2024,Zach Charbonnet,RB,144.9
2016,Andy Dalton,QB,262.6
2014,Alfonso Smith,RB,3.0
2015,Daniel Fells,TE,6.0
2024,Johnny Mundt,TE,29.0
2021,James Conner,RB,229.1
2014,LaMichael James,RB,0.9
2019,Vance McDonald,TE,45.5
2021,Mitchell Trubisky,QB,7.9
2024,Brock Purdy,QB,273.0
2019,Taiwan Jones,RB,9.7
2016,Chris Conley,WR,54.9
2021,Laquon Treadwell,WR,49.4
2024,Alexander Mattison,RB,99.4
2014,George Winn,RB,7.3
2023,Anthony Firkser,TE,0.8
2022,Courtland Sutton,WR,95.4
2017,Stefon Diggs,WR,160.9
2018,Delanie Walker,TE,5.2
2023,Jerick McKinnon,RB,60.9
2017,Justin Davis,RB,0.1
2020,John Wolford,QB,14.2
2024,Geno Smith,QB,266.1
2018,Brian Quick,WR,1.8
2016,Jordan Matthews,TE,98.4
2018,Josh Adams,RB,73.1
2020,Isaiah Zuber,WR,5.0
2021,Donald Parham,TE,37.0
2019,Andy Dalton,QB,206.5
2023,Kylen Granson,TE,43.0
2020,Noah Fant,TE,85.3
2022,Jake Kumerow,WR,6.4
2024,Brandon Allen,QB,8.4
2014,Jason Avant,WR,41.4
2016,Derek Anderson,QB,14.5
2016,Robert Woods,WR,67.9
2024,Jamaal Williams,RB,28.1
2020,Brian Hoyer,QB,4.0
2015,Luke McCown,QB,11.4
2019,Ishmael Hyman,WR,3.4
2024,Jalen Nailor,WR,80.3
2019,Joe Mixon,RB,190.4
2021,Braxton Berrios,WR,69.1
2019,Vyncint Smith,WR,33.7
2024,Tony Pollard,RB,157.7
2021,Jaret Patterson,RB,45.9
2021,Darnell Mooney,WR,138.7
2017,Hunter Sharp,WR,11.4
2019,Fred Brown,WR,2.1
2018,Terrelle Pryor,WR,37.1
2018,Jeff Heuerman,TE,40.1
2022,Kyle Allen,QB,15.9
2019,Zach Pascal,WR,92.3
2015,Melvin Gordon,RB,75.3
2017,Lee Smith,TE,7.6
2015,Anthony Fasano,TE,40.9
2014,Cam Newton,QB,287.8
2016,Tevin Coleman,RB,195.9
2017,Melvin Gordon,RB,230.1
2017,Rex Burkhead,RB,106.7
2018,Sean Culkin,TE,2.4
2022,Cade Johnson,WR,6.0
2024,Aidan O'Connell,QB,93.7
2021,Russell Wilson,QB,242.7
2023,Ke'Shawn Vaughn,RB,4.4
2018,Jordy Nelson,WR,91.7
2022,Mike White,QB,58.6
2020,Marcus Mariota,QB,25.8
2024,Caleb Williams,QB,254.5
2016,Danny Vitale,RB,2.7
2021,Willie Snead,WR,3.8
2020,Tyler Higbee,TE,83.1
2017,De'Angelo Henderson Sr.,RB,10.9
2018,Shaun Wilson,RB,3.4
2020,Austin Carr,WR,8.7
2021,Josh Allen,QB,473.6
2019,Spencer Ware,RB,7.3
2015,Tyler Kroft,TE,18.9
2019,Dalton Schultz,TE,0.6
2023,Sam LaPorta,TE,172.9
2019,Wes Hills,RB,14.2
2017,Michael Floyd,WR,7.8
2014,Theo Riddick,RB,64.6
2024,Juwan Johnson,TE,72.8
2014,Lance Dunbar,RB,31.6
2018,Brandin Cooks,WR,192.9
2023,Chris Conley,WR,10.4
2024,Jordan Mason,RB,104.0
2017,Andy Dalton,QB,216.7
2015,Harry Douglas,WR,52.5
2019,Tyler Lockett,WR,179.0
2021,Tyreek Hill,WR,231.8
2019,C.J. Anderson,RB,4.3
2019,Samaje Perine,RB,1.6
2020,Tyler Conklin,TE,25.4
2022,Dak Prescott,QB,245.6
2019,Tyler Kroft,TE,13.1
2024,John Shenker,TE,0.7
2022,Bryan Edwards,WR,1.5
2020,Tyrod Taylor,QB,9.0
2015,Andre Ellington,RB,60.0
2020,Laquon Treadwell,WR,16.9
2020,Allen Lazard,WR,86.6
2021,Gary Brightwell,RB,1.0
2015,Orleans Darkwa,RB,24.4
2022,Kyle Philips,WR,7.8
2015,Landry Jones,QB,22.5
2024,Simi Fehoko,WR,10.6
2021,Mike Strachan,WR,2.6
2017,Ed Dickson,TE,50.0
2015,Quinton Patton,WR,45.9
2021,Darrell Daniels,TE,0.2
2023,Richie James,WR,12.0
2022,Brandon Johnson,WR,10.2
2020,Diontae Spencer,WR,4.5
2018,Nyheim Hines,RB,100.3
2017,Charles Sims,RB,38.4
2022,Marcus Johnson,WR,11.6
2023,Geno Smith,QB,226.4
2016,Antonio Brown,WR,244.2
2024,Justice Hill,RB,99.3
2015,Corey Brown,WR,100.0
2024,David Montgomery,RB,189.3
2023,Andy Dalton,QB,23.6
2024,Tanner Conner,TE,1.6
2023,Kalif Raymond,WR,62.4
2015,Tom Brady,QB,388.1
2016,T.J. Yeldon,RB,87.7
2021,Trevor Siemian,QB,92.2
2016,Trevor Siemian,QB,193.6
2021,Ja'Marcus Bradley,WR,6.4
2022,Case Keenum,QB,0.3
2018,Richie James,WR,19.0
2014,Michael Hoomanawanui,TE,9.7
2015,Sean Mannion,QB,1.2
2014,Mohamed Sanu,WR,124.3
2017,Trevor Siemian,QB,130.2
2021,Jordan Akins,TE,17.7
2015,Devin Smith,WR,17.5
2019,Demetrius Harris,TE,32.9
2024,Kyle Pitts,TE,84.2
2019,Kaden Smith,TE,44.8
2022,Zach Wilson,QB,100.0
2024,Sterling Shepard,WR,46.3
2020,Matt Breida,RB,33.0
2014,Jeff Cumberland,TE,42.7
2018,Theo Riddick,RB,55.5
2018,Mark Andrews,TE,76.3
2020,Robert Tonyan,TE,138.8
2017,Derek Carr,QB,204.3
2014,Vernon Davis,TE,36.9
2018,James White,RB,207.4
2024,Emanuel Wilson,RB,87.9
2023,Melvin Gordon,RB,16.7
2021,Greg Ward,WR,27.6
2020,David Moore,WR,84.3
2021,Kendall Blanton,TE,17.2
2021,Zach Wilson,QB,149.9
2023,Alex Erickson,WR,29.2
2019,Kenny Golladay,WR,183.0
2015,Arian Foster,RB,55.0
2024,Ronnie Rivers,RB,14.1
2016,Jalen Richard,RB,87.6
2022,Derek Carr,QB,219.0
2014,Alfred Morris,RB,170.9
2020,Terry Godwin,WR,3.5
2018,Dalton Schultz,TE,13.6
2018,Mike Evans,WR,198.4
2019,Kyle Rudolph,TE,82.2
2014,Russell Shepard,WR,6.3
2024,Cooper Rush,QB,109.6
2021,Rashod Bateman,WR,57.5
2021,Anthony Miller,WR,8.5
2015,Jordan Todman,RB,9.3
2015,Danny Amendola,WR,91.0
2017,Bobo Wilson,WR,8.6
2014,Derek Carr,QB,196.1
2014,Andrew Luck,QB,400.2
2015,Jake Stoneburner,TE,16.7
2020,Byron Pringle,WR,25.9
2017,Joe Flacco,QB,182.9
2020,Cordarrelle Patterson,RB,42.6
2015,Lance Moore,WR,55.7
2019,Tevin Jones,WR,6.1
2015,James Starks,RB,138.5
2020,Jaeden Graham,TE,2.5
2023,Randall Cobb,WR,9.9
2020,Dalton Keene,TE,1.6
2020,Josh Allen,QB,470.4
2014,Marquess Wilson,WR,20.0
2017,Matt Breida,RB,82.5
2016,Damien Williams,RB,78.2
2020,Antonio Williams,RB,20.3
2019,Keelan Cole,WR,54.7
2014,Mike Glennon,QB,89.6
2021,Marcedes Lewis,TE,19.4
2022,Brandon Allen,QB,0.8
2018,Blaine Gabbert,QB,33.0
2024,Noah Fant,TE,56.0
2022,Amari Cooper,WR,168.0
2024,Sam Darnold,QB,325.5
2023,Rondale Moore,WR,65.0
2024,Payne Durham,TE,23.5
2021,Durham Smythe,TE,36.0
2024,Tyreek Hill,WR,137.2
2021,Dalvin Cook,RB,170.3
2019,Sammy Watkins,WR,120.7
2023,Garrett Wilson,WR,118.2
2019,Matt Schaub,QB,32.9
2018,Ben Roethlisberger,QB,337.0
2019,Alfred Morris,RB,0.4
2018,Anthony Firkser,TE,28.5
2024,Michael Carter,RB,24.8
2019,Troy Fumagalli,TE,9.8
2021,Patrick Taylor,RB,15.2
2019,Jakobi Meyers,WR,35.9
2020,Tyler Eifert,TE,46.9
2023,Nate Adkins,TE,2.2
2020,David Blough,QB,1.8
2015,Doug Baldwin,WR,209.3
2020,J.D. McKissic,RB,118.7
2024,Brandon Johnson,WR,0.9
2023,Ross Dwelley,TE,1.2
2015,Russell Shepard,WR,8.8
2017,Mike Williams,WR,9.5
2017,Leonte Carroo,WR,6.9
2020,Dare Ogunbowale,RB,19.9
2017,James O'Shaughnessy,TE,23.2
2024,Joe Burrow,QB,382.9
2018,Jamaal Williams,RB,85.4
2015,Lee Smith,TE,13.0
2024,Robert Woods,WR,20.5
2022,Irv Smith,TE,36.5
2015,Ryan Tannehill,QB,261.2
2015,Jarryd Hayne,RB,7.9
2018,Case Keenum,QB,217.0
2024,Isiah Pacheco,RB,50.3
2021,Rashard Higgins,WR,33.5
2021,Duke Johnson,RB,55.1
2014,Wes Welker,WR,60.4
2022,Dee Eskridge,WR,6.8
2018,Patrick DiMarco,RB,7.1
2020,Kendrick Bourne,WR,78.7
2014,Chris Thompson,RB,9.9
2019,J.J. Arcega-Whiteside,WR,22.9
2016,Devonta Freeman,RB,281.1
2020,Josh Adams,RB,30.6
2024,Jalen Hurts,QB,417.3
2020,Hunter Renfrow,WR,75.6
2014,Austin Seferian-Jenkins,TE,32.1
2023,Charlie Jones,WR,7.7
2017,Will Tye,TE,3.8
2021,Logan Thomas,TE,35.6
2015,Aaron Dobson,WR,14.1
2018,Michael Floyd,WR,16.0
2022,Rashod Bateman,WR,38.5
2020,Keith Kirkwood,WR,1.3
2023,Kenny Gainwell,RB,66.7
2015,Bryce Brown,RB,13.2
2023,Blake Bell,TE,6.6
2016,Darrius Heyward-Bey,WR,36.4
2017,Bryce Petty,QB,25.4
2022,Terrace Marshall Jr.,WR,55.0
2022,Desmond Ridder,QB,40.8
2020,Noah Brown,WR,15.8
2024,Robbie Chosen,WR,0.5
2015,Mark Ingram,RB,151.4
2018,Mark Walton,RB,7.5
2022,Adam Thielen,WR,113.0
2017,Josh Malone,WR,12.5
2023,Kendre Miller,RB,33.3
2023,Easton Stick,QB,75.6
2024,Deshaun Watson,QB,78.6
2014,Matt Forte,RB,240.6
2020,Henry Ruggs III,WR,58.1
2014,DeVier Posey,WR,3.0
2024,Lil'Jordan Humphrey,WR,33.3
2018,Corey Davis,WR,118.6
2015,Jacob Tamme,TE,71.7
2021,Clyde Edwards-Helaire,RB,107.5
2016,Spencer Ware,RB,170.4
2017,Jared Cook,TE,78.8
2023,Ko Kieft,TE,6.2
2023,Josh Jacobs,RB,144.1
2016,Lucky Whitehead,WR,11.0
2014,Shane Vereen,RB,130.3
2023,Raheem Mostert,RB,245.7
2019,Dede Westbrook,WR,86.7
2017,Luke Stocker,TE,9.0
2022,DeVonta Smith,WR,187.3
2020,Braxton Berrios,WR,60.3
2022,N'Keal Harry,TE,17.6
2023,Jalen Tolbert,WR,38.8
2016,Jay Cutler,QB,50.8
2018,Tim Patrick,WR,37.2
2024,Tyler Badie,RB,7.2
2023,Joshua Kelley,RB,53.7
2021,Tylan Wallace,WR,2.3
2019,Cam Newton,QB,16.7
2015,Shaun Draughn,RB,50.9
2021,Jared Cook,TE,80.4
2016,Russell Wilson,QB,300.7
2018,Travis Benjamin,WR,29.8
2021,Alvin Kamara,RB,187.7
2017,Levine Toilolo,TE,19.4
2017,Antony Auclair,TE,2.5
2021,Ty'Son Williams,RB,32.9
2022,Joshua Dobbs,QB,24.9
2015,Adrian Peterson,RB,234.5
2018,Cameron Brate,TE,62.9
2022,Tylan Wallace,WR,3.3
2022,Terry McLaurin,WR,152.0
2019,Brandin Cooks,WR,75.5
2022,Jerick McKinnon,RB,147.5
2021,Demetrius Harris,TE,1.0
2019,Joe Flacco,QB,88.9
2016,Josh Ferguson,RB,15.6
2021,Donovan Peoples-Jones,WR,75.7
2019,Mike Evans,WR,163.7
2018,Russell Gage,WR,6.3
2022,Durham Smythe,TE,27.0
2016,Randall Telfer,TE,0.4
2020,Ben Ellefson,TE,1.0
2022,Brian Hoyer,QB,1.5
2024,James Conner,RB,202.8
2022,Hunter Henry,TE,62.9
2024,Kyren Williams,RB,261.8
2015,David Johnson,RB,202.4
2023,Zach Ertz,TE,24.7
2022,Jordan Wilkins,RB,8.7
2020,Justin Jackson,RB,44.3
2021,Brandon Aiyuk,WR,125.8
2024,Will Dissly,TE,61.7
2019,Amari Cooper,WR,167.5
2014,Logan Thomas,TE,7.2
2018,Josh Gordon,WR,97.7
2020,Jeff Driskel,QB,28.0
2021,Calvin Ridley,WR,40.1
2019,Cethan Carter,TE,7.3
2016,Andre Williams,RB,8.7
2014,Matt Asiata,RB,146.2
2016,Dwayne Allen,TE,76.6
2019,T.J. Hockenson,TE,48.7
2014,Brandon LaFell,WR,160.5
2018,Eric Ebron,TE,169.9
2023,Daniel Jones,QB,59.0
2024,MarShawn Lloyd,RB,1.8
2024,Peyton Hendershot,TE,5.1
2017,DeMarco Murray,RB,132.5
2022,Lawrence Cager,TE,19.8
2023,Matt Breida,RB,29.9
2021,Allen Lazard,WR,103.1
2018,LeGarrette Blount,RB,76.5
2023,Boston Scott,RB,13.8
2018,Bruce Ellington,WR,28.6
2014,Andy Dalton,QB,234.1
2016,Martellus Bennett,TE,122.9
2019,Cyril Grayson,WR,0.3
2018,Stevan Ridley,RB,11.8
2021,Justin Fields,QB,134.9
2014,Rex Burkhead,RB,19.3
2021,Dwayne Washington,RB,2.8
2024,Michael Mayer,TE,15.6
2015,Marc Mariani,WR,30.0
2017,Taylor Gabriel,WR,49.1
2019,Alvin Kamara,RB,179.0
2021,Tyler Higbee,TE,97.5
2022,Dameon Pierce,RB,136.4
2015,Chris Thompson,RB,69.0
2018,Colt McCoy,QB,27.2
2014,Kamar Aiken,WR,53.0
2015,Jason Witten,TE,87.3
2023,Austin Trammell,WR,2.9
2020,Philip Rivers,QB,260.3
2016,Rex Burkhead,RB,58.9
2021,Dax Milne,WR,6.4
2024,Trey Palmer,WR,23.2
2014,Andre Johnson,WR,105.6
2014,James Jones,WR,100.6
2014,Zach Ertz,TE,86.2
2016,Matt Moore,QB,68.5
2014,Santana Moss,WR,11.6
2020,C.J. Beathard,QB,58.3
2017,David Johnson,RB,7.0
2017,Brian Hill,RB,7.3
2022,Davis Webb,QB,20.8
2015,Ryan Mathews,RB,104.5
2018,Marshawn Lynch,RB,64.0
2023,Tank Dell,WR,118.0
2023,Trey McBride,TE,100.5
2014,Solomon Patton,WR,1.9
2022,T.J. Hockenson,TE,140.3
2017,Jarvis Landry,WR,148.0
2021,Tim Patrick,WR,103.4
2024,CeeDee Lamb,WR,160.4
2024,Kristian Wilkerson,WR,7.8
2020,Jonathan Ward,RB,7.1
2015,Marcus Easley,WR,11.8
2020,C.J. Prosise,RB,7.7
2022,Dontrell Hilliard,RB,56.2
2024,Dontayvion Wicks,WR,75.4
2024,Tyler Scott,WR,0.5
2022,Malcolm Brown,RB,17.8
2024,Rakim Jarrett,WR,12.4
2016,Cody Latimer,WR,7.6
2016,Xavier Grimble,TE,23.8
2023,A.J. Brown,WR,183.6
2018,Jimmy Garoppolo,QB,45.9
2021,Najee Harris,RB,227.5
2021,O.J. Howard,TE,20.5
2020,Tyrie Cleveland,WR,6.3
2023,Velus Jones Jr.,WR,7.1
2017,Josh McCown,QB,211.6
2022,Patrick Ricard,RB,9.0
2020,Austin Hooper,TE,79.7
2019,John Brown,WR,157.4
2020,Salvon Ahmed,RB,56.0
2017,Albert Wilson,WR,76.6
2021,Carlos Hyde,RB,33.8
2024,Josh Reynolds,WR,25.4
2019,Maxx Williams,TE,26.2
2024,Trey Sermon,RB,37.8
2015,Chris Johnson,RB,101.2
2020,Lawrence Cager,TE,3.5
2019,O.J. Howard,TE,49.9
2022,Corey Davis,WR,65.6
2024,Irv Smith,TE,0.2
2016,Bradley Marquez,WR,3.9
2023,Jimmy Graham,TE,27.9
2024,Ben Sinnott,TE,11.1
2014,Josh McCown,QB,132.9
2016,Nelson Agholor,WR,49.9
2022,Jonathan Williams,RB,19.2
2022,Joe Mixon,RB,206.8
2018,Auden Tate,WR,3.5
2015,Josh Bellamy,WR,34.4
2021,Cam Sims,WR,33.8
2022,Skyy Moore,WR,35.8
2023,Lucas Krull,TE,15.5
2016,Chris Johnson,RB,15.5
2014,Pierre Garcon,WR,93.2
2024,Tank Bigsby,RB,122.0
2014,Mike Wallace,WR,145.8
2019,Josh Bellamy,WR,2.0
2021,David Johnson,RB,49.3
2015,Mychal Rivera,TE,34.0
2021,Foster Moreau,TE,55.3
2018,Derrick Henry,RB,186.3
2015,Jonas Gray,RB,25.2
2016,Breshad Perriman,WR,68.1
2020,Gerald Everett,TE,51.9
2014,James Starks,RB,65.3
2022,Amon-Ra St. Brown,WR,161.6
2022,DeAndre Carter,WR,70.0
2017,Jerick McKinnon,RB,147.7
2022,Mike Evans,WR,155.8
2015,LeGarrette Blount,RB,116.6
2015,Owen Daniels,TE,87.8
2018,Patrick Mahomes,QB,461.8
2016,Michael Thomas,WR,163.7
2022,Zack Moss,RB,53.5
2022,Jamaal Williams,RB,211.9
2021,Chris Hogan,WR,10.1
2020,Derek Carrier,TE,1.4
2016,Jalston Fowler,RB,1.7
2023,Craig Reynolds,RB,32.7
2016,Garrett Celek,TE,51.0
2017,Lamar Miller,RB,157.5
2015,Nick Williams,WR,27.9
2024,Jaheim Bell,TE,2.0
2016,Malcolm Mitchell,WR,71.6
2021,Sony Michel,RB,132.5
2018,Eli Rogers,WR,7.5
2021,Baker Mayfield,QB,182.8
2020,Geoff Swaim,TE,14.8
2022,Tyler Higbee,TE,80.0
2014,Darren Sproles,RB,105.6
2016,Tyler Lockett,WR,83.1
2016,Arrelious Benn,WR,17.6
2014,Kevin Brock,TE,2.8
2018,Dante Pettis,WR,76.5
2023,Jerry Jeudy,WR,87.8
2018,Matthew Stafford,QB,218.1
2018,Chase Daniel,QB,29.7
2023,Russell Wilson,QB,260.9
2014,Kevin Dorsey,WR,0.4
2018,Tyrone Swoopes,TE,2.3
2020,Stephen Anderson,TE,10.6
2023,Marcus Mariota,QB,13.7
2021,Jermar Jefferson,RB,21.7
2019,Devin Smith,WR,17.3
2024,Joseph Fortson,TE,0.5
2018,Chris Carson,RB,183.3
2019,Marquise Goodwin,WR,26.1
2022,Steven Sims,WR,17.4
2020,River Cracraft,WR,4.1
2024,Jordan Akins,TE,51.0
2024,Desmond Ridder,QB,25.9
2021,Ryan Tannehill,QB,280.3
2023,Isaiah Hodgins,WR,39.0
2024,Derrick Henry,RB,362.4
2017,Patrick DiMarco,RB,2.6
2015,Mohamed Sanu,WR,60.2
2015,Phillip Supernaw,TE,1.2
2022,Devin Asiasi,TE,0.5
2018,Jordan Franks,TE,3.7
2020,Tyler Ervin,RB,15.1
2023,Cade Otton,TE,90.9
2022,Sean McKeon,TE,1.1
2014,Jordan Matthews,TE,135.2
2015,James O'Shaughnessy,TE,8.7
2015,Jay Cutler,QB,234.3
2021,Olamide Zaccheaus,WR,58.8
2014,Jim Dray,TE,30.2
2023,Jarrett Stidham,QB,26.7
2019,Josh Hill,TE,40.9
2023,Tucker Kraft,TE,55.9
2019,Zay Jones,WR,21.9
2017,C.J. Fiedorowicz,TE,12.7
2017,Marcus Johnson,WR,4.5
2024,Terrace Marshall Jr.,WR,4.1
2019,Steven Sims,WR,69.5
2015,Keshawn Martin,WR,45.2
2020,Jason Witten,TE,18.9
2021,Mack Hollins,WR,46.3
2022,Craig Reynolds,RB,21.8
2021,Jakob Johnson,RB,4.3
2017,Carlos Hyde,RB,174.8
2017,Chris Johnson,RB,15.7
2020,Charlie Woerner,TE,3.6
2023,Ben Sims,TE,8.5
2023,Stefon Diggs,WR,172.8
2014,Danny Amendola,WR,57.5
2014,Steven Jackson,RB,121.5
2014,Griff Whalen,WR,2.3
2020,Jerry Jeudy,WR,103.6
2016,Danny Amendola,WR,62.8
2024,Elijah Higgins,TE,29.2
2023,Logan Thomas,TE,69.8
2023,John Bates,TE,15.1
2016,Isaiah Pead,RB,2.8
2019,Will Grier,QB,1.4
2023,Tommy DeVito,QB,93.5
2021,Ethan Wolf,TE,0.8
2018,Byron Marshall,RB,3.9
2014,T.J. Yates,QB,0.6
2022,Chase Claypool,WR,59.0
2014,Storm Johnson,RB,20.2
2019,Robbie Chosen,WR,108.3
2014,Ricardo Lockette,WR,41.1
2024,Rasheen Ali,RB,3.1
2018,Odell Beckham Jr.,WR,155.4
2020,Zay Jones,WR,22.6
2022,Ty Johnson,RB,30.8
2021,Mike Evans,WR,224.1
2015,Deonte Thompson,WR,8.1
2019,Nick Boyle,TE,44.1
2022,Mike Woods,WR,4.0
2016,Derek Carr,QB,262.7
2023,D.J. Montgomery,WR,11.6
2019,Ricky Seals-Jones,TE,44.9
2019,N'Keal Harry,TE,30.2
2021,Brian Hoyer,QB,12.3
2017,Tom Savage,QB,64.7
2017,Matthew Stafford,QB,281.8
2020,Colt McCoy,QB,18.1
2018,DeShone Kizer,QB,7.4
2023,Ty Chandler,RB,80.0
2016,Jaelen Strong,WR,13.1
2022,Kalif Raymond,WR,63.2
2018,De'Anthony Thomas,WR,9.5
2019,Ryan Griffin,TE,62.0
2019,Trace McSorley,QB,0.1
2023,Dyami Brown,WR,23.0
2021,Travis Homer,RB,39.8
2020,Greg Olsen,TE,29.9
2022,Darius Slayton,WR,91.9
2014,Josh Huff,WR,8.5
2022,Jeff Wilson,RB,146.1
2017,Bernard Reedy,WR,3.8
2014,Cedric Peerman,RB,7.0
2022,Miles Boykin,WR,1.1
2023,Chase Brown,RB,39.5
2016,Ben Braunecker,TE,4.1
2019,De'Lance Turner,RB,0.6
2015,Cam Newton,QB,451.0
2023,Kyle Philips,WR,18.1
2019,Jack Doyle,TE,68.8
2021,Jaelon Darden,WR,5.4
2014,Chris Matthews,WR,16.9
2016,Charles D. Johnson,WR,23.2
2016,Victor Cruz,WR,65.6
2022,Mitchell Trubisky,QB,72.0
2015,Phillip Dorsett,WR,30.2
2018,Julio Jones,WR,212.9
2023,DK Metcalf,WR,159.4
2016,Philip Rivers,QB,268.8
2018,Orson Charles,TE,2.3
2018,Danny Vitale,RB,0.2
2018,C.J. Prosise,RB,1.9
2021,Gunner Olszewski,WR,4.0
2024,Dawson Knox,TE,41.6
2023,James Cook,RB,205.3
2023,Tanner Hudson,TE,41.2
2016,Drew Brees,QB,340.3
2020,Levine Toilolo,TE,4.6
2019,Josh Jacobs,RB,171.6
2018,Shelton Gibson,WR,4.8
2018,Kalen Ballage,RB,28.7
2019,Dan Arnold,TE,24.7
2016,Jeremy Langford,RB,54.2
2021,Myles Gaskin,RB,124.6
2019,Rashaad Penny,RB,67.3
2021,Randall Cobb,WR,67.6
2023,Gus Edwards,RB,180.5
2022,Cody Hollister,WR,5.4
2018,Andrew Luck,QB,356.7
2017,Eric Weems,WR,0.5
2021,Jake Fromm,QB,12.9
2018,Xavier Grimble,TE,6.6
2024,Tyjae Spears,RB,83.6
2017,Xavier Grimble,TE,9.2
2021,Kaden Smith,TE,3.3
2023,Royce Freeman,RB,45.2
2015,DeAngelo Williams,RB,191.4
2017,Devonta Freeman,RB,186.4
2014,Bear Pascoe,TE,6.3
2024,DJ Turner,WR,31.1
2022,Nick Chubb,RB,252.4
2020,Marquise Brown,WR,146.5
2022,Isaiah Spiller,RB,5.4
2020,Scottie Phillips,RB,1.6
2018,Devontae Booker,RB,49.8
2024,Geoff Swaim,TE,0.7
2019,Darren Fells,TE,88.0
2019,Patrick Laird,RB,43.2
2021,Maurice Ffrench,WR,0.3
2014,Chris Ogbonnaya,RB,11.0
2021,Derrick Gore,RB,48.4
2015,Chris Hogan,WR,57.6
2023,Joe Mixon,RB,213.0
2019,Jacob Hollister,TE,59.2
2015,Cecil Shorts,WR,68.4
2018,Logan Paulsen,TE,15.1
2016,Alan Cross,TE,9.8
2022,Javonte Williams,RB,26.0
2022,Byron Pringle,WR,25.5
2024,Mason Rudolph,QB,93.8
2018,Bennie Fowler,WR,25.9
2024,Collin Johnson,WR,0.6
2017,C.J. Prosise,RB,11.0
2021,John Kelly,RB,1.3
2022,Ronnie Rivers,RB,5.0
2022,Trevor Siemian,QB,10.2
2020,Mark Andrews,TE,119.0
2020,Danny Amendola,WR,60.4
2018,Vyncint Smith,WR,15.1
2024,Carson Steele,RB,16.9
2021,Shane Zylstra,TE,3.4
2018,DeAndre Carter,WR,22.3
2016,Derrick Henry,RB,92.7
2021,Jeremy Sprinkle,TE,3.1
2024,Tyler Johnson,WR,35.1
2020,Derek Carr,QB,284.0
2024,Jake Ferguson,TE,45.4
2019,Derek Carr,QB,244.5
2022,Jahan Dotson,WR,93.6
2014,Kenbrell Thompkins,WR,26.7
2024,Michael Pittman,WR,96.8
2022,Zander Horvath,RB,13.6
2021,Bryan Edwards,WR,79.2
2014,Santonio Holmes,WR,6.7
2019,Cole Beasley,WR,118.2
2022,DJ Chark,WR,68.2
2020,Joshua Kelley,RB,58.2
2020,JaMycal Hasty,RB,24.1
2015,Bishop Sankey,RB,45.2
2023,AJ Dillon,RB,95.6
2016,Devin Street,WR,2.0
2015,MyCole Pruitt,TE,11.1
2017,Dion Lewis,RB,187.6
2018,Dave Williams,RB,3.6
2020,Joe Burrow,QB,179.6
2023,DJ Chark,WR,80.5
2023,Donald Parham,TE,52.5
2021,Dez Fitzpatrick,WR,10.9
2017,Golden Tate,WR,130.5
2016,Allen Hurns,WR,65.7
2019,Tyler Ervin,RB,5.3
2022,Amari Rodgers,WR,27.1
2017,LeGarrette Blount,RB,128.6
2022,Jalen Virgil,WR,13.5
2024,British Brooks,RB,0.2
2024,Eric Tomlinson,TE,0.9
2018,John Ross,WR,63.9
2015,LeSean McCoy,RB,144.7
2015,Brandon Myers,TE,12.7
2015,Matt Ryan,QB,237.9
2023,Mike Strachan,WR,4.5
2018,Saquon Barkley,RB,292.8
2014,Delanie Walker,TE,113.0
2020,Aaron Rodgers,QB,433.4
2022,Joe Flacco,QB,56.4
2024,Jamari Thrash,WR,2.2
2017,Jared Goff,QB,273.7
2022,Chris Evans,RB,9.8
2023,Roschon Johnson,RB,68.1
2015,Jameis Winston,QB,275.1
2017,Taiwan Jones,RB,1.1
2024,Adam Trautman,TE,31.0
2021,Seth Williams,WR,3.4
2020,Marcus Kemp,WR,1.1
2023,Chase Claypool,WR,13.7
2019,Zach Zenner,RB,1.7
2024,Josiah Deguara,TE,1.4
2018,Kyle Allen,QB,26.5
2024,Jerome Ford,RB,97.0
2018,Ryan Fitzpatrick,QB,165.8
2022,Marquise Goodwin,WR,63.2
2018,J'Mon Moore,WR,1.5
2021,Lil'Jordan Humphrey,WR,36.9
2014,Julius Thomas,TE,126.2
2020,Darren Fells,TE,55.2
2014,Dion Sims,TE,40.4
2016,Kenyan Drake,RB,34.5
2019,Cameron Brate,TE,55.1
2015,Jarvis Landry,WR,157.4
2022,Kyle Trask,QB,0.9
2015,Jonathan Stewart,RB,187.5
2018,DeSean Jackson,WR,110.3
2024,Chris Olave,WR,44.7
2021,Chris Evans,RB,36.4
2017,Torrey Smith,WR,76.4
2019,DeSean Jackson,WR,27.9
2017,Jonnu Smith,TE,29.6
2018,Geoff Swaim,TE,30.2
2022,Charlie Kolar,TE,4.9
2024,Adam Thielen,WR,91.5
2014,Tony Romo,QB,306.2
2017,Michael Thomas,WR,188.1
2015,Johnny Manziel,QB,101.0
2018,JuJu Smith-Schuster,WR,183.9
2024,JaMycal Hasty,RB,18.8
2016,Alex Smith,QB,235.7
2016,Darren McFadden,RB,10.4
2022,Trevor Lawrence,QB,333.3
2021,Mike Thomas,WR,6.9
2016,Jakeem Grant,WR,0.1
2017,Cole Beasley,WR,55.4
2015,Kendall Wright,WR,60.5
2023,Miles Boykin,WR,1.7
2015,Ryan Hewitt,TE,9.9
2019,Malcolm Brown,RB,57.1
2023,Mason Rudolph,QB,58.4
2017,Travis Kelce,TE,163.1
2018,Latavius Murray,RB,107.9
2020,Jeff Smith,WR,16.7
2017,Laquon Treadwell,WR,20.0
2023,Baker Mayfield,QB,326.6
2021,Byron Pringle,WR,113.0
2021,Rex Burkhead,RB,79.3
2016,Rob Gronkowski,TE,72.0
2022,Mike Gesicki,TE,73.7
2022,Russell Gage,WR,71.6
2020,Donovan Peoples-Jones,WR,45.5
2021,Charlie Woerner,TE,5.2
2016,Fozzy Whittaker,RB,47.1
2021,Jesper Horsted,TE,14.1
2015,Davante Adams,WR,65.1
2018,Kenneth Dixon,RB,53.0
2021,C.J. Beathard,QB,1.5
2018,Alex Armah,RB,14.0
2022,Will Dissly,TE,52.9
2019,Jalen Richard,RB,46.8
2015,Pierre Thomas,RB,15.5
2018,J.J. Jones,WR,0.3
2022,George Kittle,TE,157.3
2018,Jamison Crowder,WR,53.8
2016,DeAndre Smelter,WR,2.3
2014,Dontrelle Inman,WR,15.8
2021,Terry McLaurin,WR,136.5
2018,T.J. Jones,WR,31.0
2020,Zach Ertz,TE,39.5
2022,Montrell Washington,WR,3.2
2019,Marvin Jones,WR,131.9
2018,Chris Hogan,WR,77.0
2014,Brandin Cooks,WR,86.3
2015,Kendall Hunter,RB,0.2
2022,Tyler Davis,TE,2.6
2019,Marcell Ateman,WR,9.6
2023,Kayshon Boutte,WR,1.9
2015,Justin Hunter,WR,32.4
2023,Derrick Gore,RB,2.6
2022,Pierre Strong,RB,20.2
2024,Kendrick Bourne,WR,37.1
2019,John Kelly,RB,0.9
2020,La'Mical Perine,RB,41.5
2017,Tyler Eifert,TE,4.6
2017,Chester Rogers,WR,35.2
2018,Russell Shepard,WR,30.8
2023,Matthew Stafford,QB,262.0
2019,Dwayne Harris,WR,0.7
2019,Blake Jarwin,TE,54.5
2018,Tavon Austin,WR,31.7
2021,Keelan Cole,WR,50.9
2022,Isaiah Hodgins,WR,78.0
2016,Leonte Carroo,WR,8.9
2019,Da'Mari Scott,WR,2.7
2015,Josh Huff,WR,49.2
2021,Keith Kirkwood,WR,1.7
2024,Kenny Yeboah,TE,10.7
2022,Julio Jones,WR,59.8
2014,Nick Foles,QB,123.3
2022,Derrick Henry,RB,269.8
2015,Richard Rodgers,TE,105.7
2022,A.J. Green,WR,35.6
2018,Taylor Gabriel,WR,90.6
2018,O.J. Howard,TE,86.5
2022,Austin Trammell,WR,1.3
2021,D.J. Montgomery,WR,3.6
2019,Isaac Nauta,TE,1.3
2014,Rhett Ellison,TE,26.8
2023,Jimmy Garoppolo,QB,62.1
2019,Travis Benjamin,WR,3.0
2020,Jared Cook,TE,95.2
2014,DeMarco Murray,RB,326.6
2022,Matt Breida,RB,50.8
2020,Eric Saubert,TE,1.6
2018,Darrel Williams,RB,20.0
2015,Fozzy Whittaker,RB,27.0
2023,Alexander Mattison,RB,103.2
2016,Taiwan Jones,RB,3.5
2018,Trent Sherfield,WR,27.0
2024,Antonio Gibson,RB,80.4
2019,Ryquell Armstead,RB,37.2
2019,Colt McCoy,QB,4.3
2019,Derrius Guice,RB,50.4
2014,Eddie Lacy,RB,249.0
2023,Tyler Conklin,TE,62.1
2015,Jerome Cunningham,TE,5.9
2014,Jonathan Dwyer,RB,11.9
2014,Christine Michael,RB,18.7
2016,Bilal Powell,RB,139.0
2023,Dalton Schultz,TE,105.5
2014,Brandon Myers,TE,19.0
2015,Wes Welker,WR,10.2
2023,Devin Duvernay,WR,3.3
2024,Dalton Schultz,TE,73.8
2021,Elijah Mitchell,RB,174.6
2020,Trent Taylor,WR,8.6
2017,Dede Westbrook,WR,48.4
2022,PJ Walker,QB,39.2
2015,Ahmad Bradshaw,RB,32.9
2022,James Robinson,RB,77.6
2014,Donnie Avery,WR,15.6
2023,Zay Flowers,WR,147.4
2017,Rob Gronkowski,TE,196.2
2022,Jaelon Darden,WR,2.8
2023,Keith Kirkwood,WR,9.7
2024,Tyrion Davis-Price,RB,0.7
2019,Jared Cook,TE,129.9
2024,Mac Jones,QB,96.1
2022,Bryce Perkins,QB,15.5
2016,Wendell Smallwood,RB,40.7
2024,Anthony Gould,WR,2.3
2022,Darren Waller,TE,56.8
2017,Jared Abbrederis,WR,4.4
2016,Chris Thompson,RB,98.5
2017,Lance Kendricks,TE,26.3
2014,Vincent Brown,WR,11.8
2023,Justin Jefferson,WR,134.2
2019,Richie James,WR,22.4
2016,Ka'Deem Carey,RB,18.1
2023,David Bell,WR,40.1
2017,James Conner,RB,14.4
2022,Deebo Samuel Sr.,WR,140.9
2015,MarQueis Gray,TE,0.2
2021,Lee Smith,TE,12.5
2024,Tanner McKee,QB,28.9
2023,DeAndre Hopkins,WR,148.6
2024,Jonathan Mingo,WR,15.2
2018,Doug Martin,RB,101.9
2022,Cedrick Wilson Jr.,WR,15.8
2024,Brevin Jordan,TE,0.7
2018,Matt Flanagan,TE,1.4
2020,Darrynton Evans,RB,14.2
2022,Nick Foles,QB,1.8
2023,Jaylen Warren,RB,140.8
2023,Ian Thomas,TE,5.6
2023,Calvin Ridley,WR,151.9
2018,Sammie Coates,WR,1.2
2024,Nick Chubb,RB,58.3
2023,Gabe Davis,WR,114.4
2015,Fitzgerald Toussaint,RB,24.1
2016,Willie Snead,WR,119.5
2019,Julio Jones,WR,175.1
2020,Josh Hill,TE,10.3
2024,Chuba Hubbard,RB,196.6
2019,Robert Davis,WR,1.7
2014,Blaine Gabbert,QB,6.0
2016,Adam Thielen,WR,128.2
2023,Isaiah Likely,TE,82.1
2017,Quan Bray,WR,3.9
2021,Noah Brown,WR,18.4
2016,Jermaine Kearse,WR,59.2
2019,Trevon Wesco,TE,4.9
2016,Khiry Robinson,RB,0.2
2014,Le'Veon Bell,RB,287.5
2015,Josh Hill,TE,24.0
2023,Marquise Goodwin,WR,10.0
2024,Tyler Conklin,TE,68.9
2015,Darius Jennings,WR,11.7
2017,Austin Seferian-Jenkins,TE,51.7
2019,Jon Hilliman,RB,5.2
2019,Mike Davis,RB,4.9
2020,Tommy Stevens,QB,2.4
2017,Cameron Artis-Payne,RB,15.7
2016,Bennie Fowler,WR,26.5
2021,Jordan Howard,RB,61.2
2020,Denzel Mims,WR,35.7
2020,Jace Sternberger,TE,17.4
2020,Tyler Bray,QB,0.7
2018,De'Lance Turner,RB,2.1
2020,Will Dissly,TE,37.2
2023,Taylor Heinicke,QB,66.0
2017,Mike Gillislee,RB,67.8
2020,Riley Ridley,WR,7.5
2015,Marquess Wilson,WR,52.4
2021,DeVante Parker,WR,63.5
2020,Trenton Irwin,WR,0.5
2014,Martellus Bennett,TE,127.6
2024,Darnell Washington,TE,26.9
2022,Justin Jefferson,WR,243.2
2018,Zay Jones,WR,107.2
2023,Colby Parkinson,TE,36.7
2017,Max McCaffrey,WR,0.4
2019,Benny Snell,RB,54.9
2022,Jonathan Ward,RB,3.2
2023,Eric Saubert,TE,1.2
2024,Darnell Mooney,WR,129.2
2021,Tommylee Lewis,WR,0.7
2022,Miles Sanders,RB,223.8
2019,Bisi Johnson,WR,49.7
2021,Colt McCoy,QB,43.3
2022,Aaron Rodgers,QB,239.3
2018,Seth DeValve,TE,13.4
2021,Jeff Smith,WR,11.2
2018,Sam Bradford,QB,16.7
2015,Tim Hightower,RB,74.4
2016,Robert Griffin III,QB,66.5
2014,C.J. Fiedorowicz,TE,8.8
2017,Virgil Green,TE,25.1
2014,Anquan Boldin,WR,136.6
2017,Dion Sims,TE,24.0
2015,John Phillips,TE,12.9
2023,Cooper Rush,QB,3.2
2022,Boston Scott,RB,60.2
2021,JaQuan Hardy,RB,8.9
2014,Jordan Cameron,TE,54.4
2016,Brian Hoyer,QB,81.7
2020,Tyler Huntley,QB,8.5
2018,Rhett Ellison,TE,33.2
2016,Trevone Boykin,QB,7.9
2023,Tyler Lockett,WR,119.4
2024,Jermar Jefferson,RB,3.2
2020,Ian Thomas,TE,20.5
2014,Brad Smith,WR,1.1
2024,Lucas Krull,TE,15.4
2022,Diontae Johnson,WR,90.7
2019,Christian McCaffrey,RB,353.2
2021,Chase Claypool,WR,110.1
2017,Nathan Peterman,QB,8.5
2022,Marlon Mack,RB,30.3
2024,Tim Boyle,QB,14.0
2020,Saquon Barkley,RB,9.4
2014,Derek Hagan,WR,31.4
2014,Albert Wilson,WR,26.0
2021,Anthony McFarland,RB,1.4
2022,Jamison Crowder,WR,6.0
2015,Damien Williams,RB,24.1
2021,Miles Boykin,WR,0.6
2019,Duke Johnson,RB,120.2
2020,Breshad Perriman,WR,69.1
2023,Jeff Wilson,RB,27.9
2018,Todd Gurley,RB,335.6
2017,T.Y. Hilton,WR,118.6
2015,Lance Dunbar,RB,28.2
2015,George Winn,RB,0.1
2020,Corey Davis,WR,126.4
2015,Jimmy Graham,TE,72.5
2015,Delanie Walker,TE,148.4
2023,Brett Rypien,QB,6.8
2015,Frankie Hammond,WR,0.5
2018,David Njoku,TE,87.9
2014,Randall Cobb,WR,226.7
2016,Greg Salas,WR,14.9
2019,Malik Turner,WR,30.5
2015,Tony Washington,WR,0.8
2015,Tyler Murphy,WR,1.6
2024,Ryan Miller,WR,24.8
2022,Tyler Boyd,WR,116.0
2015,Zurlon Tipton,RB,7.7
2015,Kenny Stills,WR,62.0
2017,Mike Davis,RB,37.1
2023,Sterling Shepard,WR,12.3
2017,AJ McCarron,QB,2.7
2017,Terrance West,RB,26.1
2016,Matt Lengel,TE,8.2
2024,Scott Miller,WR,6.9
2023,Teagan Quitoriano,TE,3.3
2019,Carson Wentz,QB,280.0
2020,DaeSean Hamilton,WR,39.3
2016,C.J. Fiedorowicz,TE,93.0
2024,Eric Gray,RB,9.3
2021,Ronald Jones,RB,69.2
2018,Matt Lengel,TE,7.7
2017,Chris Ivory,RB,63.9
2020,Rodney Smith,RB,27.5
2015,Kerwynn Williams,RB,19.8
2021,Jameis Winston,QB,119.3
2021,Jordan Love,QB,21.2
2019,Dion Lewis,RB,43.5
2023,Elijah Dotson,RB,1.9
2014,Denarius Moore,WR,11.6
2018,D'Onta Foreman,RB,9.0
2020,Damiere Byrd,WR,67.9
2023,Jamison Crowder,WR,21.9
2015,Tony Romo,QB,42.6
2014,Jacoby Jones,WR,15.0
2022,Jakob Johnson,RB,1.0
2017,Wendell Smallwood,RB,33.7
2019,Nyheim Hines,RB,61.9
2017,Evan Engram,TE,109.6
2018,Josh Hill,TE,27.6
2015,AJ McCarron,QB,66.7
2019,Daniel Jones,QB,226.9
2017,Brandon Tate,WR,14.1
2023,Amari Cooper,WR,158.9
2019,Mark Andrews,TE,147.1
2018,Kendrick Bourne,WR,72.7
2024,Joe Milton III,QB,19.2
2016,Theo Riddick,RB,108.8
2022,Trent Sherfield,WR,53.7
2023,Mike Gesicki,TE,36.4
2014,Corey Washington,WR,11.2
2019,Justin Hardy,WR,19.5
2015,DeAndrew White,WR,1.8
2021,Reggie Bonnafon,RB,1.6
2014,Trey Burton,TE,1.0
2018,Malcolm Brown,RB,32.4
2018,Chris Ivory,RB,62.0
2019,Mark Ingram,RB,215.6
2016,Dorial Green-Beckham,WR,51.2
2022,Melvin Gordon,RB,62.1
2018,Rico Gathers,TE,4.5
2017,Chris Matthews,WR,2.5
2015,Eddie Lacy,RB,140.0
2024,Calvin Austin III,WR,81.3
2022,Kene Nwangwu,RB,3.5
2018,Nick O'Leary,TE,14.6
2022,Mason Kinsey,WR,0.3
2024,Mark Andrews,TE,141.4
2020,Joe Reed,WR,8.9
2020,D'Onta Foreman,RB,16.0
2016,Dion Sims,TE,53.0
2021,Harrison Bryant,TE,41.3
2021,Jamaal Williams,RB,93.8
2017,Marcus Mariota,QB,258.1
2020,Josh Reynolds,WR,80.8
2024,George Pickens,WR,120.1
2020,Gehrig Dieter,WR,1.0
2014,Alfred Blue,RB,82.1
2021,Mike Glennon,QB,36.9
2017,Ricardo Louis,WR,35.7
2014,Travis Benjamin,WR,50.5
2023,Nick Chubb,RB,19.1
2024,Austin Ekeler,RB,112.6
2021,Amari Rodgers,WR,5.6
2018,Ryan Tannehill,QB,148.0
2017,Marvin Jones,WR,164.1
2014,Ted Ginn,WR,20.0
2018,Keith Ford,RB,10.0
2022,D'Onta Foreman,RB,124.0
2021,Nick Westbrook-Ikhine,WR,69.6
2016,Jordan Howard,RB,201.1
2015,Ladarius Green,TE,66.9
2016,DeMarco Murray,RB,240.8
2021,Trenton Cannon,RB,0.4
2024,Jase McClellan,RB,3.2
2021,Larry Rountree III,RB,14.6
2015,Michael Crabtree,WR,146.2
2014,Shaun Hill,QB,91.2
2015,Michael Floyd,WR,139.2
2015,Brice Butler,WR,25.8
2022,Marcedes Lewis,TE,18.6
2019,Robert Foster,WR,9.3
2020,Jacob Hollister,TE,38.9
2017,Jordan Howard,RB,176.7
2019,Tyrell Williams,WR,101.1
2016,Tyler Higbee,TE,14.5
2017,Martellus Bennett,TE,28.6
2020,Trent Sherfield,WR,5.0
2018,Devin Funchess,WR,78.9
2021,CeeDee Lamb,WR,156.4
2022,Baker Mayfield,QB,123.4
2014,Ben Tate,RB,69.9
2015,Rob Housler,TE,3.3
2023,Emanuel Wilson,RB,15.5
2014,Mychal Rivera,TE,75.4
2016,Sterling Shepard,WR,125.7
2022,Jordan Mason,RB,33.0
2015,Duke Johnson,RB,103.3
2016,Geno Smith,QB,7.9
2021,Christian Kirk,WR,135.7
2016,Jason Witten,TE,95.2
2020,Jarvis Landry,WR,139.2
2017,Corey Davis,WR,57.3
2017,Brian Hoyer,QB,65.9
2014,Chase Coffman,TE,12.4
2017,Jeremy Maclin,WR,62.0
2020,Jaylen Samuels,RB,7.4
2014,Jacquizz Rodgers,RB,51.0
2015,C.J. Uzomah,TE,0.4
2024,Mike Woods,WR,6.5
2015,Rashad Greene,WR,21.3
2023,Deven Thompkins,WR,19.3
2022,Armani Rogers,TE,9.0
2018,James Washington,WR,27.7
2023,AJ McCarron,QB,0.8
2023,Cedric Tillman,WR,23.2
2024,Mack Hollins,WR,84.2
2024,Chris Manhertz,TE,9.0
2021,Johnny Stanton,RB,7.2
2016,Shaun Hill,QB,10.1
2022,David Sills,WR,10.6
2020,Tim Patrick,WR,110.2
2023,Drew Lock,QB,29.1
2023,Jordan Addison,WR,151.3
2017,Tre McBride,WR,14.4
2018,Ben Braunecker,TE,5.7
2023,Cole Fotheringham,TE,0.6
2024,Garrett Wilson,WR,148.9
2019,Deonte Harty,WR,10.5
2022,Giovani Bernard,RB,2.7
2019,Will Dissly,TE,50.9
2020,Frank Gore,RB,84.2
2021,Khalil Herbert,RB,64.9
2020,CeeDee Lamb,WR,135.7
2018,Adrian Peterson,RB,169.0
2019,Cooper Kupp,WR,176.5
2020,Chris Manhertz,TE,5.2
2020,Teddy Bridgewater,QB,243.1
2020,Chad Hansen,WR,29.6
2017,ArDarius Stewart,WR,10.9
2024,Cordarrelle Patterson,RB,25.5
2021,Chad Henne,QB,3.3
2019,Josh Gordon,WR,46.7
2015,Jordan Matthews,TE,145.7
2016,Ted Ginn,WR,109.0
2018,Jawill Davis,WR,4.0
2021,PJ Walker,QB,11.8
2022,River Cracraft,WR,22.2
2020,Jordan Akins,TE,46.7
2024,D'Andre Swift,RB,170.5
2021,Kenny Golladay,WR,52.1
2019,Alex Armah,RB,7.7
2021,Justin Herbert,QB,370.6
2021,Kendall Hinton,WR,23.5
2015,Trevor Graham,WR,2.4
2020,Jimmy Garoppolo,QB,64.4
2017,Nate Sudfeld,QB,7.2
2020,Darnell Mooney,WR,89.1
2015,Danny Woodhead,RB,163.1
2023,Tank Bigsby,RB,23.8
2014,Darren McFadden,RB,84.6
2024,Tyler Boyd,WR,39.3
2016,MyCole Pruitt,TE,1.3
2017,Fozzy Whittaker,RB,12.8
2024,Van Jefferson,WR,49.3
2024,Kenny Pickett,QB,24.4
2021,Nathan Cottrell,RB,0.3
2016,David Johnson,RB,325.8
2022,D'Andre Swift,RB,141.1
2023,David Njoku,TE,129.5
2019,Brandon Bolden,RB,41.9
2014,Kevin Norwood,WR,10.2
2022,Sam Darnold,QB,88.3
2019,Geronimo Allison,WR,41.3
2021,Jalen Reagor,WR,45.3
2017,Michael Crabtree,WR,109.8
2014,Miles Austin,WR,68.8
2017,D.J. Foster,RB,15.2
2023,Chris Manhertz,TE,1.6
2023,Bailey Zappe,QB,71.2
2022,DJ Moore,WR,136.1
2021,Pharoh Cooper,WR,3.6
2024,Kirk Cousins,QB,180.3
2020,Logan Thomas,TE,112.0
2017,Branden Oliver,RB,10.9
2019,Andy Isabella,WR,26.4
2021,Cole Beasley,WR,83.2
2021,Matthew Stafford,QB,423.5
2024,Noah Brown,WR,51.3
2015,Karlos Williams,RB,113.3
2020,Chase Edmonds,RB,115.0
2017,Tyler Ervin,RB,5.0
2022,Gus Edwards,RB,64.5
2018,Josh Allen,QB,206.9
2024,Chris Godwin Jr.,WR,87.8
2021,Ben Skowronek,WR,14.5
2023,Clyde Edwards-Helaire,RB,57.1
2015,Antonio Brown,WR,256.1
2024,Jaylen Waddle,WR,87.6
2016,Jace Amaro,TE,5.9
2018,Tyler Higbee,TE,52.7
2015,Austin Davis,QB,21.2
2020,John Brown,WR,72.4
2020,Jason Huntley,RB,1.9
2017,David Morgan,TE,15.5
2024,Travis Kelce,TE,121.9
2022,David Blough,QB,20.6
2016,Paul Richardson,WR,54.4
2023,Jakobi Meyers,WR,147.6
2015,Alfred Blue,RB,106.6
2014,Stepfan Taylor,RB,53.2
2022,Jarvis Landry,WR,33.2
2023,Breece Hall,RB,212.5
2023,Jamaal Williams,RB,42.8
2018,Hayden Hurst,TE,22.3
2019,Darrel Williams,RB,52.8
2020,Garrett Gilbert,QB,14.5
2024,John FitzPatrick,TE,0.2
2017,James Hanna,TE,14.8
2022,Breece Hall,RB,96.1
2023,Rico Dowdle,RB,77.0
2016,John Phillips,TE,13.2
2024,Jakobi Meyers,WR,129.0
2019,Kyler Murray,QB,279.3
2024,Samaje Perine,RB,55.9
2017,JuJu Smith-Schuster,WR,140.2
2019,Tavon Austin,WR,34.4
2016,Jamison Crowder,WR,124.5
2023,Brandon Aiyuk,WR,195.1
2022,Salvon Ahmed,RB,18.0
2017,Alvin Kamara,RB,257.2
2016,Stefon Diggs,WR,109.3
2024,Isaiah Davis,RB,36.9
2019,Darrius Shepherd,WR,0.1
2014,Brian Quick,WR,55.5
2020,Deshaun Watson,QB,371.4
2018,Ross Dwelley,TE,1.4
2022,Ronald Jones,RB,15.2
2014,Derek Anderson,QB,50.4
2016,Ryan Griffin,TE,57.1
2024,Brock Bowers,TE,150.7
2019,Marquez Valdes-Scantling,WR,58.9
2017,Bennie Fowler,WR,53.0
2019,Jay Ajayi,RB,3.0
2023,Sean Tucker,RB,3.2
2016,Jamize Olawale,RB,46.0
2018,Brice Butler,WR,12.0
2017,Zay Jones,WR,45.6
2022,Damien Williams,RB,0.2
2014,Michael Floyd,WR,117.1
2016,Terrance Williams,WR,88.2
2014,Tom Savage,QB,0.5
2015,Tyler Lockett,WR,121.4
2014,Chase Ford,TE,31.8
2018,Will Dissly,TE,27.6
2020,Tyron Johnson,WR,59.5
2015,Will Tye,TE,62.4
2024,Foster Moreau,TE,71.3
2023,Rashee Rice,WR,166.2
2024,Brandon Aiyuk,WR,37.4
2024,Will Mallory,TE,2.9
2016,Jonathan Grimes,RB,28.3
2022,Keaontay Ingram,RB,14.1
2021,Kevin Rader,TE,0.8
2020,Ryan Fitzpatrick,QB,146.7
2016,Paul Turner,WR,12.6
2019,Rex Burkhead,RB,77.7
2016,Marquise Goodwin,WR,61.1
2021,Daniel Brown,TE,2.9
2022,Wan'Dale Robinson,WR,28.6
2023,Keelan Doss,WR,3.3
2014,Robert Griffin III,QB,91.2
2020,Ryan Izzo,TE,17.9
2023,Jaleel McLaughlin,RB,75.0
2018,Dwayne Allen,TE,2.7
2022,Tyrion Davis-Price,RB,9.9
2023,Jaxon Smith-Njigba,WR,86.8
2018,Alfred Blue,RB,79.2
2020,Tyler Johnson,WR,32.0
2021,Albert Okwuegbunam,TE,43.0
2017,Raheem Mostert,RB,1.0
2020,Luke Willson,TE,1.2
2014,Demetrius Harris,TE,2.0
2014,Cody Latimer,WR,2.3
2019,Eli Manning,QB,56.3
2020,Van Jefferson,WR,38.5
2014,Carson Palmer,QB,105.6
2015,Rod Streater,WR,0.8
2015,Pierre Garcon,WR,120.7
2023,Rashaad Penny,RB,3.8
2019,Javorius Allen,RB,10.5
2024,Tylan Wallace,WR,30.1
2016,Brandon Coleman,WR,46.1
2018,Matt Breida,RB,135.5
2016,Kelvin Benjamin,WR,134.1
2024,Ricky Pearsall,WR,62.5
2014,Montee Ball,RB,27.4
2020,Phillip Lindsay,RB,59.0
2014,A.J. Green,WR,136.3
2014,Kellen Clemens,QB,0.4
2020,Emmanuel Sanders,WR,108.9
2023,Chris Godwin Jr.,WR,138.7
2017,Roger Lewis,WR,53.6
2018,AJ McCarron,QB,0.1
2016,Jerick McKinnon,RB,103.4
2016,Mychal Rivera,TE,28.3
2019,Matt LaCosse,TE,19.1
2017,Jordan Leslie,WR,2.6
2023,Kevin Rader,TE,0.6
2015,Nate Washington,WR,90.1
2021,Demarcus Robinson,WR,52.0
2019,Curtis Samuel,WR,117.7
2016,Randall Cobb,WR,132.3
2020,Amari Cooper,WR,142.8
2017,Kasen Williams,WR,8.4
2018,Keenan Allen,WR,178.3
2016,Alfred Blue,RB,50.6
2024,Will Shipley,RB,25.4
2019,Jordan Akins,TE,53.8
2023,Lamar Jackson,QB,392.9
2022,Luke Farrell,TE,4.0
2018,Josh Malone,WR,1.2
2024,Kayshon Boutte,WR,76.9
2018,Duke Johnson,RB,81.0
2017,Josh Gordon,WR,39.5
2016,Tyrod Taylor,QB,268.9
2023,Khalil Herbert,RB,90.5
2021,Tony Pollard,RB,120.2
2018,James O'Shaughnessy,TE,21.4
2014,Damaris Johnson,WR,41.0
2015,T.J. Jones,WR,18.9
2014,Fitzgerald Toussaint,RB,3.7
2014,Ryan Mathews,RB,57.9
2019,Braxton Berrios,WR,11.5
2019,Jamal Agnew,WR,0.7
2021,Ke'Shawn Vaughn,RB,44.8
2021,David Blough,QB,0.6
2023,Mitchell Trubisky,QB,46.7
2019,Marshawn Lynch,RB,33.2
2019,Dexter Williams,RB,1.1
2021,Ray-Ray McCloud,WR,31.2
2019,Baker Mayfield,QB,231.3
2022,Eric Tomlinson,TE,19.9
2017,Ross Travis,TE,7.6
2021,D'Ernest Johnson,RB,85.1
2024,Theo Johnson,TE,39.1
2024,Erick All,TE,15.8
2017,Blake Bell,TE,1.9
2017,Carson Wentz,QB,275.7
2023,Erik Ezukanma,WR,2.2
2018,Drew Brees,QB,337.6
2023,Sam Darnold,QB,25.3
2015,Donteea Dye,WR,19.2
2019,Wayne Gallman,RB,37.2
2024,Josh Palmer,WR,64.4
2024,Jack Stoll,TE,1.0
2017,Travaris Cadet,RB,21.5
2024,Ezekiel Elliott,RB,45.5
2015,Brent Celek,TE,57.8
2019,Jordan Scarlett,RB,0.9
2017,Griff Whalen,WR,2.3
2015,Mario Alford,WR,1.5
2018,Jonathan Williams,RB,0.1
2018,Brandon Wilds,RB,1.5
2022,Isiah Pacheco,RB,154.2
2019,Jordan Howard,RB,101.4
2018,Dwayne Washington,RB,15.4
2020,Blaine Gabbert,QB,15.3
2018,A.J. Derby,TE,10.8
2024,Laviska Shenault Jr.,WR,3.7
2014,Taylor Gabriel,WR,69.1
2015,Malcolm Brown,RB,1.5
2021,Jeff Wilson,RB,44.5
2014,Lance Kendricks,TE,55.9
2014,Luke Stocker,TE,4.1
2024,Tua Tagovailoa,QB,181.5
2022,Gerald Everett,TE,96.4
2024,Marvin Mims Jr.,WR,91.8
2022,Nico Collins,WR,60.1
2023,Josiah Deguara,TE,6.5
2022,Samaje Perine,RB,119.4
2023,Ezekiel Elliott,RB,123.5
2024,Mike Evans,WR,181.6
2015,Charlie Whitehurst,QB,4.0
2017,Sean McGrath,TE,4.6
2016,Marqise Lee,WR,111.4
2020,Devonta Freeman,RB,29.0
2018,Luke Willson,TE,8.7
2015,Justin Forsett,RB,91.4
2018,Jeremy Langford,RB,2.5
2018,Hakeem Valles,TE,1.1
2014,Nate Washington,WR,76.7
2016,George Farmer,RB,0.5
2014,Gator Hoskins,TE,2.1
2023,Marvin Jones,WR,1.5
2020,Travis Homer,RB,23.8
2020,Kaden Smith,TE,11.2
2015,Latavius Murray,RB,163.8
2022,Greg Dortch,WR,63.1
2021,Jesse James,TE,12.2
2016,Benny Cunningham,RB,19.2
2016,Jalin Marshall,WR,26.2
2019,Drew Lock,QB,68.1
2023,Zamir White,RB,58.9
2023,Isiah Pacheco,RB,223.2
2024,Will Levis,QB,124.0
2020,Willie Snead,WR,64.6
2014,Robert Turbin,RB,64.2
2015,Dan Orlovsky,QB,10.0
2016,Charone Peake,WR,18.6
2021,Dak Prescott,QB,341.3
2015,Jordan Reed,TE,175.2
2022,Greg Dulcich,TE,53.1
2018,Christian McCaffrey,RB,278.5
2014,Dane Sanzenbacher,WR,8.4
2022,Isaiah Likely,TE,55.3
2022,John Brown,WR,10.2
2019,DeAndre Hopkins,WR,181.3
2018,Jordan Leggett,TE,17.4
2020,Russell Wilson,QB,379.6
2014,Jeremy Ross,WR,37.3
2018,Tyrell Williams,WR,107.1
2023,Kene Nwangwu,RB,1.3
2014,Matt Moore,QB,0.6
2015,Mike Wallace,WR,60.9
2020,Chris Thompson,RB,22.6
2016,Denard Robinson,RB,16.6
2014,Ryan Grant,WR,6.8
2024,Clyde Edwards-Helaire,RB,7.0
2024,Ty Chandler,RB,22.4
2020,Gus Edwards,RB,127.2
2018,Brock Osweiler,QB,66.0
2016,Mike Gillislee,RB,116.7
2019,Aaron Rodgers,QB,312.4
2024,Alex Bachman,WR,3.1
2020,Chris Streveler,QB,7.7
2023,DeVonta Smith,WR,161.4
2016,Cole Beasley,WR,118.5
2022,Noah Fant,TE,73.7
2022,Geoff Swaim,TE,11.8
2023,Jahan Dotson,WR,75.8
2024,Charlie Jones,WR,0.5
2018,Taquan Mizzell,RB,15.3
2020,Melvin Gordon,RB,166.4
2019,Bo Scarbrough,RB,42.2
2021,Trey Ragas,RB,1.5
2022,Kadarius Toney,WR,55.7
2016,Corey Brown,WR,34.2
2024,Ameer Abdullah,RB,85.2
2021,Craig Reynolds,RB,28.2
2023,Chuba Hubbard,RB,143.5
2016,Rod Streater,WR,31.1
2018,David Moore,WR,75.0
2018,Ted Ginn,WR,43.7
2020,Jake Butt,TE,0.5
2021,Gabe Davis,WR,145.1
2015,Khiry Robinson,RB,53.5
2016,Allen Robinson,WR,124.3
2015,E.J. Bibbs,TE,0.7
2014,Darrin Reaves,RB,10.9
2020,Le'Veon Bell,RB,59.2
2020,Dontrelle Inman,WR,28.3
2014,Zac Stacy,RB,46.5
2015,Chris Gragg,TE,15.0
2016,Tanner McEvoy,WR,27.7
2024,Tim Jones,WR,4.1
2018,Justin Jackson,RB,49.2
2017,Kapri Bibbs,RB,26.7
2014,Jerick McKinnon,RB,67.3
2016,Braxton Miller,WR,15.9
2020,Zach Pascal,WR,102.6
2016,Corey Grant,RB,31.9
2022,Sammy Watkins,WR,31.7
2020,Johnny Mundt,TE,5.3
2022,Tyquan Thornton,WR,44.3
2020,Duke Johnson,RB,56.4
2020,Kirk Cousins,QB,304.2
2019,Will Fuller,WR,93.9
2018,Leonard Fournette,RB,98.4
2016,Demetrius Harris,TE,18.3
2022,Avery Williams,RB,23.0
2021,Nick Chubb,RB,195.3
2023,Rachaad White,RB,226.5
2017,Adam Thielen,WR,158.9
2024,JuJu Smith-Schuster,WR,42.7
2019,Jamison Crowder,WR,119.7
2021,Michael Pittman,WR,148.6
2023,Trey Palmer,WR,72.4
2014,Marshawn Lynch,RB,315.4
2015,Mike Gillislee,RB,45.6
2019,Dwayne Haskins,QB,78.7
2024,Pat Freiermuth,TE,106.8
2024,AJ Barner,TE,48.5
2016,Andre Ellington,RB,18.1
2018,Marcus Murphy,RB,27.6
2015,Ryan Nassib,QB,6.7
2018,Chris Conley,WR,59.4
2020,Harrison Bryant,TE,37.8
2014,Julio Jones,WR,193.4
2024,Cole Kmet,TE,71.4
2020,Robbie Chosen,WR,127.1
2024,Baker Mayfield,QB,381.5
2021,Anthony Firkser,TE,39.1
2022,Anthony Firkser,TE,10.0
2019,Kerryon Johnson,RB,75.0
2015,Sam Bradford,QB,196.8
2014,Troy Niklas,TE,3.8
2018,Rob Kelley,RB,0.8
2022,Logan Thomas,TE,38.3
2023,Antonio Gibson,RB,79.4
2014,Reggie Bush,RB,77.7
2017,Aaron Rodgers,QB,131.5
2017,Brock Osweiler,QB,65.9
2024,Dallin Holker,TE,2.1
2015,Eric Weems,WR,1.5
2023,Brevin Jordan,TE,47.5
2017,Keenan Allen,WR,176.2
2014,Travis Kelce,TE,110.2
2021,Derrick Henry,RB,185.5
2015,Benjamin Watson,TE,116.5
2015,Damaris Johnson,WR,0.6
2019,Jesper Horsted,TE,14.7
2016,Ben Roethlisberger,QB,284.9
2016,Henry Krieger-Coble,TE,1.3
2017,Chris Thompson,WR,8.4
2016,Mohamed Sanu,WR,112.6
2014,Jared Cook,TE,81.4
2022,Lamar Jackson,QB,236.1
2014,Joe Flacco,QB,305.3
2019,Nick Chubb,RB,219.2
2019,Hunter Henry,TE,93.2
2014,Bruce Gradkowski,QB,0.7
2024,Andy Dalton,QB,58.9
2018,Quincy Enunwa,WR,48.9
2018,Russell Wilson,QB,321.1
2024,Bucky Irving,RB,211.7
2021,DK Metcalf,WR,169.3
2021,Stefon Diggs,WR,189.2
2015,Malcolm Johnson,RB,1.5
2014,Bishop Sankey,RB,78.2
2023,Ryan Tannehill,QB,80.0
2016,Jordan Norwood,WR,27.2
2021,Jake Kumerow,WR,2.8
2024,Chris Brooks,RB,32.1
2020,Ty Montgomery,WR,15.5
2024,Ross Dwelley,TE,0.5
2018,MyCole Pruitt,TE,16.2
2022,Jonnu Smith,TE,25.0
2023,Will Levis,QB,104.1
2022,Tanner Hudson,TE,13.2
2014,Kenny Britt,WR,94.2
2020,Jake Luton,QB,28.3
2024,Myles Gaskin,RB,1.0
2022,Leonard Fournette,RB,154.8
2016,Robbie Chosen,WR,72.9
2022,Tim Jones,WR,3.0
2016,Kendall Wright,WR,61.1
2019,Ben Koyack,TE,0.9
2019,Ryan Switzer,WR,2.7
2016,Cedric Peerman,RB,1.5
2016,Jeremy Maclin,WR,68.3
2020,Darrell Henderson,RB,114.3
2023,Cole Kmet,TE,108.1
2019,Ben Roethlisberger,QB,12.7
2023,Zach Evans,RB,1.9
2019,Robert Tonyan,TE,16.0
2019,Giovani Bernard,RB,38.4
2016,Laquon Treadwell,WR,1.5
2024,Mike Boone,RB,4.9
2018,Charles Clay,TE,16.4
2021,Davion Davis,WR,1.7
2021,DeeJay Dallas,RB,39.1
2019,De'Anthony Thomas,WR,1.1
2019,DeAndrew White,WR,5.1
2018,Garrett Gilbert,QB,1.6
2017,Malcolm Brown,RB,37.3
2020,Dion Lewis,RB,40.2
2020,Mack Hollins,WR,21.6
2017,Delanie Walker,TE,113.8
2022,Allen Lazard,WR,114.8
2017,Kalif Raymond,WR,1.1
2024,Odell Beckham Jr.,WR,5.5
2020,Nathan Peterman,QB,1.9
2020,Tyler Boyd,WR,113.6
2020,Buddy Howell,RB,6.7
2019,Charles Jones,TE,0.5
2022,Marquez Callaway,WR,21.8
2017,Jordan Taylor,WR,14.2
2020,Jakeem Grant,WR,45.3
2019,Eric Saubert,TE,2.1
2021,Zach Pascal,WR,56.5
2021,Jack Doyle,TE,48.2
2023,Keenan Allen,WR,170.9
2024,Trenton Irwin,WR,1.5
2017,Brandon Bolden,RB,16.1
2014,Arian Foster,RB,235.5
2018,Alex Erickson,WR,18.9
2017,Cooper Kupp,WR,127.8
2024,Travis Etienne,RB,91.2
2016,Trevor Davis,WR,8.4
2014,Davante Adams,WR,81.0
2019,Hayden Hurst,TE,58.2
2021,Johnny Mundt,TE,0.9
2015,Patrick DiMarco,RB,23.0
2014,Drew Brees,QB,308.9
2019,Ameer Abdullah,RB,27.9
2024,DeMario Douglas,WR,81.7
2018,Cody Latimer,WR,25.0
2024,Austin Hooper,TE,63.6
2017,Curtis Samuel,WR,17.9
2019,Dalvin Cook,RB,267.0
2024,Tim Patrick,WR,59.6
2017,Kenyan Drake,RB,108.3
2015,Amari Cooper,WR,140.7
2019,Case Keenum,QB,107.4
2014,Dwayne Harris,WR,12.8
2023,Quentin Johnston,WR,56.0
2014,Jonas Gray,RB,72.3
2024,Joshua Kelley,RB,0.2
2024,Jeremy Ruckert,TE,10.5
2022,Keith Kirkwood,WR,1.8
2021,Ashton Dulin,WR,32.5
2023,Case Keenum,QB,9.8
2022,Keenan Allen,WR,104.1
2018,Jason Croom,TE,27.9
2014,T.Y. Hilton,WR,197.7
2015,Julio Jones,WR,233.1
2014,Adrian Peterson,RB,9.3
2015,Willie Snead,WR,114.4
2014,Chris Hogan,WR,64.6
2022,Braxton Berrios,WR,39.7
2020,JoJo Natson,WR,0.3
2020,Tommylee Lewis,WR,1.9
2023,Damien Harris,RB,17.0
2024,Christian Watson,WR,74.3
2019,Javon Wims,WR,24.6
2016,Will Tye,TE,52.1
2016,Paul Perkins,RB,67.5
2020,Darrell Daniels,TE,15.2
2024,Khalil Shakir,WR,123.9
2020,Trey Burton,TE,58.7
2019,Qadree Ollison,RB,29.7
2023,Cedrick Wilson Jr.,WR,51.3
2014,Lamar Miller,RB,187.4
2014,Leon Washington,RB,33.6
2017,Cody Latimer,WR,40.7
2020,Seth Roberts,WR,3.1
2022,Kyle Pitts,TE,47.6
2021,Josh Palmer,WR,59.9
2021,Tajae Sharpe,WR,23.0
2023,Mike Evans,WR,229.0
2021,Kadarius Toney,WR,43.4
2021,Trayveon Williams,RB,5.5
2018,Tyrod Taylor,QB,41.4
2019,Russell Gage,WR,51.8
2016,Tony Romo,QB,5.2
2022,Tyrod Taylor,QB,11.3
2014,Lorenzo Taliaferro,RB,62.6
2023,Jeremy Ruckert,TE,15.1
2018,Jalen Richard,RB,88.6
2021,Alex Collins,RB,59.8
2024,Daniel Bellinger,TE,12.5
2019,Kerrith Whyte,RB,13.1
2016,Josh Huff,WR,18.8
2017,Randall Cobb,WR,91.4
2018,C.J. Beathard,QB,81.0
2023,Darrell Henderson,RB,33.5
2022,Nick Vannett,TE,5.5
2016,Jeremy Hill,RB,155.3
2022,Michael Pittman,WR,117.5
2017,Chris Thompson,RB,116.4
2014,Levine Toilolo,TE,33.8
2022,Juwan Johnson,TE,92.8
2019,Taysom Hill,TE,98.7
2019,Jordan Matthews,TE,3.3
2017,Cooper Rush,QB,1.4
2022,Daniel Bellinger,TE,51.1
2021,Blaine Gabbert,QB,1.9
2017,Ifeanyi Momah,TE,4.6
2020,Joe Mixon,RB,78.6
2018,J.D. McKissic,RB,8.1
2014,Jordy Nelson,WR,239.2
2024,Josh Allen,QB,445.1
2023,DeeJay Dallas,RB,6.2
2018,Phillip Lindsay,RB,187.8
2019,Tyrod Taylor,QB,6.0
2024,Jerry Jeudy,WR,146.9
2015,Nic Jacobs,TE,0.6
2024,Johnny Wilson,WR,9.8
2014,Drew Stanton,QB,92.9
2023,Alec Pierce,WR,63.4
2019,Derek Carrier,TE,19.5
2023,Desmond Ridder,QB,180.1
2021,Jared Goff,QB,194.4
2014,C.J. Anderson,RB,188.2
2016,Rashad Jennings,RB,106.7
2020,Anthony McFarland,RB,16.7
2021,Trent Taylor,WR,4.1
2015,Stepfan Taylor,RB,6.2
2023,Derius Davis,WR,16.7
2016,Lorenzo Taliaferro,RB,1.0
2015,Luke Stocker,TE,12.1
2021,Brandin Cooks,WR,141.8
2021,Sterling Shepard,WR,41.7
2018,T.J. Yeldon,RB,118.1
2019,DK Metcalf,WR,155.0
2021,Corey Davis,WR,71.2
2019,Evan Engram,TE,65.4
2022,Erik Ezukanma,WR,0.3
2024,Patrick Taylor,RB,26.8
2023,Zach Pascal,WR,1.9
2020,Christian McCaffrey,RB,73.4
2016,Dexter McCluster,WR,3.8
2016,Adam Humphries,WR,76.0
2015,Akeem Hunt,RB,13.5
2023,Michael Wilson,WR,74.5
2014,Josh Morgan,WR,16.0
2016,Justin Hardy,WR,46.1
2022,Elijah Moore,WR,51.1
2021,Quez Watkins,WR,74.5
2015,Andrew Quarless,TE,3.1
2024,Chig Okonkwo,TE,59.6
2015,Colin Kaepernick,QB,108.3
2017,Andre Williams,RB,2.5
2024,Darrynton Evans,RB,0.3
2023,Brock Wright,TE,18.0
2016,James Starks,RB,39.9
2016,Ifeanyi Momah,TE,5.0
2022,Austin Hooper,TE,56.4
2023,Ray-Ray McCloud,WR,19.1
2016,Larry Fitzgerald,WR,136.8
2021,Ian Book,QB,2.0
2016,Jared Goff,QB,57.2
2019,Devontae Booker,RB,6.6
2017,Jermaine Gresham,TE,44.2
2014,Dwayne Bowe,WR,75.4
2014,James Hanna,TE,4.8
2021,Antonio Brown,WR,79.1
2022,Shane Zylstra,TE,30.0
2024,Grant DuBose,WR,1.1
2020,DK Metcalf,WR,209.9
2020,Devin Duvernay,WR,27.1
2024,Zamir White,RB,23.3
2018,Rob Gronkowski,TE,103.3
2017,Mike Thomas,WR,9.3
2017,Ryan Grant,WR,81.3
2024,Trey Lance,QB,12.7
2019,Delanie Walker,TE,33.5
2016,Alex Ellis,TE,1.1
2020,Kalif Raymond,WR,18.4
2016,Chase Daniel,QB,0.6
2015,Myles White,WR,14.8
2017,Corey Grant,RB,47.3
2023,Kyle Pitts,TE,84.3
2019,Danny Vitale,RB,10.0
2020,Brandon Allen,QB,51.6
2019,Dante Pettis,WR,23.5
2021,Daniel Jones,QB,164.6
2017,Gerald Everett,TE,36.1
2014,Ryan Fitzpatrick,QB,181.8
2020,James Conner,RB,142.3
2018,Darren Sproles,RB,52.0
2015,Marvin Jones,WR,112.1
2024,Chris Rodriguez Jr.,RB,30.5
2021,Trinity Benson,WR,10.3
2019,David Blough,QB,54.4
2020,Justice Hill,RB,8.0
2023,Chris Olave,WR,142.3
2019,Tyler Boyd,WR,132.9
2020,Darren Waller,TE,169.6
2024,Breece Hall,RB,179.9
2014,Brock Osweiler,QB,6.1
2017,Darrius Heyward-Bey,WR,13.9
2021,DJ Chark,WR,27.4
2014,Joe McKnight,RB,18.7
2016,Darren Fells,TE,21.4
2015,Blake Bortles,QB,320.1
2015,C.J. Spiller,RB,47.1
2024,Xavier Hutchinson,WR,20.3
2014,Robert Meachem,WR,11.4
2021,Benny Snell,RB,14.2
2018,Demetrius Harris,TE,34.6
2016,Ty Montgomery,WR,125.3
2014,Danny Woodhead,RB,7.2
2018,Alex Collins,RB,93.6
2018,Ryan Grant,WR,39.4
2019,Ricky Ortiz,RB,0.8
2019,Scott Simonson,TE,1.1
2014,LeSean McCoy,RB,171.4
2014,Emmanuel Sanders,WR,203.4
2015,Jim Dray,TE,6.1
2014,Travaris Cadet,RB,34.8
2021,Tim Boyle,QB,22.4
2021,Greg Dortch,WR,3.9
2022,Phillip Dorsett,WR,31.7
2015,Roy Helu,RB,17.4
2023,Justice Hill,RB,92.7
2023,Rashid Shaheed,WR,105.6
2021,Kylen Granson,TE,10.6
2016,Blake Bell,TE,8.5
2021,Carson Wentz,QB,261.9
2024,Stefon Diggs,WR,74.9
2020,Alfred Morris,RB,37.7
2016,Case Keenum,QB,113.0
2016,Kirk Cousins,QB,304.3
2024,Ben Skowronek,WR,6.9
2019,Lee Smith,TE,9.9
2022,Mitchell Wilcox,TE,21.8
2014,Brian Hartline,WR,59.4
2019,Nick Vannett,TE,16.6
2021,Marquise Goodwin,WR,37.2
2017,Johnny Holton,WR,35.8
2023,Evan Engram,TE,116.3
2018,Jamaal Charles,RB,1.4
2020,Qadree Ollison,RB,0.3
2022,J.D. McKissic,RB,26.8
2022,Ray-Ray McCloud,WR,44.1
2022,Mike Davis,RB,2.2
2024,Bryce Young,QB,196.8
2017,David Njoku,TE,62.7
2016,Akeem Hunt,RB,15.3
2022,Jacob Eason,QB,0.4
2015,Adam Thielen,WR,23.3
2018,Derek Carrier,TE,12.7
2019,Rashard Davis,WR,1.6
2018,Cameron Artis-Payne,RB,14.4
2021,Brycen Hopkins,TE,5.6
2022,Eric Saubert,TE,20.8
2024,Quentin Johnston,WR,119.7
2016,Ezekiel Elliott,RB,305.7
2022,Dalvin Cook,RB,207.8
2022,Bam Knight,RB,46.0
2018,Nick Boyle,TE,21.3
2020,Sam Darnold,QB,136.0
2015,Matt Hasselbeck,QB,95.2
2015,Austin Seferian-Jenkins,TE,57.8
2014,Corey Fuller,WR,27.8
2021,Jarvis Landry,WR,83.0
2014,Chad Henne,QB,32.1
2014,Brian Leonard,RB,1.5
2018,Dede Westbrook,WR,109.5
2023,Keaton Mitchell,RB,60.9
2017,Paul Perkins,RB,13.6
2016,Jordan Todman,RB,5.9
2018,Wayne Gallman,RB,30.5
2023,Kenneth Walker III,RB,170.4
2014,Cole Beasley,WR,72.1
2018,DeVante Parker,WR,36.9
2014,Tyler Eifert,TE,3.7
2017,Harry Douglas,WR,0.8
2019,Nick Bawden,RB,1.7
2016,Terrence Magee,RB,1.2
2014,Trey Watts,RB,4.8
2022,Chase Daniel,QB,6.5
2016,Raheem Mostert,RB,0.6
2020,Ameer Abdullah,RB,22.0
2022,Jameis Winston,QB,41.9
2016,Devontae Booker,RB,111.7
2014,Antone Smith,RB,64.6
2018,Josh Reynolds,WR,85.6
2020,Devine Ozigbo,RB,4.3
2018,Mike Gesicki,TE,18.2
2017,Matt Forte,RB,83.4
2019,Jeff Wilson,RB,45.9
2017,Nick Foles,QB,102.5
2018,Kenyan Drake,RB,153.2
2017,Justin Hunter,WR,8.3
2016,Anquan Boldin,WR,108.8
2020,Adam Thielen,WR,178.0
2020,Marvin Hall,WR,42.3
2020,Bisi Johnson,WR,18.9
2022,Maurice Alexander,WR,0.7
2024,Xavier Gipson,WR,10.4
2022,Blake Bell,TE,8.4
2024,Mason Kinsey,WR,1.7
2019,MyCole Pruitt,TE,17.8
2016,Kenneth Dixon,RB,72.4
2014,Brice Butler,WR,40.0
2015,Cooper Helfet,TE,13.0
2015,Jeremy Kerley,WR,27.2
2014,Brandon Tate,WR,27.4
2018,Charcandrick West,RB,9.6
2019,Jeff Driskel,QB,57.2
2021,Patrick Laird,RB,2.1
2022,Blaine Gabbert,QB,5.2
2020,Case Keenum,QB,1.8
2021,Marcus Johnson,WR,15.8
2022,Nick Westbrook-Ikhine,WR,57.7
2014,Demaryius Thomas,WR,239.8
2021,Cyril Grayson,WR,34.6
2017,Jamaal Williams,RB,117.8
2021,Patrick Ricard,RB,12.7
2018,David Grinnage,TE,6.1
2019,Zach Gentry,TE,0.4
2022,Devine Ozigbo,RB,0.7
2021,Jonathan Taylor,RB,333.1
2021,Tyrod Taylor,QB,81.7
2023,Treylon Burks,WR,23.9
2016,David Johnson,TE,8.1
2017,Akeem Hunt,RB,5.4
2020,Mecole Hardman,WR,99.1
2023,Josh Palmer,WR,68.7
2015,Matt Cassel,QB,64.9
2019,Phillip Lindsay,RB,162.7
2015,Julian Edelman,WR,127.9
2015,Rashad Jennings,RB,135.9
2018,Marcus Kemp,WR,0.7
2017,Russell Wilson,QB,349.8
2018,Tyler Kroft,TE,3.6
2020,Adam Trautman,TE,23.5
2015,Quincy Enunwa,WR,31.5
2016,Matt Schaub,QB,0.4
2023,Lynn Bowden,WR,11.5
2016,Bralon Addison,WR,1.5
2020,Adam Shaheen,TE,33.0
2015,Marlon Brown,WR,11.2
2022,Brandon Powell,WR,23.6
2016,Jarius Wright,WR,12.7
2020,Laviska Shenault Jr.,WR,99.1
2018,Jordan Akins,TE,23.3
2020,LeSean McCoy,RB,13.2
2020,Andre Roberts,WR,3.1
2016,Amari Cooper,WR,146.3
2015,Blake Bell,TE,18.6
2014,Gavin Escobar,TE,34.5
2016,Maurice Harris,WR,6.6
2024,Hassan Haskins,RB,30.3
2017,Eric Tomlinson,TE,18.1
2019,Jamaal Williams,RB,109.2
2022,Nick Mullens,QB,11.8
2018,Jaylen Samuels,RB,63.5
2019,Tarik Cohen,RB,84.9
2024,Sean Tucker,RB,59.7
2018,Erik Swoope,TE,26.7
2015,Vincent Jackson,WR,72.3
2019,Mike Thomas,WR,1.4
2021,Mo Alie-Cox,TE,55.6
2020,Myles Gaskin,RB,123.2
2016,Adrian Peterson,RB,6.0
2018,LeSean McCoy,RB,93.2
2017,Brian Quick,WR,7.6
2022,Ben Skowronek,WR,45.3
2019,Matt Moore,QB,42.3
2015,Colt McCoy,QB,8.8
2014,Garrett Celek,TE,5.3
2021,Dazz Newsome,WR,2.3
2018,Jakeem Grant,WR,39.3
2017,Sammy Watkins,WR,109.6
2020,Lil'Jordan Humphrey,WR,12.0
2016,J.J. Nelson,WR,105.1
2024,Jahmyr Gibbs,RB,340.4
2015,Dwayne Allen,TE,17.0
2021,Adam Humphries,WR,38.3
2020,Dwayne Washington,RB,1.7
2014,Eddie Royal,WR,119.2
2016,Charcandrick West,RB,65.4
2017,Jack Doyle,TE,89.0
2024,Marquez Valdes-Scantling,WR,65.5
2022,A.J. Brown,WR,232.2
2018,Gehrig Dieter,WR,3.3
2017,Ty Montgomery,WR,68.6
2020,David Njoku,TE,39.9
2019,Donte Moncrief,WR,1.8
2024,Mason Tipton,WR,9.9
2023,Joe Burrow,QB,149.2
2020,PJ Walker,QB,8.5
2016,Jared Cook,TE,76.6
2024,Deuce Vaughn,RB,8.8
2022,Taylor Heinicke,QB,125.9
2018,Justin Davis,RB,1.9
2021,Devontae Booker,RB,104.1
2022,Rashid Shaheed,WR,72.5
2019,Davante Adams,WR,169.5
2020,Cam Akers,RB,130.0
2018,Marcus Johnson,WR,16.0
2020,Freddie Swain,WR,30.7
2023,Jack Stoll,TE,3.8
2023,Brian Hoyer,QB,5.0
2024,E.J. Jenkins,TE,6.7
2016,Ricardo Louis,WR,20.5
2019,Jimmy Graham,TE,73.5
2019,Chris Carson,RB,195.6
2024,DeAndre Carter,WR,7.2
2022,Jared Goff,QB,285.3
2015,Cody Latimer,WR,15.1
2015,Javontee Herndon,WR,20.8
2019,DJ Chark,WR,150.8
2022,Kenny Gainwell,RB,94.5
2019,Devlin Hodges,QB,53.4
2014,Greg Olsen,TE,146.3
2021,Darren Fells,TE,4.3
2017,Amara Darboh,WR,7.1
2017,Vance McDonald,TE,36.0
2024,Ashton Dulin,WR,17.2
2023,Ja'Marr Chase,WR,162.7
2018,Ryan Griffin,TE,31.1
2014,Ray Agnew,RB,1.7
2023,Josh Allen,QB,453.0
2023,Saquon Barkley,RB,180.2
2015,Devonta Freeman,RB,243.4
2021,Nick Foles,QB,14.8
2023,D'Ernest Johnson,RB,24.8
2019,Keenan Allen,WR,157.5
2019,Devin Funchess,WR,3.2
2018,Demarcus Robinson,WR,55.5
2022,Tommy Sweeney,TE,0.7
2021,Russell Gage,WR,97.0
2018,Jaron Brown,WR,46.6
2021,Jakobi Meyers,WR,103.3
2014,Ryan Hewitt,TE,12.3
2015,Shaun Hill,QB,0.1
2017,Vince Mayle,TE,6.2
2020,Ronald Jones,RB,172.2
2021,Dawson Knox,TE,134.9
2024,Lamar Jackson,QB,473.6
2020,Carson Wentz,QB,194.4
2018,Corey Clement,RB,57.1
2021,Ryquell Armstead,RB,9.6
2019,James Conner,RB,111.5
2022,Robert Woods,WR,64.7
2018,Darren Fells,TE,29.7
2016,Russell Shepard,WR,47.0
2016,Matt Asiata,RB,100.5
2018,Nick Williams,WR,1.7
2014,Bruce Ellington,WR,27.0
2015,Thomas Rawls,RB,118.6
2017,Jimmy Graham,TE,112.0
2015,Kenny Britt,WR,86.1
2015,Mike Davis,RB,9.6
2015,Robert Turbin,RB,28.2
2020,Deon Yelder,TE,3.6
2024,Jeff Wilson,RB,7.6
2020,J.J. Taylor,RB,11.4
2017,Chris Moore,WR,41.9
2016,Zach Miller,TE,72.6
2022,Chris Conley,WR,4.6
2014,Ronnie Brown,RB,10.7
2019,Dare Ogunbowale,RB,40.3
2015,Philip Rivers,QB,284.2
2021,Kenny Yeboah,TE,3.6
2024,Tyler Higbee,TE,35.8
2017,Chad Williams,WR,6.4
2021,Eric Tomlinson,TE,0.7
2023,Daniel Bellinger,TE,25.5
2023,Jalen Guyton,WR,14.9
2017,Odell Beckham Jr.,WR,49.0
2023,Geoff Swaim,TE,9.4
2022,Sterling Shepard,WR,21.4
2018,Jeremy Kerley,WR,0.7
2016,Alfred Morris,RB,37.4
2017,Michael Clark,WR,4.1
2016,Isaiah Crowell,RB,165.1
2017,Kelvin Benjamin,WR,86.0
2017,Russell Shepard,WR,28.1
2023,Terrace Marshall Jr.,WR,13.9
2024,Joe Mixon,RB,236.4
2014,Doug Martin,RB,67.8
2022,David Njoku,TE,84.0
2020,Dominique Dafney,TE,8.6
2015,Keenan Allen,WR,96.5
2022,Jelani Woods,TE,49.2
2024,Cam Akers,RB,83.1
2015,Chandler Worthy,WR,1.4
2020,Carlos Hyde,RB,69.4
2014,Rishard Matthews,WR,25.8
2015,James Jones,WR,145.1
2020,Allen Robinson,WR,166.4
2019,Damien Williams,RB,176.1
2021,Buddy Howell,RB,1.1
2021,Gerald Everett,TE,69.8
2022,Ke'Shawn Vaughn,RB,7.2
2014,Aldrick Robinson,WR,0.6
2019,Cordarrelle Patterson,RB,18.6
2015,Mark Sanchez,QB,34.8
2023,Dameon Pierce,RB,63.7
2022,Royce Freeman,RB,13.0
2021,Darrynton Evans,RB,1.8
2020,Deonte Harty,WR,37.7
2016,James White,RB,142.3
2019,Frank Gore,RB,84.1
2014,Jermaine Gresham,TE,76.0
2014,Ryan Griffin,TE,15.1
2021,Kalen Ballage,RB,5.7
2017,Patrick Ricard,RB,13.2
2024,Kendre Miller,RB,24.1
2017,Jeremy Sprinkle,TE,7.3
2023,Dorian Thompson-Robinson,QB,20.1
2023,Patrick Mahomes,QB,364.2
2016,Matt McGloin,QB,1.7
2019,DeVante Parker,WR,174.2
2016,Charles Clay,TE,79.2
2017,Neal Sterling,TE,8.2
2024,Miles Sanders,RB,53.3
2014,Chris Gragg,TE,10.8
2019,Todd Gurley,RB,186.4
2024,Jonathon Brooks,RB,4.5
2020,Chris Hogan,WR,11.8
2024,Nelson Agholor,WR,37.6
2023,Amon-Ra St. Brown,WR,245.5
2023,Puka Nacua,WR,217.4
2023,Khalil Shakir,WR,93.6
2017,Tyler Lockett,WR,73.3
2023,Julian Hill,TE,2.8
2023,Tyler Allgeier,RB,117.6
2023,Tim Jones,WR,8.3
2021,Jamison Crowder,WR,54.7
2020,Foster Moreau,TE,26.0
2024,Bijan Robinson,RB,278.7
2016,Jarvis Landry,WR,147.5
2024,Trevor Lawrence,QB,141.2
2021,Christian McCaffrey,RB,90.5
2020,Robert Foster,WR,3.7
2017,Elijah McGuire,RB,59.2
2014,Dez Bryant,WR,236.6
2021,Luke Farrell,TE,5.6
2020,Patrick Mahomes,QB,429.5
2015,Brandon Weeden,QB,68.4
2017,Robert Woods,WR,121.5
2024,Tyler Allgeier,RB,91.2
2016,Nick Foles,QB,28.0
2020,Kerryon Johnson,RB,52.8
2020,Mike Boone,RB,12.9
2018,C.J. Anderson,RB,95.0
2019,James White,RB,135.8
2023,Justyn Ross,WR,5.3
2015,Demetrius Harris,TE,14.4
2018,Rashard Higgins,WR,79.2
2019,Chase Edmonds,RB,70.8
2018,Breshad Perriman,WR,46.2
2022,Tom Kennedy,WR,14.1
2024,Jauan Jennings,WR,133.5
2021,Travis Kelce,TE,222.8
2023,Davis Allen,TE,18.3
2017,Adam Humphries,WR,67.7
2021,Jaylen Samuels,RB,2.3
2019,Logan Thomas,TE,23.3
2022,Kylen Granson,TE,30.2
2017,Patrick Mahomes,QB,10.4
2022,Nsimba Webster,WR,1.4
2016,Mack Brown,RB,14.0
2019,Deebo Samuel Sr.,WR,153.0
2020,Dawson Knox,TE,61.3
2021,Stanley Morgan,WR,1.4
2017,Andre Ellington,RB,48.4
2020,Baker Mayfield,QB,285.1
2018,David Morgan,TE,3.6
2016,Antonio Andrews,RB,1.5
2016,Ladarius Green,TE,36.4
2018,Tajae Sharpe,WR,45.2
2019,Michael Thomas,WR,232.6
2016,Luke Willson,TE,25.3
2022,Dawson Knox,TE,102.2
2016,Bryce Petty,QB,32.3
2016,Brandon Wilds,RB,4.7
2021,Adam Shaheen,TE,11.0
2019,Pharaoh Brown,TE,2.7
2018,Allen Lazard,WR,0.7
2016,Jordan Reed,TE,102.6
2017,Jimmy Garoppolo,QB,86.9
2019,Le'Veon Bell,RB,147.0
2023,Clayton Tune,QB,7.5
2019,Josh Perkins,TE,14.7
2018,Sterling Shepard,WR,114.5
2022,Stephen Sullivan,TE,4.6
2024,Mike Williams,WR,39.5
2024,Jordan Love,QB,231.4
2022,DeVante Parker,WR,71.9
2024,Rico Dowdle,RB,158.8
2019,Marcus Mariota,QB,85.8
2021,Kylin Hill,RB,2.9
2023,Jake Ferguson,TE,133.4
2021,Tua Tagovailoa,QB,180.9
2021,Darius Slayton,WR,42.6
2014,Pierre Thomas,RB,78.0
2021,Chris Carson,RB,42.1
2020,Christian Kirk,WR,98.4
2016,Lance Dunbar,RB,21.3
2015,Denard Robinson,RB,47.0
2014,Michael Palmer,TE,6.1
2019,Josh Adams,RB,1.2
2021,Mike Davis,RB,94.2
2022,Geno Smith,QB,326.8
2023,Kendrick Bourne,WR,63.0
2019,Ashton Dulin,WR,1.7
2022,Gardner Minshew,QB,36.6
2019,Allen Robinson,WR,156.9
2021,DeVonta Smith,WR,125.6
2019,Miles Boykin,WR,40.4
2019,Emmanuel Sanders,WR,129.4
2015,Stevan Ridley,RB,8.8
2019,Eric Tomlinson,TE,0.1
2021,Will Dissly,TE,29.1
2023,Justin Herbert,QB,233.2
2016,Robert Turbin,RB,82.3
2019,Jaylen Samuels,RB,57.4
2017,Brandon Marshall,WR,15.4
2014,Rashad Jennings,RB,108.5
2019,Philip Rivers,QB,237.5
2022,Clyde Edwards-Helaire,RB,81.3
2023,Michael Carter,RB,34.8
2022,Ty Chandler,RB,2.0
2023,Jaren Hall,QB,6.1
2022,Darrel Williams,RB,17.1
2022,Andy Isabella,WR,2.2
2016,Roger Lewis,WR,21.7
2017,Will Fuller,WR,85.2
2017,Jalen Richard,RB,63.1
2015,Asante Cleveland,TE,0.1
2015,Tyrell Williams,WR,15.0
2019,Daniel Brown,TE,13.2
2021,Isaiah McKenzie,WR,43.7
2015,Zach Miller,TE,73.9
2018,Ryan Hewitt,TE,6.1
2019,Matt Barkley,QB,8.0
2022,Jameson Williams,WR,14.1
2020,Kenny Stills,WR,20.4
2016,Kevin Hogan,QB,16.7
2016,Terron Ward,RB,16.2
2020,Alex Collins,RB,20.1
2024,Anthony Richardson,QB,164.5
2019,Trey Burton,TE,8.4
2016,Tim Hightower,RB,104.8
2017,Todd Gurley,RB,330.4
2017,Danny Amendola,WR,125.8
2020,Pharaoh Brown,TE,28.3
2014,Peyton Manning,QB,323.1
2020,Anthony Firkser,TE,49.1
2017,Ezekiel Elliott,RB,177.2
2017,Allen Robinson,WR,1.7
2023,Charlie Woerner,TE,3.2
2018,Jeremy Hill,RB,3.1
2018,Deshaun Watson,QB,354.9
2018,Nelson Agholor,WR,106.4
2020,Marcus Baugh,TE,0.2
2022,Trayveon Williams,RB,6.0
2018,Brandon LaFell,WR,25.5
2014,Jack Doyle,TE,26.1
2015,Bilal Powell,RB,88.1
2019,Ezekiel Elliott,RB,257.7
2016,Coby Fleener,TE,87.3
2015,Darren McFadden,RB,153.7
2017,Terrelle Pryor,WR,30.0
2019,Devin Singletary,RB,132.3
2021,Austin Hooper,TE,52.5
2023,Van Jefferson,WR,21.3
2015,Ed Dickson,TE,26.3
2021,Josh Oliver,TE,6.6
2014,Virgil Green,TE,14.1
2021,Tre'Quan Smith,WR,55.7
2016,Lee Smith,TE,2.9
2018,Ray-Ray McCloud,WR,4.0
2023,Robert Tonyan,TE,11.2
2015,Vernon Davis,TE,39.5
2018,David Fluellen,RB,1.6
2017,Tavarres King,WR,42.3
2024,DJ Chark,WR,10.1
2020,Colby Parkinson,TE,1.6
2019,Stanley Morgan,WR,1.8
2023,Jayden Reed,WR,155.6
2017,Devin Funchess,WR,139.9
2024,Jordan Mims,RB,14.1
2022,Pharaoh Brown,TE,11.7
2015,Griff Whalen,WR,24.5
2019,Tanner Hudson,TE,2.6
2020,Antonio Gandy-Golden,WR,2.5
2022,Jordan Howard,RB,0.1
2020,T.J. Hockenson,TE,106.3
2020,Ray-Ray McCloud,WR,14.2
2016,Clay Harbor,TE,1.9
2018,Mike Gillislee,RB,3.2
2016,Christine Michael,RB,121.1
2021,Ryan Fitzpatrick,QB,0.7
2018,Josh Johnson,QB,45.5
2015,Chris Givens,WR,43.1
2020,Bennie Fowler,WR,1.1
2022,Joshua Kelley,RB,53.6
2021,Trenton Irwin,WR,3.4
2021,Deon Jackson,RB,9.1
2018,Trey Burton,TE,91.1
2022,Foster Moreau,TE,54.2
2016,Jameis Winston,QB,260.2
2017,Mohamed Sanu,WR,119.8
2019,Tyreek Hill,WR,164.7
2021,Eric Ebron,TE,20.5
2019,Calvin Ridley,WR,132.0
2017,Brent Celek,TE,19.6
2016,Stephen Anderson,TE,15.3
2022,Brandon Bolden,RB,18.3
2023,Stone Smartt,TE,21.5
2023,Chase Edmonds,RB,31.4
2016,Walt Powell,WR,14.2
2022,Davis Mills,QB,183.6
2014,Devin Hester,WR,70.0
2015,Steve Smith,WR,85.0
2014,DeAngelo Williams,RB,27.5
2021,A.J. Green,WR,102.8
2018,Tyler Boyd,WR,145.1
2023,Willie Snead,WR,1.4
2024,J.J. Taylor,RB,4.4
2021,Jamal Agnew,WR,46.0
2022,Jimmy Garoppolo,QB,166.7
2016,Melvin Gordon,RB,209.6
2015,Christine Michael,RB,34.3
2024,Kylen Granson,TE,18.2
2018,Darrius Heyward-Bey,WR,0.2
2018,Courtland Sutton,WR,94.3
2014,Darren Fells,TE,13.2
2021,Robert Woods,WR,90.2
2017,Arrelious Benn,WR,1.2
2021,Chris Herndon,TE,10.0
2019,Jordan Wilkins,RB,47.0
2014,Jerrel Jernigan,WR,3.8
2021,Demetric Felton,RB,32.5
2019,Ty Johnson,RB,36.2
2020,Devin Singletary,RB,116.3
2015,Antonio Andrews,RB,91.0
2024,Parker Washington,WR,57.0
2021,Trevor Lawrence,QB,205.0
2014,Aaron Dobson,WR,3.8
2017,Jermaine Kearse,WR,111.0
2017,Charles Clay,TE,69.3
2021,Rashaad Penny,RB,115.7
2020,Randall Cobb,WR,62.1
2023,Zack Moss,RB,140.6
2024,Tyquan Thornton,WR,4.7
2022,Ko Kieft,TE,14.0
2022,Dareke Young,WR,3.5
2015,Joseph Randle,RB,64.1
2017,Duke Johnson,RB,142.1
2018,Robert Tonyan,TE,13.7
2024,Amon-Ra St. Brown,WR,214.9
2019,Rhett Ellison,TE,22.7
2016,Daniel Lasco,RB,4.3
2020,AJ McCarron,QB,0.8
2024,Noah Gray,TE,74.8
2020,Odell Beckham Jr.,WR,63.8
2018,Victor Bolden,WR,1.0
2022,Gunner Olszewski,WR,9.2
2014,John Phillips,TE,6.1
2021,Ryan Nall,RB,0.8
2015,Devin Funchess,WR,88.6
2014,Riley Cooper,WR,73.7
2018,Deontay Burnett,WR,14.3
2015,Calvin Johnson,WR,173.4
2021,Sam Ehlinger,QB,0.9
2016,Tom Brady,QB,325.2
2020,Rob Gronkowski,TE,127.3
2014,Philip Rivers,QB,269.5
2018,James Conner,RB,221.0
2019,Tre'Quan Smith,WR,53.4
2016,Mike James,RB,4.1
2024,Skylar Thompson,QB,7.9
2015,Andrew Luck,QB,128.8
2022,Laviska Shenault Jr.,WR,45.7
2022,Malik Davis,RB,28.4
2015,Kamar Aiken,WR,122.4
2020,Tyreek Hill,WR,278.8
2021,Penny Hart,WR,5.9
2020,Cam Newton,QB,257.3
2023,Jalin Hyatt,WR,37.3
2024,Durham Smythe,TE,5.3
2019,Dawson Knox,TE,53.1
2022,Zach Pascal,WR,22.5
2021,Brandon Zylstra,WR,31.0
2020,Raheem Mostert,RB,83.7
2019,Justin Jackson,RB,22.2
2017,Robbie Chosen,WR,137.0
2019,Ryan Izzo,TE,17.4
2023,Mack Hollins,WR,25.1
2020,James Proche,WR,1.4
2023,Anthony McFarland,RB,1.1
2018,Antony Auclair,TE,4.8
2015,Brandon Bolden,RB,54.5
2022,Ty Montgomery,WR,7.3
2018,Pierre Garcon,WR,34.6
2022,Zach Gentry,TE,13.2
2021,J.D. McKissic,RB,84.9
2017,Ryan Malleck,TE,0.3
2019,Chad Beebe,WR,7.0
2015,Brandon Tate,WR,11.9
2015,Jeremy Maclin,WR,161.4
2015,Jeremy Ross,WR,9.0
2020,Brian Hill,RB,70.4
2020,Chris Godwin Jr.,WR,155.8
2020,Drew Lock,QB,185.4
2024,Jonnu Smith,TE,134.3
2017,Tyreek Hill,WR,174.3
2019,Jonnu Smith,TE,81.6
2015,Miles Austin,WR,28.4
2018,Eli Manning,QB,242.0
2015,Mike Vick,QB,30.7
2024,MyCole Pruitt,TE,10.0
2021,Damiere Byrd,WR,38.9
2020,Preston Williams,WR,52.8
2015,Alex Smith,QB,297.5
2019,Darren Waller,TE,131.0
2023,Samori Toure,WR,7.8
2017,Fitzgerald Toussaint,RB,3.4
2018,Paul Richardson,WR,39.1
2022,Jason Moore,WR,0.5
2014,Johnny Manziel,QB,11.9
2019,Raheem Mostert,RB,217.6
2015,Roddy White,WR,56.6
2024,Grant Calcaterra,TE,36.2
2019,Derrick Henry,RB,339.4
2019,Trevor Davis,WR,22.4
2020,DeAndre Carter,WR,2.8
2022,Kenny Golladay,WR,14.1
2020,Virgil Green,TE,11.0
2017,Terrance Williams,WR,58.3
2020,Chris Carson,RB,159.0
2018,Kirk Cousins,QB,286.1
2022,Malik Willis,QB,19.3
2014,Daniel Fells,TE,40.8
2024,Julius Chestnut,RB,11.3
2024,Drew Sample,TE,16.5
2016,Delanie Walker,TE,123.1
2014,Joe Banyard,RB,15.0
2017,Christian McCaffrey,RB,166.3
2018,Kerryon Johnson,RB,107.4
2020,Isaac Nauta,TE,0.3
2022,Tee Higgins,WR,165.7
2024,Brock Wright,TE,22.0
2022,Rex Burkhead,RB,34.4
2023,Xavier Hutchinson,WR,14.8
2024,Malachi Corley,WR,2.2
2016,Josh Doctson,WR,6.6
2018,Cooper Kupp,WR,95.1
2023,Jashaun Corbin,RB,1.3
2018,Nick Foles,QB,107.7
2019,Anthony Firkser,TE,42.9
2014,Michael Campanaro,WR,20.1
2018,Aldrick Robinson,WR,53.1
2020,Gabe Davis,WR,110.4
2021,Devine Ozigbo,RB,0.4
2016,Travis Kelce,TE,143.7
2016,Tyler Eifert,TE,69.4
2022,Cody White,WR,0.2
2017,Jeremy Hill,RB,13.2
2014,Chris Owusu,WR,22.1
2021,James White,RB,19.2
2018,Maxx Williams,TE,21.9
2022,Tyler Lockett,WR,159.2
2018,Austin Ekeler,RB,136.0
2018,Royce Freeman,RB,87.3
2024,Velus Jones Jr.,WR,1.9
2020,Luke Stocker,TE,6.3
2023,Bam Knight,RB,2.1
2022,J.J. Taylor,RB,1.7
2016,Jeff Heuerman,TE,14.1
2015,Spencer Ware,RB,89.5
2021,Dyami Brown,WR,16.1
2018,Rod Smith,RB,24.8
2018,Adam Shaheen,TE,12.1
2020,Kareem Hunt,RB,208.0
2023,Christian Kirk,WR,93.3
2016,Jay Ajayi,RB,192.8
2016,Marquess Wilson,WR,22.0
2019,Danny Amendola,WR,78.6
2020,Julian Edelman,WR,35.2
2023,Austin Ekeler,RB,134.4
2020,Tavon Austin,WR,2.0
2023,Andrei Iosivas,WR,35.6
2015,Scott Simonson,TE,1.0
2022,Van Jefferson,WR,54.9
2016,Brittan Golden,WR,12.2
2019,Brian Hill,RB,57.2
2018,Austin Hooper,TE,90.0
2019,John Franklin,WR,1.1
2017,Charcandrick West,RB,46.3
2020,Clyde Edwards-Helaire,RB,155.4
2021,Marlon Mack,RB,10.9
2016,Chris Harper,WR,13.3
2014,Charles Clay,TE,78.5
2020,Marcedes Lewis,TE,31.5
2014,Jermaine Kearse,WR,94.8
2024,Dalvin Cook,RB,3.0
2018,Chester Rogers,WR,67.7
2016,Connor Cook,QB,12.4
2015,Terrance Williams,WR,102.0
2018,Alfred Morris,RB,60.1
2024,David Martin-Robinson,TE,0.6
2021,Joe Mixon,RB,293.0
2019,Luke Falk,QB,10.6
2021,Tyler Huntley,QB,86.7
2020,A.J. Brown,WR,185.8
2021,Geno Smith,QB,56.3
2018,Tim White,WR,1.4
2019,Greg Olsen,TE,71.7
2017,Rhett Ellison,TE,35.5
2018,Laquon Treadwell,WR,36.2
2018,Chris Thompson,RB,50.6
2020,Reggie Gilliam,RB,7.6
2020,Jordan Howard,RB,29.7
2017,Mack Brown,RB,4.0
2023,Hunter Renfrow,WR,23.5
2014,Branden Oliver,RB,109.3
2022,Tyrie Cleveland,WR,2.8
2014,Bryan Walters,WR,5.5
2018,Geronimo Allison,WR,42.3
2016,Je'Ron Hamm,TE,1.3
2014,Edwin Baker,RB,0.2
2023,Deonte Harty,WR,24.7
2023,Braxton Berrios,WR,30.9
2016,Tommylee Lewis,WR,8.7
2024,Mo Alie-Cox,TE,20.7
2020,Quez Watkins,WR,16.6
2020,Steven Sims,WR,44.0
2022,Ryan Griffin,TE,2.6
2021,Cameron Batson,WR,9.0
2021,Giovani Bernard,RB,50.4
2018,Tyler Ervin,RB,3.5
2019,Cam Sims,WR,2.7
2015,Jeremy Langford,RB,123.6
2024,Joshua Dobbs,QB,30.8
2022,Trey McBride,TE,32.5
2016,Malcolm Johnson,RB,2.6
2021,Damien Williams,RB,44.7
2018,Doug Baldwin,WR,95.0
2023,Tony Pollard,RB,180.1
2017,Seth DeValve,TE,43.5
2014,Jake Locker,QB,65.9
2019,Alex Erickson,WR,57.2
2022,Tyler Huntley,QB,66.4
2021,Stephen Anderson,TE,22.5
2020,Austin Ekeler,RB,111.3
2024,Nikko Remigio,WR,4.8
2017,Luke Willson,TE,39.3
2022,Colby Parkinson,TE,45.6
2015,C.J. Fiedorowicz,TE,20.8
2019,Cody Core,WR,2.8
2024,Devaughn Vele,WR,65.5
2017,Kendall Wright,WR,67.4
2023,Allen Lazard,WR,37.1
2015,Julius Thomas,TE,75.5
2023,Kirk Cousins,QB,155.9
2017,Bobby Rainey,RB,2.0
2022,Raheem Mostert,RB,137.3
2018,Jalen Tolliver,WR,3.7
2014,Trevor Graham,WR,14.7
2016,Juwan Thompson,RB,8.6
2023,Allen Robinson,WR,29.2
2018,Julian Edelman,WR,173.7
2022,Frank Darby,WR,1.5
2018,Allen Hurns,WR,42.9
2018,Khari Lee,TE,0.5
2023,Jauan Jennings,WR,54.3
2019,Larry Fitzgerald,WR,102.4
2019,Jarius Wright,WR,28.9
2020,Javon Wims,WR,13.8
2021,Tevin Coleman,RB,40.5
2021,Mitchell Wilcox,TE,1.6
2023,Jonathan Mingo,WR,41.8
2023,Christian McCaffrey,RB,394.3
2019,C.J. Uzomah,TE,36.2
2024,Davis Mills,QB,9.6
2024,Tyreik McAllister,WR,1.1
2017,Rishard Matthews,WR,107.4
2022,Dan Arnold,TE,13.5
2024,Ronnie Bell,WR,2.2
2023,Joshua Dobbs,QB,204.5
2016,Chris Moore,WR,6.5
2021,Tyler Boyd,WR,134.1
2020,Penny Hart,WR,2.2
2020,Donald Parham,TE,33.9
2020,Peyton Barber,RB,51.0
2016,Dontrelle Inman,WR,105.0
2024,George Kittle,TE,158.6
2015,Bradley Marquez,WR,8.8
2024,Isaiah Hodgins,WR,1.2
2018,Andy Dalton,QB,174.5
2019,Darren Sproles,RB,9.0
2022,Cooper Rush,QB,56.6
2020,Dontrell Hilliard,RB,5.0
2021,Maxx Williams,TE,25.3
2014,Alshon Jeffery,WR,176.6
2016,Ryan Hewitt,TE,1.3
2021,Jacques Patrick,RB,1.2
2015,Ryan Mallett,QB,69.0
2024,Elijah Moore,WR,59.9
2023,Elijah Cooks,WR,3.8
2018,Jared Cook,TE,125.6
2016,Tom Savage,QB,19.6
2019,Dalyn Dawkins,RB,2.6
2022,Cameron Brate,TE,24.2
2019,Jake Kumerow,WR,30.2
2022,Austin Ekeler,RB,282.0
2016,Sammie Coates,WR,60.3
2023,Greg Dulcich,TE,2.5
2016,Jordan Payton,WR,0.3
2015,Khari Lee,TE,0.7
2019,Josh Oliver,TE,1.5
2020,Kyler Murray,QB,386.7
2023,Eric Gray,RB,7.0
2019,Josh Reynolds,WR,40.9
2021,Melvin Gordon,RB,167.1
2022,Phillip Lindsay,RB,6.8
2014,Jonathan Stewart,RB,146.4
2018,Mitchell Trubisky,QB,275.9
2021,Phillip Dorsett,WR,11.0
2016,Josh Perkins,TE,10.2
2021,Hunter Henry,TE,117.3
2024,Kevin Austin Jr.,WR,16.0
2016,George Atkinson,RB,9.4
2019,Royce Freeman,RB,99.2
2024,Charlie Woerner,TE,4.6
2020,K.J. Hill,WR,7.3
2018,Brandon Marshall,WR,19.6
2021,Matt Ryan,QB,226.8
2024,Isaiah Likely,TE,100.3
2017,Sammie Coates,WR,7.0
2021,Latavius Murray,RB,93.6
2016,Dez Bryant,WR,155.2
2018,Robbie Chosen,WR,106.4
2018,Jeremy McNichols,RB,0.4
2018,Jacob Hollister,TE,5.2
2020,Travis Kelce,TE,259.8
2024,Rhamondre Stevenson,RB,138.9
2021,Wayne Gallman,RB,12.5
2024,Tank Dell,WR,89.0
2016,Justin Forsett,RB,41.6
2016,Erik Swoope,TE,35.7
2018,John Kelly,RB,10.1
2015,Trey Burton,TE,5.4
2019,Tim Patrick,WR,21.8
2018,Gus Edwards,RB,88.1
2019,Damiere Byrd,WR,39.9
2021,Kareem Hunt,RB,86.0
2019,Deshaun Watson,QB,380.6
2024,Nick Mullens,QB,1.4
2020,Ty Johnson,RB,47.3
2022,Latavius Murray,RB,125.2
2024,Jamison Crowder,WR,22.1
2023,Marquez Valdes-Scantling,WR,54.3
2024,Allen Robinson,WR,3.0
2023,Bijan Robinson,RB,188.3
2023,Adam Trautman,TE,38.4
2018,Peyton Barber,RB,130.3
2017,Chad Hansen,WR,9.4
2019,Patrick Mahomes,QB,386.4
2017,Matt Hazel,WR,0.1
2022,Cordarrelle Patterson,RB,127.7
2024,Dan Chisena,WR,3.7
2015,Bruce Ellington,WR,16.0
2020,Gunner Olszewski,WR,14.5
2014,Jason Campbell,QB,3.1
2022,Justin Herbert,QB,299.4
2014,Phillip Supernaw,TE,3.0
2017,Matt Jones,RB,1.4
2020,Malcolm Brown,RB,90.4
2016,Niles Paul,TE,2.7
2019,Ryan Griffin,QB,0.6
2018,Antonio Gates,TE,56.9
2024,Nick Vannett,TE,31.5
2021,JaMycal Hasty,RB,29.1
2016,Aaron Rodgers,QB,458.4
2015,Virgil Green,TE,24.7
2017,Bryce Treggs,WR,8.5
2022,Julius Chestnut,RB,5.3
2017,Kenny Stills,WR,116.7
2014,Brian Tyms,WR,14.2
2015,Case Keenum,QB,45.6
2016,Matthew Slater,WR,0.5
2021,Austin Walter,RB,17.0
2019,Jakob Johnson,RB,0.5
2016,Andre Holmes,WR,41.6
2018,Corey Coleman,WR,7.6
2024,Drew Lock,QB,82.1
2021,David Sills,WR,1.7
2024,Christian Kirk,WR,43.9
2018,Evan Engram,TE,79.3
2016,T.Y. Hilton,WR,180.8
2018,Aaron Rodgers,QB,312.5
2020,Tre'Quan Smith,WR,89.6
2015,Lance Kendricks,TE,36.5
2021,Joshua Kelley,RB,12.0
2018,Darius Jackson,RB,1.6
2015,Charles D. Johnson,WR,12.7
2016,Jared Abbrederis,WR,0.8
2016,Gavin Escobar,TE,9.0
2018,Randall Cobb,WR,48.3
2021,C.J. Uzomah,TE,99.9
2024,Sam LaPorta,TE,125.7
2017,Latavius Murray,RB,158.1
2015,Jermaine Kearse,WR,123.3
2017,Cameron Brate,TE,95.1
2018,Terrance Williams,WR,1.8
2024,Aaron Shampklin,RB,1.7
2016,Chris Ivory,RB,74.5
2020,DJ Moore,WR,145.5
2022,Colt McCoy,QB,32.7
2017,Trey Burton,TE,60.0
2022,Trevon Wesco,TE,2.6
2023,Marcedes Lewis,TE,8.9
2022,Mark Andrews,TE,122.8
2016,Kapri Bibbs,RB,26.4
2023,Nick Muse,TE,2.2
2021,Cody Hollister,WR,3.3
2018,Derek Carr,QB,227.8
2023,A.T. Perry,WR,48.6
2020,Tony Pollard,RB,92.8
2021,Jalen Richard,RB,11.6
2018,Taysom Hill,TE,37.6
2020,Blake Jarwin,TE,1.2
2018,Vernon Davis,TE,48.7
2024,Jha'Quan Jackson,WR,0.3
2014,Vance McDonald,TE,1.0
2022,Reggie Gilliam,RB,12.9
2018,Amari Cooper,WR,163.6
2015,Brandin Cooks,WR,169.6
2018,Dwayne Harris,WR,5.2
2015,Vance McDonald,TE,50.6
2014,Allen Hurns,WR,103.7
2020,Levante Bellamy,RB,1.6
2024,Steven Sims,WR,1.9
2018,Trenton Cannon,RB,31.7
2023,Trevon Wesco,TE,2.1
2018,Keon Hatcher,WR,0.8
2016,Tyler Ervin,RB,2.1
2019,Sony Michel,RB,147.6
2024,Alvin Kamara,RB,197.3
2015,J.J. Nelson,WR,45.2
2016,Luke Stocker,TE,2.3
2016,Dak Prescott,QB,318.5
2015,Andy Dalton,QB,248.2
2017,Mike Wallace,WR,99.2
2020,Parris Campbell,WR,8.7
2021,Dare Ogunbowale,RB,37.1
2019,Christian Blake,WR,9.1
2020,Demarcus Robinson,WR,65.1
2019,Ryan Tannehill,QB,270.5
2021,Kenyan Drake,RB,72.5
2021,James Washington,WR,51.5
2023,Antoine Green,WR,0.2
2023,John Metchie III,WR,21.5
2023,Josh Downs,WR,89.1
2024,River Cracraft,WR,6.6
2021,Jason Moore,WR,5.6
2016,Torrey Smith,WR,44.7
2014,Dan Herron,RB,94.2
2017,Deshaun Watson,QB,166.8
2019,David Johnson,RB,105.5
2019,Taylor Gabriel,WR,61.3
2015,Jack Doyle,TE,13.2
2019,Ronald Jones,RB,135.3
2017,Maxx Williams,TE,13.2
2019,Blake Bell,TE,15.1
2015,Reggie Bush,RB,4.7
2020,Matt Barkley,QB,9.3
2015,Bernard Pierce,RB,1.8
2016,Travaris Cadet,RB,54.0
2015,Seth Roberts,WR,78.0
2021,Tom Brady,QB,412.7
2021,D'Andre Swift,RB,146.9
2021,Kirk Cousins,QB,304.3
2014,Maurice Jones-Drew,RB,16.7
2019,DJ Moore,WR,143.5
2015,Adam Humphries,WR,32.0
2015,Antonio Gates,TE,93.0
2020,John Ross,WR,1.7
2023,Jalen Hurts,QB,373.4
2017,Braxton Miller,WR,22.3
2023,Will Dissly,TE,23.2
2023,Noah Gray,TE,49.2
2024,D'Ernest Johnson,RB,23.9
2022,Davante Adams,WR,235.5
2024,Darius Slayton,WR,71.0
2022,Josiah Deguara,TE,11.4
2016,Charles Sims,RB,43.9
2019,Patrick DiMarco,RB,4.8
2023,Deshaun Watson,QB,82.9
2021,Kevin White,WR,3.8
2021,K.J. Osborn,WR,108.5
2020,Jonnu Smith,TE,100.1
2020,Samaje Perine,RB,54.7
2020,Marquez Valdes-Scantling,WR,125.1
2024,Malik Willis,QB,53.8
2020,Brandon Dillon,TE,0.6
2016,Landry Jones,QB,33.9
2017,Tanner Gentry,WR,3.5
2022,Bailey Zappe,QB,42.7
2017,Derek Anderson,QB,0.5
2014,Fozzy Whittaker,RB,42.9
2023,Xavier Gipson,WR,35.7
2015,Matt Forte,RB,168.7
2014,Robert Hughes,RB,15.7
2020,Marcus Johnson,WR,25.5
2022,Giovanni Ricci,TE,10.0
2016,Brent Celek,TE,15.5
2021,Chris Conley,WR,42.6
2024,DeeJay Dallas,RB,12.0
2017,Ryan Switzer,WR,4.6
2023,Adam Thielen,WR,126.0
2017,Kevin Hogan,QB,33.8
2017,Louis Murphy,WR,18.1
2022,Anthony Schwartz,WR,14.8
2019,Tom Brady,QB,270.0
2014,Denard Robinson,RB,90.6
2023,DeAndre Carter,WR,5.7
2024,Nico Collins,WR,168.9
2018,Tarik Cohen,RB,165.6
2017,Allen Hurns,WR,69.6
2024,Emari Demercado,RB,38.7
2022,Chris Godwin Jr.,WR,125.3
2023,Curtis Samuel,WR,95.2
2017,De'Veon Smith,RB,2.7
2019,J.D. McKissic,RB,49.8
2020,Ben DiNucci,QB,11.0
2016,Taylor Gabriel,WR,122.1
2016,Josh Bellamy,WR,37.9
2024,Kenny McIntosh,RB,19.4
2014,Matthew Stafford,QB,269.2
2016,Pierre Garcon,WR,122.1
2016,Alex Erickson,WR,7.1
2018,Dion Lewis,RB,101.7
2021,Cameron Brate,TE,52.3
2019,LeSean McCoy,RB,90.6
2019,Dontrell Hilliard,RB,26.1
2021,Garrett Gilbert,QB,7.8
2016,Carson Wentz,QB,213.0
2015,Jerome Simpson,WR,11.4
2014,Logan Paulsen,TE,11.8
2019,Chase Daniel,QB,26.0
2016,Stepfan Taylor,RB,1.2
2022,Marcus Kemp,WR,1.3
2014,Roddy White,WR,132.1
2018,Jordan Wilkins,RB,45.0
2023,KaVontae Turpin,WR,47.7
2016,Jordy Nelson,WR,221.7
2014,Zurlon Tipton,RB,29.6
2018,Kenny Stills,WR,95.4
2024,Carson Wentz,QB,4.7
2016,Ryan Grant,WR,7.6
2014,Rob Gronkowski,TE,222.8
2016,Marcus Mariota,QB,263.9
2022,Tre'Quan Smith,WR,33.8
2021,Kalif Raymond,WR,84.4
2017,Deonte Thompson,WR,70.2
2022,Ameer Abdullah,RB,29.1
2021,Marquez Callaway,WR,105.8
2019,Michael Gallup,WR,146.7
2017,Trevor Davis,WR,8.3
2017,Austin Traylor,TE,10.0
2020,Justin Watson,WR,9.4
2021,Jauan Jennings,WR,62.5
2015,Brandon Pettigrew,TE,12.7
2016,Sean McGrath,TE,2.5
2019,Deon Yelder,TE,6.1
2018,Tyler Conklin,TE,7.7
2015,Riley Cooper,WR,44.7
2023,Trey Sermon,RB,17.3
2020,Rex Burkhead,RB,82.6
2023,Brandon Bolden,RB,9.1
2022,Deshaun Watson,QB,85.5
2017,Darius Powe,WR,1.3
2017,Markus Wheaton,WR,5.1
2015,Jeremy Butler,WR,36.3
2022,Kendall Blanton,TE,3.5
2021,Tyron Johnson,WR,1.6
2014,Jordan Reed,TE,44.5
2015,Rishard Matthews,WR,90.6
2021,Samaje Perine,RB,67.1
2016,Shane Vereen,RB,27.2
2017,Alfred Blue,RB,37.6
2016,Gerald Christian,TE,1.4
2017,Kevin White,WR,0.6
2023,Tyler Boyd,WR,77.8
2017,Darrell Daniels,TE,2.6
2014,Mike Williams,WR,20.2
2024,Dyami Brown,WR,64.3
2016,Duke Johnson,RB,91.2
2014,John Carlson,TE,43.5
2021,Eric Saubert,TE,10.7
2017,Robert Turbin,RB,16.9
2021,KJ Hamler,WR,7.4
2020,Isaiah Wright,WR,21.3
2023,Leonard Fournette,RB,4.0
2014,Gary Barnidge,TE,15.6
2016,Peyton Barber,RB,31.1
2020,Daniel Jones,QB,186.2
2016,Dion Lewis,RB,60.9
2023,George Pickens,WR,150.3
2022,Russell Wilson,QB,229.0
2014,Nic Jacobs,TE,7.6
2022,James Conner,RB,154.2
2014,Joe Webb,QB,1.6
2022,Harrison Bryant,TE,30.7
2023,Mitchell Wilcox,TE,5.6
2022,Tyler Conklin,TE,73.5
2016,Cameron Brate,TE,114.0
2020,Alexander Mattison,RB,73.9
2015,Garrett Celek,TE,36.6
2023,Nick Vannett,TE,0.3
2021,Preston Williams,WR,7.8
2017,Dwayne Washington,RB,5.8
2016,Ameer Abdullah,RB,21.8
2018,Golden Tate,WR,119.3
2020,JuJu Smith-Schuster,WR,156.8
2022,Hayden Hurst,TE,71.5
2020,C.J. Board,WR,10.4
2018,Mark Sanchez,QB,0.3
2020,Senorise Perry,RB,0.9
2023,Skyy Moore,WR,32.7
2023,Jake Bobo,WR,37.9
2015,Jeff Cumberland,TE,7.7
2018,T.J. Logan,RB,3.9
2023,Patrick Ricard,RB,11.2
2023,Trevor Siemian,QB,30.9
2016,Tavon Austin,WR,88.8
2020,Cole Kmet,TE,35.6
2021,Blake Bell,TE,10.0
2018,Taylor Heinicke,QB,13.9
2020,Josiah Deguara,TE,1.2
2024,Najee Harris,RB,174.4
2015,Vincent Brown,WR,2.2
2014,Jeff Janis,WR,1.6
2016,Jeff Janis,WR,25.1
2017,Benny Cunningham,RB,36.9
2023,Kevin Harris,RB,18.3
2023,De'Von Achane,RB,166.7
2014,Khiry Robinson,RB,58.5
2018,Andre Holmes,WR,16.2
2014,Case Keenum,QB,24.9
2018,Equanimeous St. Brown,WR,33.3
2019,Damion Ratley,WR,26.0
2019,Jaron Brown,WR,32.0
2020,Miles Sanders,RB,138.4
2020,Joshua Dobbs,QB,2.1
2015,Larry Donnell,TE,34.3
2019,Mike Glennon,QB,4.2
2018,Vance McDonald,TE,83.0
2020,Jared Goff,QB,266.2
2014,Allen Robinson,WR,66.8
2015,Brittan Golden,WR,0.5
2024,Deven Thompkins,WR,2.7
2017,Joe Webb,QB,4.8
2022,Justin Fields,QB,298.0
2022,Khalil Shakir,WR,31.2
2024,Hayden Hurst,TE,7.3
2018,Michael Roberts,TE,28.0
2017,Alex Collins,RB,148.0
2017,Maurice Harris,WR,12.2
2015,Hakeem Nicks,WR,5.4
2023,D'Andre Swift,RB,166.9
2015,Maxx Williams,TE,32.8
2021,MyCole Pruitt,TE,32.5
2020,Jordan Wilkins,RB,47.3
2015,Crockett Gillmore,TE,65.2
2018,Danny Amendola,WR,68.4
2020,Blake Bell,TE,11.2
2015,Jay Ajayi,RB,33.7
2020,Courtland Sutton,WR,6.6
2017,Mitchell Trubisky,QB,136.6
2014,Brandon Marshall,WR,118.1
2015,Emmanuel Sanders,WR,173.4
2018,Dak Prescott,QB,332.6
2016,Alshon Jeffery,WR,94.1
2024,Dee Eskridge,WR,4.4
2019,Russell Wilson,QB,369.5
2014,Donald Brown,RB,43.4
2023,Taysom Hill,TE,110.5
2020,Keke Coutee,WR,54.0
2019,Marcedes Lewis,TE,23.0
2024,Evan Engram,TE,40.5
2017,Trey Edmunds,RB,10.8
2016,Jacquizz Rodgers,RB,77.8
2020,Reggie Bonnafon,RB,14.7
2024,Julian Hill,TE,10.0
2020,Joe Flacco,QB,54.7
2014,James Wright,WR,12.1
2018,Carson Wentz,QB,202.4
2015,Andrew Turzilli,WR,2.5
2021,Pat Freiermuth,TE,92.2
2023,Jameis Winston,QB,11.9
2020,Curtis Samuel,WR,135.1
2014,Luke Willson,TE,68.1
2022,Mark Ingram,RB,32.1
2024,Chris Oladokun,QB,0.5
2016,Richard Rodgers,TE,48.5
2016,Tavarres King,WR,18.3
2022,Romeo Doubs,WR,59.6
2020,Ryan Nall,RB,12.7
2017,Bruce Ellington,WR,46.7
2015,Ted Ginn,WR,161.8
2024,Jaleel McLaughlin,RB,73.0
2014,Peyton Hillis,RB,20.2
2022,Treylon Burks,WR,55.1
2021,Devonta Freeman,RB,112.6
2022,J.K. Dobbins,RB,90.7
2017,Jesse James,TE,56.4
2019,Darrell Henderson,RB,18.4
2018,Chris Herndon,TE,74.2
2022,D'Ernest Johnson,RB,2.4
2019,Tommy Sweeney,TE,11.4
2022,Dax Milne,WR,9.7
2024,Dorian Thompson-Robinson,QB,17.8
2024,James Proche,WR,2.1
2023,Jonathan Taylor,RB,137.4
2023,Chig Okonkwo,TE,59.4
2023,Tua Tagovailoa,QB,284.9
2021,Kirk Merritt,WR,1.3
2018,Antonio Brown,WR,219.7
2015,Chris Conley,WR,36.1
2019,Josh McCown,QB,10.1
2021,Alex Armah,RB,8.2
2016,Golden Tate,WR,132.6
2023,Tyler Goodson,RB,12.1
2018,Eric Tomlinson,TE,7.2
2017,Ben Koyack,TE,12.0
2024,Tutu Atwell,WR,58.7
2017,Willie Snead,WR,11.7
2015,Alex Tanney,QB,8.0
2016,Freddie Martino,WR,20.2
2021,Mason Rudolph,QB,18.4
2022,Devin Duvernay,WR,73.1
2014,Terrance West,RB,101.7
2019,Chris Godwin Jr.,WR,188.1
2023,Emari Demercado,RB,52.3
2017,C.J. Anderson,RB,145.1
2022,Mike Strachan,WR,5.9
2023,Brandon Powell,WR,40.1
2019,Golden Tate,WR,105.2
2024,Ladd McConkey,WR,182.6
2020,Gardner Minshew,QB,165.5
2017,Devontae Booker,RB,61.4
2022,James Proche,WR,4.2
2015,Stefon Diggs,WR,100.5
2019,Benjamin Watson,TE,21.1
2022,Adam Trautman,TE,26.7
2019,Adam Humphries,WR,52.0
2018,Derrick Willies,WR,6.1
2016,Percy Harvin,WR,1.7
2018,Mike Davis,RB,106.0
2021,Justin Jefferson,WR,222.4
2021,Kyle Rudolph,TE,31.7
2023,Chris Rodriguez Jr.,RB,35.9
2017,Alex Erickson,WR,25.6
2022,Jerome Ford,RB,1.2
2024,Devin Singletary,RB,75.6
2014,Michael Cox,RB,4.2
2016,Jeremy Butler,WR,1.1
2023,Colton Dowell,WR,0.3
2017,Ted Ginn,WR,132.4
2021,Marquez Valdes-Scantling,WR,61.0
2022,Garrett Wilson,WR,132.7
2015,Ronnie Hillman,RB,143.5
2015,Jason Avant,WR,18.8
2022,Jacob Harris,WR,0.6
2019,Chris Hogan,WR,6.7
2019,Ted Ginn,WR,57.7
2016,Steve Smith,WR,109.9
2018,Charone Peake,WR,2.5
2018,Marcell Ateman,WR,21.4
2014,Bernard Pierce,RB,54.6
2024,Hunter Henry,TE,79.4
2018,Michael Gallup,WR,82.4
2022,Christian Watson,WR,123.1
2015,John Brown,WR,153.2
2015,Josh Freeman,QB,10.4
2016,Bryan Walters,WR,35.5
2021,Dede Westbrook,WR,6.8
2016,Zach Zenner,RB,83.8
2018,Matt LaCosse,TE,31.0
2022,T.Y. Hilton,WR,15.9
2015,Keith Mumphery,WR,12.9
2016,Frank Gore,RB,176.2
2019,Brett Hundley,QB,6.1
2023,Davis Mills,QB,15.7
2019,Antonio Brown,WR,12.1
2024,Tucker Kraft,TE,114.9
2019,A.J. Brown,WR,172.4
2019,Mohamed Sanu,WR,66.2
2023,PJ Walker,QB,23.9
2022,Jesper Horsted,TE,1.9
2023,Nick Mullens,QB,66.6
2020,Patrick Laird,RB,12.0
2015,Tarvaris Jackson,QB,0.7
2017,Davante Adams,WR,148.5
2014,MarQueis Gray,TE,13.4
2017,Aaron Jones,RB,71.0
2020,Quintez Cephus,WR,46.9
2024,Pierre Strong,RB,21.2
2021,Kene Nwangwu,RB,7.0
2019,Chris Conley,WR,107.5
2020,James White,RB,67.6
2017,Tavon Austin,WR,37.7
2015,Michael Hoomanawanui,TE,23.6
2023,Tutu Atwell,WR,79.2
2017,Jay Ajayi,RB,134.5
2023,Brian Robinson,RB,160.1
2021,Malik Taylor,WR,1.4
2019,Julian Edelman,WR,164.5
2018,Greg Olsen,TE,53.1
2020,KJ Hamler,WR,60.1
2020,Theo Riddick,RB,5.7
2014,Giovani Bernard,RB,150.1
2020,Cullen Gillaspia,RB,0.6
2016,John Brown,WR,64.7
2021,J.J. Taylor,RB,14.5
2023,Michael Thomas,WR,50.8
2022,Cole Beasley,WR,16.3
2018,Will Fuller,WR,74.3
2015,Torrey Smith,WR,90.3
2014,Junior Hemingway,WR,10.8
2014,Jarrett Boykin,WR,2.3
2018,Mike Williams,WR,146.2
2023,Steven Sims,WR,2.6
2024,Rashee Rice,WR,40.9
2024,Britain Covey,WR,3.4
2016,A.J. Derby,TE,14.0
2024,Ben Sims,TE,4.2
2017,Drew Stanton,QB,50.4
2024,Quintin Morris,TE,9.6
2019,Zach Ertz,TE,130.0
2018,Joe Mixon,RB,200.4
2017,Dontrelle Inman,WR,40.3
2016,Rashard Higgins,WR,7.7
2019,Mecole Hardman,WR,93.8
2015,Terrance West,RB,21.2
2023,Keaontay Ingram,RB,10.0
2019,Courtland Sutton,WR,150.4
2017,A.J. Green,WR,151.8
2018,Frank Gore,RB,90.6
2021,Odell Beckham Jr.,WR,127.5
2014,Isaiah Crowell,RB,113.4
2017,Joe Mixon,RB,111.3
2015,Zach Zenner,RB,7.1
2018,Davante Adams,WR,216.6
2024,Luke Farrell,TE,6.7
2020,Nick Mullens,QB,122.2
2015,Anthony Dixon,RB,14.8
2021,Dan Arnold,TE,38.8
2015,Dan Herron,RB,12.6
2021,Davis Mills,QB,155.0
2021,Nick Vannett,TE,19.3
2023,Gardner Minshew,QB,202.2
2016,Phillip Dorsett,WR,65.8
2019,John Ursua,WR,1.1
2021,Chris Godwin Jr.,WR,144.4
2017,Marcus Murphy,RB,4.8
2020,Dalton Schultz,TE,83.5
2017,Justin Hardy,WR,40.4
2014,Cameron Brate,TE,1.7
2019,Greg Ward,WR,34.6
2014,Orleans Darkwa,RB,13.1
2016,Kenny Britt,WR,128.2
2020,Maxx Williams,TE,16.2
2024,Cody White,WR,4.4
2019,Ryan Nall,RB,0.8
2022,Sam Howell,QB,18.3
2021,Isaiah Ford,WR,28.1
2024,Jacoby Brissett,QB,45.2
2021,Parker Hesse,TE,4.3
2019,Josh Ferguson,RB,0.9
2024,Gus Edwards,RB,63.3
2015,Seyi Ajirotutu,WR,0.4
2023,Byron Pringle,WR,16.1
2017,Ryan Griffin,TE,21.8
2024,Keaton Mitchell,RB,5.8
2014,EJ Manuel,QB,58.7
2024,Diontae Johnson,WR,57.3
2024,Mike Gesicki,TE,76.5
2015,C.J. Anderson,RB,155.6
2016,Knile Davis,RB,5.3
2014,LeGarrette Blount,RB,125.0
2024,Khalil Herbert,RB,21.5
2014,John Brown,WR,102.4
2014,Heath Miller,TE,97.7
2019,George Kittle,TE,144.6
2021,Zach Ertz,TE,108.8
2022,Cam Sims,WR,8.9
2022,Scott Miller,WR,19.3
2023,Darius Slayton,WR,101.0
2022,Dwayne Washington,RB,4.5
2016,Paul McRoberts,WR,0.6
2018,J.J. Nelson,WR,6.4
2016,Joe Webb,QB,0.3
2015,Rashad Ross,WR,24.6
2022,Cole Kmet,TE,97.3
2016,Todd Gurley,RB,155.2
2018,Baker Mayfield,QB,240.0
2017,Michael Hoomanawanui,TE,11.2
2023,Quintin Morris,TE,8.6
2016,Derek Carrier,TE,1.0
2024,Christian McCaffrey,RB,32.8
2023,Devine Ozigbo,RB,1.3
2023,Jamal Agnew,WR,26.3
2019,Senorise Perry,RB,0.4
2021,Royce Freeman,RB,24.6
2020,Tyler Kroft,TE,29.9
2022,Stone Smartt,TE,1.7
2023,Gary Brightwell,RB,6.6
2016,Markus Wheaton,WR,11.1
2015,Allen Robinson,WR,224.0
2019,Durham Smythe,TE,6.5
2016,Devin Funchess,WR,61.1
2017,Sam Bradford,QB,26.9
2024,Feleipe Franks,TE,1.2
2021,Mark Andrews,TE,190.1
2024,Shane Zylstra,TE,2.2
2024,Jacob Kibodi,RB,3.9
2020,Mike Glennon,QB,60.5
2022,Josh Jacobs,RB,275.3
2015,Luke Willson,TE,32.7
2015,Knile Davis,RB,19.1
2014,Donte Moncrief,WR,78.7
2022,Jarrett Stidham,QB,44.7
2014,Cordarrelle Patterson,RB,62.1
2014,Kevin Ogletree,WR,5.0
2017,Mike Evans,WR,130.1
2023,Johnny Mundt,TE,23.2
2016,DuJuan Harris,RB,27.3
2017,Doug Baldwin,WR,146.3
2017,Jacoby Brissett,QB,210.0
2023,Sean Clifford,QB,1.3
2021,A.J. Brown,WR,138.1
2020,Jesse James,TE,24.9
2024,Jeremy McNichols,RB,59.7
2020,Davante Adams,WR,268.7
2024,Rashod Bateman,WR,150.6
2019,Kareem Hunt,RB,64.4
2021,Kenny Gainwell,RB,99.9
2023,Collin Johnson,WR,1.1
2023,Travis Etienne,RB,220.4
2016,Seth DeValve,TE,24.7
2014,Victor Cruz,WR,39.7
2022,Patrick Mahomes,QB,472.5
2017,Tyrell Williams,WR,94.8
2016,Le'Veon Bell,RB,288.4
2016,Mark Ingram,RB,192.2
2016,Jordan Taylor,WR,30.9
2020,DeVante Parker,WR,103.3
2021,Tyree Jackson,TE,8.2
2015,Antone Smith,RB,1.1
2017,Jordy Nelson,WR,84.2
2021,Julio Jones,WR,55.6
2021,Trey Sermon,RB,25.3
2021,Freddie Swain,WR,61.5
2020,Jalen Hurts,QB,108.2
2019,Adam Thielen,WR,100.6
2017,Pierre Garcon,WR,50.0
2014,Tony Moeaki,TE,19.4
2015,Ameer Abdullah,RB,92.0
2017,Benjamin Watson,TE,76.2
2014,Andre Caldwell,WR,4.7
2016,Sam Bradford,QB,230.9
2018,Taywan Taylor,WR,50.6
2020,Malcolm Perry,RB,15.7
2014,Timothy Wright,TE,61.7
2018,Cordarrelle Patterson,RB,75.7
2024,Cedrick Wilson Jr.,WR,31.9
2017,Kaelin Clay,WR,14.4
2015,Troy Niklas,TE,15.3
2021,Cooper Kupp,WR,374.8
2016,Doug Martin,RB,71.5
2014,Steve Smith,WR,161.0
2017,Kenny Britt,WR,37.6
2017,T.J. Yates,QB,36.0
2017,Jamison Crowder,WR,100.3
2022,Corey Clement,RB,16.9
2017,Theo Riddick,RB,101.0
2021,Tre' McKitty,TE,4.5
2018,Travaris Cadet,RB,2.2
2019,Gus Edwards,RB,87.6
2015,Matt McGloin,QB,11.7
2022,Quintin Morris,TE,14.2
2019,Bilal Powell,RB,26.2
2024,Josh Downs,WR,111.5
2022,Donald Parham,TE,21.3
2016,Greg Olsen,TE,125.3
2022,Kyle Rudolph,TE,8.8
2022,Daniel Jones,QB,322.5
2015,Sammy Watkins,WR,158.8
2023,David Moore,WR,29.1
2023,C.J. Beathard,QB,21.5
2019,Steven Mitchell,WR,3.7
2024,Jayden Daniels,QB,420.1
2017,Thomas Rawls,RB,23.1
2024,Harrison Bryant,TE,8.6
2018,Chase Edmonds,RB,43.1
2014,Jeff Maehl,WR,4.6
2021,Geoff Swaim,TE,39.0
2014,Benny Cunningham,RB,81.8
2014,Justin Forsett,RB,224.2
2018,Cameron Batson,WR,8.3
2020,Tom Brady,QB,420.1
2017,Rob Kelley,RB,39.2
2019,Vernon Davis,TE,18.3
2017,Landry Jones,QB,10.6
2021,Jalen Hurts,QB,322.4
2017,Drew Brees,QB,303.2
2019,Seth Roberts,WR,42.1
2024,Terry McLaurin,WR,226.5
2021,D'Onta Foreman,RB,91.5
2019,Sterling Shepard,WR,82.8
2022,Devin Singletary,RB,150.9
2023,Nick Bawden,RB,8.5
2024,Davante Adams,WR,154.3
2018,Willie Snead,WR,77.4
2021,Mecole Hardman,WR,111.5
2017,Tyler Kroft,TE,82.4
2015,Geno Smith,QB,20.0
2014,DeAndre Hopkins,WR,155.0
2024,Austin Trammell,WR,4.0
2018,Austin Seferian-Jenkins,TE,15.0
2019,Tony Pollard,RB,72.2
2015,Andre Roberts,WR,13.5
2016,C.J. Anderson,RB,86.5
2024,Jaylen Warren,RB,88.6
2015,Jonathan Grimes,RB,60.2
2017,Philip Rivers,QB,272.5
2020,Cethan Carter,TE,5.3
2020,Justin Jefferson,WR,182.2
2021,Denzel Mims,WR,13.3
2019,Josh Allen,QB,313.9
2023,Simi Fehoko,WR,6.9
2022,Jalen Guyton,WR,6.4
2015,Jordan Norwood,WR,23.3
2019,Trevor Siemian,QB,0.1
2022,AJ Dillon,RB,139.6
2015,Kellen Davis,TE,7.8
2019,Mike Gesicki,TE,85.0
2019,Diontae Johnson,WR,100.1
2019,Preston Williams,WR,58.8
2020,Will Fuller,WR,135.9
2017,Noah Brown,WR,3.3
2014,Steve Johnson,WR,61.5
2018,Ian Thomas,TE,45.3
2024,Isaac Guerendo,RB,81.2
2021,Lamar Jackson,QB,238.0
2014,Keenan Allen,WR,100.3
2017,Shelton Gibson,WR,1.1
2018,Jehu Chesson,WR,0.3
2022,Richie James,WR,89.7
2017,Garrett Celek,TE,57.6
2020,DeAndre Washington,RB,12.1
2016,Andrew Hawkins,WR,50.4
2016,Tajae Sharpe,WR,64.3
2017,Pharoh Cooper,WR,9.0
2019,Jaeden Graham,TE,20.9
2022,Tua Tagovailoa,QB,233.0
2017,Stevan Ridley,RB,16.8
2016,Cecil Shorts,WR,15.2
2022,Joseph Fortson,TE,22.8
2023,Jordan Mason,RB,41.7
2023,Kadarius Toney,WR,26.0
2020,Ryan Tannehill,QB,347.5
2016,Terrell Watson,RB,9.3
2023,KhaDarel Hodge,WR,23.2
2017,DeVante Parker,WR,73.0
2019,Ventell Bryant,WR,7.5
2022,Spencer Brown,RB,5.3
2021,Tarik Black,WR,1.0
2014,Kendall Wright,WR,110.9
2020,Travis Fulgham,WR,77.9
2021,Boston Scott,RB,95.1
2020,George Kittle,TE,77.1
2016,Brenton Bersin,WR,1.7
2021,Sammy Watkins,WR,43.4
2014,Adam Thielen,WR,19.7
2024,Blake Watson,RB,2.3
2023,Donovan Peoples-Jones,WR,15.5
2021,La'Mical Perine,RB,3.1
2015,Tyler Eifert,TE,145.3
2016,Mike Thomas,WR,3.7
2019,Bennie Fowler,WR,21.3
2021,Jakeem Grant,WR,26.5
2023,Jonnu Smith,TE,74.2
2015,Brenton Bersin,WR,9.9
2021,AJ Dillon,RB,160.1
2015,Rueben Randle,WR,127.7
2020,J.K. Dobbins,RB,165.5
2017,Austin Hooper,TE,72.4
2015,T.Y. Hilton,WR,142.4
2020,Mo Alie-Cox,TE,52.6
2023,Lawrence Cager,TE,9.6
2020,Geno Smith,QB,1.1
2019,Antonio Callaway,WR,8.9
2015,Markus Wheaton,WR,108.2
2014,Brandon Gibson,WR,35.5
2023,Jerome Ford,RB,168.4
2014,Knowshon Moreno,RB,21.6
2018,Levine Toilolo,TE,32.3
2020,Adrian Peterson,RB,112.5
2024,Hunter Luepke,RB,14.9
2018,Philip Rivers,QB,308.0
2016,Eric Decker,WR,31.4
2023,Juwan Johnson,TE,60.8
2020,N'Keal Harry,TE,40.9
2023,Aidan O'Connell,QB,129.8
2015,De'Anthony Thomas,WR,29.4
2021,Dee Eskridge,WR,18.3
2023,Dare Ogunbowale,RB,7.3
2020,Ryan Finley,QB,19.2
2016,David Fales,QB,0.9
2020,Andy Dalton,QB,135.9
2024,Jarrett Stidham,QB,0.5
2019,Keelan Doss,WR,13.3
2018,Joshua Dobbs,QB,0.9
2020,Mike Evans,WR,211.0
2016,Terrance West,RB,137.0
2019,Rashard Higgins,WR,11.5
2016,Andrew Luck,QB,309.6
2020,Rashaad Penny,RB,3.4
2023,Alex Armah,RB,1.3
2024,Raheem Mostert,RB,51.9
2022,Travis Kelce,TE,254.0
2019,Tyrone Swoopes,TE,0.5
2014,Eric Weems,WR,22.2
2022,Kyler Murray,QB,192.6
2017,Jaron Brown,WR,71.7
2020,Trenton Cannon,RB,4.9
2020,KhaDarel Hodge,WR,18.0
2017,Corey Clement,RB,103.6
2017,Geoff Swaim,TE,2.5
2015,James Hanna,TE,7.9
2016,DeMarcus Ayers,WR,12.8
2018,Allen Robinson,WR,118.6
2014,Marcedes Lewis,TE,32.6
2023,Tyrod Taylor,QB,87.3
2016,LeSean McCoy,RB,246.3
2020,Daurice Fountain,WR,2.3
2015,Brandon LaFell,WR,53.0
2018,Jonathan Stewart,RB,1.7
2015,Andrew Hawkins,WR,25.6
2017,Jeremy Kerley,WR,27.7
2021,Chris Moore,WR,34.7
2016,Paxton Lynch,QB,28.4
2024,Brevyn Spann-Ford,TE,8.8
2021,Curtis Samuel,WR,3.8
2023,Darnell Washington,TE,6.1
2016,Jamaal Charles,RB,11.4
2023,Harrison Bryant,TE,31.4
2016,Ross Travis,TE,1.5
2018,Jacquizz Rodgers,RB,45.0
2020,Colin Thompson,TE,6.7
2020,Jeremy Sprinkle,TE,1.4
2022,Kendrick Bourne,WR,53.3
2024,Luke Musgrave,TE,4.5
2020,Jonathan Taylor,RB,231.2
2017,Brandin Cooks,WR,169.8
2014,Bilal Powell,RB,29.3
2018,Noah Brown,WR,7.3
2024,Devin Culp,TE,8.8
2015,Nelson Agholor,WR,34.3
2015,Ka'Deem Carey,RB,33.8
2021,Deonte Harty,WR,79.1
2023,Brenton Strange,TE,9.5
2016,Chris Hogan,WR,136.1
2019,Laquon Treadwell,WR,24.4
2016,Nick Williams,WR,5.9
2014,Austin Pettis,WR,17.8
2019,James O'Shaughnessy,TE,27.3
2019,J.J. Nelson,WR,9.6
2021,Taysom Hill,TE,117.8
2023,Michael Mayer,TE,42.4
2019,Deontay Burnett,WR,5.3
2021,Devin Singletary,RB,190.3
2015,Isaiah Crowell,RB,118.8
2021,Chris Streveler,QB,2.0
2024,Jonathan Ward,RB,2.2
2016,Nick Boyle,TE,4.4
2022,Brycen Hopkins,TE,10.9
2017,T.J. Jones,WR,45.9
2018,Nathan Peterman,QB,12.8
2014,Shaun Draughn,RB,1.9
2022,Racey McMath,WR,4.4
2015,Terron Ward,RB,22.8
2022,MyCole Pruitt,TE,39.0
2014,Chris Polk,RB,42.8
2014,Mark Sanchez,QB,141.5
2020,De'Michael Harris,WR,12.5
2020,Darrius Shepherd,WR,4.6
2024,Tyler Goodson,RB,33.4
2022,Ben Ellefson,TE,2.6
2023,Stephen Sullivan,TE,12.5
2019,Paul Richardson,WR,36.5
2014,Matt McGloin,QB,5.5
2017,Travis Rudolph,WR,10.1
2023,Jacoby Brissett,QB,22.9
2020,Dede Westbrook,WR,0.4
2016,Rashad Ross,WR,0.8
2023,Ronnie Bell,WR,24.8
2017,Marlon Mack,RB,82.3
2017,Kirk Cousins,QB,285.6
2020,Patrick Ricard,RB,12.1
2023,James Mitchell,TE,2.8
2019,Patrick Ricard,RB,10.7
2021,Mike Williams,WR,168.6
2023,Odell Beckham Jr.,WR,75.9
2014,Jarvis Landry,WR,105.4
2018,Alan Cross,TE,0.9
2016,Charlie Whitehurst,QB,9.4
2023,Rashod Bateman,WR,48.6
2022,Tony Pollard,RB,222.0
2016,Rishard Matthews,WR,146.5
2021,Brock Wright,TE,23.7
2017,Samaje Perine,RB,86.5
2020,Russell Gage,WR,109.1
2017,Freddie Martino,WR,9.6
2017,Danny Vitale,RB,1.9
2024,Chase Brown,RB,199.0
2022,Carson Wentz,QB,110.8
2018,Zach Pascal,WR,42.5
2015,Charles Clay,TE,70.8
2016,Quincy Enunwa,WR,110.9
2024,K.J. Osborn,WR,11.7
2021,Jimmy Garoppolo,QB,253.4
2018,Josh Doctson,WR,65.2
2014,Brandon Lloyd,WR,35.4
2021,Shi Smith,WR,10.1
2024,Braelon Allen,RB,66.2
2014,Kyle Rudolph,TE,35.1
2024,James Cook,RB,286.3
2023,Jake Funk,RB,2.2
2016,Matthew Stafford,QB,291.4
2021,Mike White,QB,42.0
2023,Pierre Strong,RB,37.8
2015,Charcandrick West,RB,129.9
2022,DeAndre Hopkins,WR,87.7
2018,Cam Phillips,WR,0.9
2014,Crockett Gillmore,TE,27.1
2015,Lamar Miller,RB,184.9
2020,Darwin Thompson,RB,26.2
2017,Kamar Aiken,WR,13.3
2021,Cooper Rush,QB,26.1
2023,Blaine Gabbert,QB,5.9
2014,Niles Paul,TE,54.7
2021,Marcus Kemp,WR,2.4
2022,Skylar Thompson,QB,28.6
2021,Marquise Brown,WR,137.3
2023,Derek Carr,QB,241.1
2024,KaVontae Turpin,WR,61.2
2021,Jack Stoll,TE,2.2
2022,Tyler Mabry,TE,6.7
2017,DeAndrew White,WR,2.4
2024,Stone Smartt,TE,18.8
2015,Matt LaCosse,TE,2.2
2022,Mason Schreck,TE,0.6
2017,Aldrick Robinson,WR,38.0
2016,Matt Barkley,QB,74.8
2018,Chris Godwin Jr.,WR,124.2
2019,Chris Manhertz,TE,1.1
2022,Daylen Baldwin,WR,2.5
2016,Joique Bell,RB,0.4
2015,T.J. Yates,QB,24.9
2019,Troymaine Pope,RB,9.4
2016,Griff Whalen,WR,2.2
2021,Javonte Williams,RB,161.9
2022,Laquon Treadwell,WR,4.2
2015,Steve Johnson,WR,67.7
2017,Garrett Griffin,TE,0.4
2015,Joique Bell,RB,83.7
2015,Kellen Clemens,QB,6.4
2019,Jaleel Scott,WR,0.6
2023,Jonathan Ward,RB,1.1
2019,Nelson Agholor,WR,53.0
2023,Tyrion Davis-Price,RB,2.1
2014,Kerwynn Williams,RB,28.0
2021,Phillip Lindsay,RB,41.4
2024,Jalen Coker,WR,60.6
2021,Henry Ruggs III,WR,60.5
2015,Kevin Smith,WR,6.4
2015,Marquise Goodwin,WR,2.4
2014,Jerricho Cotchery,WR,68.4
2017,Alshon Jeffery,WR,172.8
2017,Peyton Barber,RB,69.7
2024,Kameron Johnson,WR,1.1
2016,Blake Bortles,QB,276.1
2024,Adonai Mitchell,WR,30.8
2024,Tony Jones,RB,11.5
2018,Ezekiel Elliott,RB,287.6
2019,Christian Kirk,WR,98.2
2016,Will Fuller,WR,80.5
2018,DJ Moore,WR,104.0
2016,Joe Flacco,QB,238.5
2022,Brett Rypien,QB,20.0
2023,Noah Fant,TE,41.4
2019,Peyton Barber,RB,98.5
2016,Brandon Bolden,RB,1.9
2021,Ty Montgomery,WR,13.9
2018,David Johnson,RB,194.6
2015,Travis Kelce,TE,128.6
2022,Jaret Patterson,RB,7.8
2016,C.J. Prosise,RB,44.0
2020,Brandon Powell,WR,17.6
2024,Teddy Bridgewater,QB,0.1
2022,K.J. Osborn,WR,103.6
2023,River Cracraft,WR,21.4
2018,T.Y. Hilton,WR,183.5
2021,Marvin Hall,WR,1.0
2017,Dalvin Cook,RB,54.4
2021,Ja'Marr Chase,WR,269.6
2023,Jalen Nailor,WR,2.9
2019,James Washington,WR,89.5
2015,Andre Williams,RB,32.4
2022,Dennis Houston,WR,1.6
2023,Tyler Johnson,WR,6.8
2016,Andre Roberts,WR,24.8
2023,D'Onta Foreman,RB,80.2
2017,Brandon Coleman,WR,54.8
2019,Austin Carr,WR,0.9
2016,Josh McCown,QB,58.1
2014,Roy Helu,RB,85.3
2022,Ja'Marr Chase,WR,189.7
2017,Julio Jones,WR,190.7
2018,Benny Cunningham,RB,3.1
2024,Raheem Blackshear,RB,8.0
2017,Martavis Bryant,WR,94.3
2024,Kimani Vidal,RB,27.7
2021,Rondale Moore,WR,60.3
2024,Parris Campbell,WR,9.0
2020,Nyheim Hines,RB,136.5
2019,Ross Travis,TE,3.1
2016,Reggie Bush,RB,14.7
2021,Kendrick Bourne,WR,146.6
2023,Reggie Gilliam,RB,0.3
2024,Ja'Lynn Polk,WR,20.7
2020,Josh Malone,WR,2.8
2022,Anthony McFarland,RB,4.1
2014,Larry Fitzgerald,WR,91.5
2017,Nick Williams,WR,3.0
2014,Jordan Palmer,QB,0.2
2017,EJ Manuel,QB,14.1
2023,DeVante Parker,WR,39.4
2023,Michael Pittman,WR,139.2
2015,Jonathan Krause,WR,1.1
2021,Jimmy Graham,TE,34.7
2024,Tucker Fisk,TE,5.4
2024,Daniel Jones,QB,139.3
2015,Alfred Morris,RB,91.6
2021,Juwann Winfree,WR,3.8
2021,Davante Adams,WR,230.3
2023,Cooper Kupp,WR,106.1
2019,Jeff Smith,WR,1.2
2017,Zach Ertz,TE,153.6
2020,Temarrick Hemingway,TE,1.0
2016,Rashad Greene,WR,3.2
2015,Jordan Cameron,TE,56.6
2022,Ezekiel Elliott,RB,175.7
2018,Eric Saubert,TE,4.8
2014,Larry Donnell,TE,90.3
2018,Cody Kessler,QB,44.6
2023,Tommy Tremble,TE,37.4
2024,Keenan Allen,WR,114.4
2020,DJ Chark,WR,100.6
2016,Harry Douglas,WR,21.0
2021,Jonnu Smith,TE,39.4
2015,Dwayne Bowe,WR,5.3
2015,Martavis Bryant,WR,152.9
2024,Zach Davidson,TE,0.5
2023,Tyreek Hill,WR,269.6
2020,Marlon Mack,RB,5.6
2017,Cordarrelle Patterson,RB,55.0
2020,Alex Erickson,WR,12.6
2019,Jeff Heuerman,TE,17.4
2014,Odell Beckham Jr.,WR,206.0
2023,Carson Wentz,QB,24.1
2018,Keelan Cole,WR,51.1
2021,Nick Bawden,RB,2.0
2021,Reggie Gilliam,RB,3.8
2017,Jacob Hollister,TE,4.7
2020,Trace McSorley,QB,9.3
2021,Josiah Deguara,TE,36.5
2017,Joe Callahan,QB,0.4
2015,Bobby Rainey,RB,3.4
2014,Teddy Bridgewater,QB,175.7
2019,Geoff Swaim,TE,6.5
2022,Josh Oliver,TE,29.5
2017,Eric Decker,WR,78.9
2018,Mark Ingram,RB,131.4
2020,Derrick Henry,RB,317.2
2022,Justin Watson,WR,46.5
2016,Geronimo Allison,WR,38.7
2019,Kenyan Drake,RB,162.2
2017,O.J. Howard,TE,75.2
2021,Jerick McKinnon,RB,60.4
2022,Danny Gray,WR,1.9
2015,Cory Harkey,TE,2.6
2019,Jarvis Landry,WR,154.4
2024,Bryce Oliver,WR,9.5
2019,Robert Griffin III,QB,16.0
2017,Terron Ward,RB,12.3
2020,Taylor Heinicke,QB,36.5
2014,Antonio Brown,WR,263.6
2019,Stephen Carlson,TE,11.1
2015,Russell Wilson,QB,375.9
2016,Jeremy Ross,WR,9.7
2024,Tommy DeVito,QB,13.5
2014,Ryan Lindley,QB,25.7
2015,Greg Jennings,WR,26.8
2016,Cody Kessler,QB,76.9
2018,Durham Smythe,TE,5.0
2022,Mike Boone,RB,19.8
2020,James O'Shaughnessy,TE,26.2
2020,Jakob Johnson,RB,9.5
2016,Cordarrelle Patterson,RB,61.6
2018,Seth Roberts,WR,61.9
2019,DaeSean Hamilton,WR,35.7
2023,Noah Brown,WR,68.6
2024,Isaiah Williams,WR,0.6
2015,Matt Spaeth,TE,1.1
2017,Marqise Lee,WR,97.3
2016,Odell Beckham Jr.,WR,198.4
2018,Melvin Gordon,RB,240.4
2020,Chad Beebe,WR,32.1
2021,Jonathan Ward,RB,6.7
2014,Matt Cassel,QB,22.8
2024,John Bates,TE,9.5
2024,Trent Sherfield,WR,15.1
2022,Pharoh Cooper,WR,2.1
2014,Colt McCoy,QB,65.0
2018,Cole Beasley,WR,89.5
2018,Kamar Aiken,WR,5.3
2023,MyCole Pruitt,TE,17.0
2021,Will Fuller,WR,2.6
2017,Matt Cassel,QB,6.4
2023,Dalton Kincaid,TE,93.7
2015,Jerricho Cotchery,WR,73.7
2022,Chase Edmonds,RB,58.2
2024,Ray-Ray McCloud,WR,80.5
2023,Jordan Love,QB,352.0
2020,Diontae Johnson,WR,147.5
2020,Auden Tate,WR,15.0
2017,Larry Pinkard,WR,0.5
2024,Kareem Hunt,RB,157.4
2020,Nick Foles,QB,104.1
2016,Eric Ebron,TE,85.5
2014,Matt Spaeth,TE,10.6
2024,Dak Prescott,QB,118.5
2023,Rakim Jarrett,WR,6.0
2016,Eddie Royal,WR,48.9
2020,Equanimeous St. Brown,WR,22.1
2020,J.J. Arcega-Whiteside,WR,8.5
2015,Chase Coffman,TE,13.1
2016,Ryan Fitzpatrick,QB,135.4
2022,Darrynton Evans,RB,9.7
2016,Danny Woodhead,RB,21.1
2019,Willie Snead,WR,69.7
2020,Taysom Hill,TE,154.5
2017,Chris Conley,WR,17.5
2018,Albert Wilson,WR,70.8
2019,Darwin Thompson,RB,23.8
2023,Cordarrelle Patterson,RB,27.9
2020,Keelan Cole,WR,94.4
2024,Tip Reiman,TE,3.7
2021,Tommy Hudson,TE,3.1
2014,Anthony Dixon,RB,60.1
2015,Jared Abbrederis,WR,18.0
2014,Jarius Wright,WR,77.9
2018,Sammy Watkins,WR,90.5
2018,Brandon Bolden,RB,26.4
2022,Noah Gray,TE,45.7
2021,Josh Reynolds,WR,51.6
2021,Emmanuel Sanders,WR,100.9
2021,Kellen Mond,QB,0.2
2014,Ahmad Bradshaw,RB,116.5
2020,Damion Ratley,WR,6.3
2015,Chris Ivory,RB,172.7
2018,KhaDarel Hodge,WR,1.7
2024,Blake Corum,RB,26.5
2022,Michael Thomas,WR,35.1
2014,Matt Ryan,QB,286.0
2019,Lance Kendricks,TE,5.0
2022,Zamir White,RB,7.0
2020,Stefon Diggs,WR,244.7
2018,Curtis Samuel,WR,99.8
2018,Chris Manhertz,TE,11.2
2024,Gabe Davis,WR,33.9
2020,Chris Conley,WR,57.1
2017,Jaelen Strong,WR,9.8
2021,Tommy Sweeney,TE,10.4
2021,Nelson Agholor,WR,68.2
2023,Dawson Knox,TE,37.9
2016,Kamar Aiken,WR,38.8
2015,Travaris Cadet,RB,28.2
2017,D'Onta Foreman,RB,51.0
2020,Adam Humphries,WR,34.8
2019,Jason Moore,WR,4.3
2018,Devonta Freeman,RB,9.1
2017,Jakeem Grant,WR,33.5
2018,Bradley Sowell,TE,6.2
2017,Eddie Lacy,RB,22.6
2014,Mike Brown,WR,6.8
2016,Marc Mariani,WR,1.5
2017,Jamize Olawale,RB,13.6
2015,Eric Ebron,TE,83.7
2019,Ross Dwelley,TE,21.1
2015,Kenbrell Thompkins,WR,16.5
2020,Tony Brooks-James,RB,0.4
2016,Jerell Adams,TE,18.2
2018,Mohamed Sanu,WR,114.4
2018,Alex Smith,QB,139.9
2021,Adam Thielen,WR,132.8
2024,Puka Nacua,WR,142.4
2015,Kirk Cousins,QB,318.9
2023,Trent Sherfield,WR,15.3
2022,Lil'Jordan Humphrey,WR,2.0
2021,Amon-Ra St. Brown,WR,133.3
2014,Rueben Randle,WR,111.8
2018,Chris Moore,WR,27.3
2023,Cody Thompson,WR,1.0
2023,Miles Sanders,RB,60.6
2020,Kyle Rudolph,TE,37.4
2022,Isaiah McKenzie,WR,78.8
2018,Tyler Lockett,WR,175.4
2024,Romeo Doubs,WR,85.4
2018,Adam Thielen,WR,192.3
2014,Courtney Roby,WR,1.1
2019,Carlos Hyde,RB,160.7
2015,Alshon Jeffery,WR,104.7
2017,LeShun Daniels,RB,1.4
2014,Kk1_2014,K,145
2014,Kk2_2014,K,140
2014,Kk3_2014,K,135
2014,Kk4_2014,K,130
2014,Dd1_2014,DST,140
2014,Dd2_2014,DST,135
2014,Dd3_2014,DST,130
2014,Dd4_2014,DST,125
2015,Kk1_2015,K,145
2015,Kk2_2015,K,140
2015,Kk3_2015,K,135
2015,Kk4_2015,K,130
2015,Dd1_2015,DST,140
2015,Dd2_2015,DST,135
2015,Dd3_2015,DST,130
2015,Dd4_2015,DST,125
2016,Kk1_2016,K,145
2016,Kk2_2016,K,140
2016,Kk3_2016,K,135
2016,Kk4_2016,K,130
2016,Dd1_2016,DST,140
2016,Dd2_2016,DST,135
2016,Dd3_2016,DST,130
2016,Dd4_2016,DST,125
2017,Kk1_2017,K,145
2017,Kk2_2017,K,140
2017,Kk3_2017,K,135
2017,Kk4_2017,K,130
2017,Dd1_2017,DST,140
2017,Dd2_2017,DST,135
2017,Dd3_2017,DST,130
2017,Dd4_2017,DST,125
2018,Kk1_2018,K,145
2018,Kk2_2018,K,140
2018,Kk3_2018,K,135
2018,Kk4_2018,K,130
2018,Dd1_2018,DST,140
2018,Dd2_2018,DST,135
2018,Dd3_2018,DST,130
2018,Dd4_2018,DST,125
2019,Kk1_2019,K,145
2019,Kk2_2019,K,140
2019,Kk3_2019,K,135
2019,Kk4_2019,K,130
2019,Dd1_2019,DST,140
2019,Dd2_2019,DST,135
2019,Dd3_2019,DST,130
2019,Dd4_2019,DST,125
2020,Kk1_2020,K,145
2020,Kk2_2020,K,140
2020,Kk3_2020,K,135
2020,Kk4_2020,K,130
2020,Dd1_2020,DST,140
2020,Dd2_2020,DST,135
2020,Dd3_2020,DST,130
2020,Dd4_2020,DST,125
2021,Kk1_2021,K,145
2021,Kk2_2021,K,140
2021,Kk3_2021,K,135
2021,Kk4_2021,K,130
2021,Dd1_2021,DST,140
2021,Dd2_2021,DST,135
2021,Dd3_2021,DST,130
2021,Dd4_2021,DST,125
2022,Kk1_2022,K,145
2022,Kk2_2022,K,140
2022,Kk3_2022,K,135
2022,Kk4_2022,K,130
2022,Dd1_2022,DST,140
2022,Dd2_2022,DST,135
2022,Dd3_2022,DST,130
2022,Dd4_2022,DST,125
2023,Kk1_2023,K,145
2023,Kk2_2023,K,140
2023,Kk3_2023,K,135
2023,Kk4_2023,K,130
2023,Dd1_2023,DST,140
2023,Dd2_2023,DST,135
2023,Dd3_2023,DST,130
2023,Dd4_2023,DST,125
2024,Kk1_2024,K,145
2024,Kk2_2024,K,140
2024,Kk3_2024,K,135
2024,Kk4_2024,K,130
2024,Dd1_2024,DST,140
2024,Dd2_2024,DST,135
2024,Dd3_2024,DST,130
2024,Dd4_2024,DST,125
