player,pos,week,points
Aaron Rodgers,QB,1,8.6
Matthew Stafford,QB,1,14.7
Andy Dalton,QB,1,0.0
Tyrod Taylor,QB,1,6.1
Kirk Cousins,QB,1,6.2
Adam Thielen,WR,1,4.9
Zach Ertz,TE,1,2.8
Keenan Allen,WR,1,2.9
Travis Kelce,TE,1,3.4
DeAndre Hopkins,WR,1,0.8
Geno Smith,QB,1,17.8
Cordarrelle Patterson,RB,1,1.3
Brandin Cooks,WR,1,10.5
Derek Carr,QB,1,21.3
Jordan Matthews,TE,1,0.0
Davante Adams,WR,1,5.9
Mike Evans,WR,1,18.1
Amari Cooper,WR,1,1.6
Nelson Agholor,WR,1,0.6
MyCole Pruitt,TE,1,0.9
Stefon Diggs,WR,1,15.9
Raheem Mostert,RB,1,1.9
Eric Tomlinson,TE,1,0.0
DeAndre Carter,WR,1,0.6
Jamison Crowder,WR,1,0.5
Ameer Abdullah,RB,1,0.0
Tyler Lockett,WR,1,7.7
Austin Hooper,TE,1,3.1
Nick Vannett,TE,1,1.1
Brandon Allen,QB,1,-0.1
Kalif Raymond,WR,1,1.2
Derrick Henry,RB,1,10.6
Demarcus Robinson,WR,1,4.2
Tyler Boyd,WR,1,1.8
Tyreek Hill,WR,1,19.0
Ezekiel Elliott,RB,1,10.9
Dak Prescott,QB,1,11.5
Hunter Henry,TE,1,1.8
Jared Goff,QB,1,11.4
Jacoby Brissett,QB,1,8.0
Mo Alie-Cox,TE,1,0.0
Johnny Mundt,TE,1,1.5
Curtis Samuel,WR,1,1.5
George Kittle,TE,1,4.0
Aaron Jones,RB,1,16.9
Taysom Hill,TE,1,3.6
Samaje Perine,RB,1,1.0
Deshaun Watson,QB,1,10.7
James Conner,RB,1,14.3
Mack Hollins,WR,1,8.5
Eric Saubert,TE,1,0.0
David Moore,WR,1,1.4
Cooper Rush,QB,1,-0.1
Austin Ekeler,RB,1,6.2
Dare Ogunbowale,RB,1,0.3
JuJu Smith-Schuster,WR,1,0.0
Jonnu Smith,TE,1,0.7
Patrick Mahomes,QB,1,14.1
Evan Engram,TE,1,0.5
David Njoku,TE,1,4.4
Gerald Everett,TE,1,-0.1
Joe Mixon,RB,1,23.8
Alvin Kamara,RB,1,17.0
Cooper Kupp,WR,1,18.0
Chris Godwin Jr.,WR,1,14.3
Josh Reynolds,WR,1,4.5
Jamaal Williams,RB,1,11.1
Jeremy McNichols,RB,1,0.0
Jeff Wilson,RB,1,2.6
Will Dissly,TE,1,1.3
Gus Edwards,RB,1,2.8
Mike Boone,RB,1,0.7
Tyler Conklin,TE,1,0.6
Marquez Valdes-Scantling,WR,1,1.9
Courtland Sutton,WR,1,3.8
Dallas Goedert,TE,1,3.1
Jordan Akins,TE,1,2.7
Dalton Schultz,TE,1,1.6
Justin Watson,WR,1,2.5
Ray-Ray McCloud,WR,1,5.2
Cedrick Wilson Jr.,WR,1,0.0
Braxton Berrios,WR,1,0.0
Allen Lazard,WR,1,20.9
Tanner Hudson,TE,1,-0.2
Brandon Powell,WR,1,0.0
Mark Andrews,TE,1,1.4
Christian Kirk,WR,1,3.0
Lamar Jackson,QB,1,27.1
Durham Smythe,TE,1,0.0
DJ Moore,WR,1,5.0
Mike Gesicki,TE,1,1.8
Hayden Hurst,TE,1,3.3
Calvin Ridley,WR,1,5.0
Saquon Barkley,RB,1,31.2
KhaDarel Hodge,WR,1,0.0
Baker Mayfield,QB,1,29.7
Josh Allen,QB,1,33.2
Sam Darnold,QB,1,14.6
Steven Sims,WR,1,0.0
Jakobi Meyers,WR,1,6.4
Alexander Mattison,RB,1,12.2
Justice Hill,RB,1,5.5
Foster Moreau,TE,1,10.3
Ashton Dulin,WR,1,11.4
Mecole Hardman,WR,1,0.0
Olamide Zaccheaus,WR,1,1.5
Deonte Harty,WR,1,0.0
Diontae Johnson,WR,1,1.9
Kyler Murray,QB,1,16.2
Miles Sanders,RB,1,2.2
Josh Oliver,TE,1,2.7
Devin Singletary,RB,1,5.2
Tony Pollard,RB,1,15.4
Gardner Minshew,QB,1,12.8
Scott Miller,WR,1,0.0
Myles Gaskin,RB,1,-0.3
Trenton Irwin,WR,1,0.6
Lil'Jordan Humphrey,WR,1,0.0
Greg Dortch,WR,1,5.1
Darius Slayton,WR,1,2.6
Ty Johnson,RB,1,0.7
Travis Homer,RB,1,1.0
DK Metcalf,WR,1,2.9
Noah Fant,TE,1,1.1
Terry McLaurin,WR,1,1.7
A.J. Brown,WR,1,17.9
David Montgomery,RB,1,15.3
Dawson Knox,TE,1,2.3
Josh Jacobs,RB,1,10.4
Daniel Jones,QB,1,4.9
Deebo Samuel Sr.,WR,1,13.7
JaMycal Hasty,RB,1,0.0
Juwan Johnson,TE,1,8.6
Rico Dowdle,RB,1,3.2
J.K. Dobbins,RB,1,19.9
Nick Westbrook-Ikhine,WR,1,0.0
Gabe Davis,WR,1,6.2
Tua Tagovailoa,QB,1,18.6
Jonathan Taylor,RB,1,10.8
Colby Parkinson,TE,1,4.7
Zack Moss,RB,1,12.1
Michael Pittman,WR,1,3.1
Jauan Jennings,WR,1,6.4
Brandon Aiyuk,WR,1,2.8
Jordan Love,QB,1,16.4
Laviska Shenault Jr.,WR,1,0.1
D'Andre Swift,RB,1,3.0
Cole Kmet,TE,1,0.4
Darnell Mooney,WR,1,1.5
Justin Jefferson,WR,1,11.9
Antonio Gibson,RB,1,1.8
Devin Duvernay,WR,1,0.3
K.J. Osborn,WR,1,2.1
Justin Herbert,QB,1,10.4
CeeDee Lamb,WR,1,8.6
Jalen Hurts,QB,1,16.4
Jerry Jeudy,WR,1,8.5
Van Jefferson,WR,1,0.1
Adam Trautman,TE,1,0.0
DeeJay Dallas,RB,1,0.0
Tyler Johnson,WR,1,7.9
Charlie Woerner,TE,1,0.4
Joe Burrow,QB,1,8.1
Tim Jones,WR,1,0.0
DJ Turner,WR,1,0.9
Rashod Bateman,WR,1,5.3
Nico Collins,WR,1,11.7
Chuba Hubbard,RB,1,1.4
Brevin Jordan,TE,1,0.3
Quintin Morris,TE,1,0.0
Jaylen Waddle,WR,1,11.2
John Bates,TE,1,0.0
Noah Gray,TE,1,3.7
Brock Wright,TE,1,0.2
Feleipe Franks,TE,1,0.0
Rhamondre Stevenson,RB,1,18.6
Kylen Granson,TE,1,0.0
Jaelon Darden,WR,1,0.0
Luke Farrell,TE,1,0.0
Najee Harris,RB,1,7.9
Pat Freiermuth,TE,1,2.7
Ja'Marr Chase,WR,1,6.2
Khalil Herbert,RB,1,0.4
DeVonta Smith,WR,1,8.4
Kenny Gainwell,RB,1,1.2
Kyle Trask,QB,1,-0.2
Justin Fields,QB,1,11.9
Avery Williams,RB,1,0.0
Amon-Ra St. Brown,WR,1,1.3
Kyle Pitts,TE,1,8.6
Trevor Lawrence,QB,1,11.3
Travis Etienne,RB,1,9.9
Elijah Moore,WR,1,0.9
Josh Palmer,WR,1,1.5
Javonte Williams,RB,1,2.3
Grant Calcaterra,TE,1,1.1
Bo Melton,WR,1,0.0
Dareke Young,WR,1,0.0
Britain Covey,WR,1,0.0
Isiah Pacheco,RB,1,13.8
Jaylen Warren,RB,1,2.0
Drake London,WR,1,1.5
Chris Olave,WR,1,1.1
Jameson Williams,WR,1,19.4
George Pickens,WR,1,7.5
James Cook,RB,1,10.3
Greg Dulcich,TE,1,1.2
Rachaad White,RB,1,10.6
Dameon Pierce,RB,1,1.6
Khalil Shakir,WR,1,10.2
Tyler Allgeier,RB,1,2.1
Jerome Ford,RB,1,12.9
Ty Chandler,RB,1,4.2
Jalen Nailor,WR,1,8.1
Tanner Conner,TE,1,0.0
Raheem Blackshear,RB,1,0.0
Tyreik McAllister,WR,1,0.0
Jordan Mason,RB,1,21.2
Rashid Shaheed,WR,1,13.3
Ronnie Rivers,RB,1,1.6
Julius Chestnut,RB,1,0.0
Alec Pierce,WR,1,18.5
Jalen Tolbert,WR,1,1.2
Garrett Wilson,WR,1,6.0
Jahan Dotson,WR,1,0.0
Treylon Burks,WR,1,0.3
Trey McBride,TE,1,3.0
Velus Jones Jr.,WR,1,1.9
Brian Robinson,RB,1,14.9
KaVontae Turpin,WR,1,0.0
Chig Okonkwo,TE,1,7.5
Romeo Doubs,WR,1,5.0
Brock Purdy,QB,1,10.3
Calvin Austin III,WR,1,0.7
Isaiah Likely,TE,1,17.1
Kyren Williams,RB,1,11.4
Zamir White,RB,1,2.6
Jake Ferguson,TE,1,1.5
Pierre Strong,RB,1,3.0
Tyquan Thornton,WR,1,2.7
Daniel Bellinger,TE,1,0.3
Wan'Dale Robinson,WR,1,5.8
Breece Hall,RB,1,13.3
Christian Watson,WR,1,7.3
Malik Willis,QB,1,0.0
Cade Otton,TE,1,0.5
Kenneth Walker III,RB,1,16.9
Dontayvion Wicks,WR,1,0.0
Eric Gray,RB,1,1.5
Brady Russell,RB,1,0.0
Xavier Gipson,WR,1,0.0
Bijan Robinson,RB,1,11.1
Jaxon Smith-Njigba,WR,1,1.9
Quentin Johnston,WR,1,3.8
Tank Bigsby,RB,1,7.3
Darnell Washington,TE,1,0.5
Michael Wilson,WR,1,6.5
Tre Tucker,WR,1,2.2
Derius Davis,WR,1,0.9
Charlie Jones,WR,1,0.5
Chase Brown,RB,1,2.3
Parker Washington,WR,1,0.3
Xavier Hutchinson,WR,1,0.3
Andrei Iosivas,WR,1,2.6
DeMario Douglas,WR,1,1.2
Deuce Vaughn,RB,1,0.4
Jalen Brooks,WR,1,1.8
Jordan Mims,RB,1,1.1
Emari Demercado,RB,1,2.6
Julian Hill,TE,1,0.6
Hunter Luepke,RB,1,1.8
Jaleel McLaughlin,RB,1,0.8
Emanuel Wilson,RB,1,4.8
Dalton Kincaid,TE,1,1.1
Jalin Hyatt,WR,1,0.0
Sean Tucker,RB,1,0.0
Marvin Mims Jr.,WR,1,0.0
Tank Dell,WR,1,5.9
Cedric Tillman,WR,1,0.3
Jordan Addison,WR,1,3.5
Tucker Kraft,TE,1,3.7
Jake Haener,QB,1,0.0
Tyjae Spears,RB,1,3.2
De'Von Achane,RB,1,16.0
Elijah Higgins,TE,1,1.2
Trey Palmer,WR,1,1.9
Jonathan Mingo,WR,1,2.3
Zay Flowers,WR,1,5.1
Sam LaPorta,TE,1,4.5
Michael Mayer,TE,1,0.3
Rashee Rice,WR,1,10.3
Davis Allen,TE,1,0.0
Puka Nacua,WR,1,4.2
Jahmyr Gibbs,RB,1,13.4
Luke Musgrave,TE,1,0.0
Jayden Reed,WR,1,29.1
Bryce Young,QB,1,9.6
Will Levis,QB,1,8.7
C.J. Stroud,QB,1,18.7
Anthony Richardson,QB,1,26.1
Zach Charbonnet,RB,1,10.1
Johnny Wilson,WR,1,0.0
Carson Steele,RB,1,0.3
Malik Nabers,WR,1,6.6
Brock Bowers,TE,1,5.8
Xavier Legette,WR,1,3.5
Luke McCaffrey,WR,1,1.8
Ja'Tavion Sanders,TE,1,0.4
Bucky Irving,RB,1,7.6
Isaac Guerendo,RB,1,0.0
Jacob Cowing,WR,1,0.0
Audric Estim,RB,1,1.4
Tyrone Tracy Jr.,RB,1,0.7
Bub Means,WR,1,0.0
Jha'Quan Jackson,WR,1,0.0
Devaughn Vele,WR,1,3.9
Kameron Johnson,WR,1,0.0
British Brooks,RB,1,0.0
Mason Tipton,WR,1,0.6
Bo Nix,QB,1,11.0
Blake Corum,RB,1,0.0
Will Shipley,RB,1,0.0
Jordan Whittington,WR,1,0.0
Braelon Allen,RB,1,1.7
Anthony Gould,WR,1,0.0
Theo Johnson,TE,1,1.8
Marvin Harrison Jr.,WR,1,0.4
Jalen McMillan,WR,1,9.2
Ray Davis,RB,1,2.7
Adonai Mitchell,WR,1,0.2
Brian Thomas Jr.,WR,1,10.7
Xavier Worthy,WR,1,18.8
Keon Coleman,WR,1,5.1
Ja'Lynn Polk,WR,1,0.6
Jayden Daniels,QB,1,28.2
Ladd McConkey,WR,1,9.9
Caleb Williams,QB,1,5.2
Rome Odunze,WR,1,1.1
Trey Benson,RB,1,1.8
Aaron Rodgers,QB,2,15.1
Marcedes Lewis,TE,2,0.0
Matthew Stafford,QB,2,8.6
Kirk Cousins,QB,2,17.5
Adam Thielen,WR,2,2.0
Zach Ertz,TE,2,6.2
Robert Woods,WR,2,0.0
Travis Kelce,TE,2,0.6
DeAndre Hopkins,WR,2,0.9
Geno Smith,QB,2,17.9
Cordarrelle Patterson,RB,2,0.3
Brandin Cooks,WR,2,1.6
Derek Carr,QB,2,21.8
Davante Adams,WR,2,17.0
Mike Evans,WR,2,4.2
Chris Manhertz,TE,2,0.0
Jameis Winston,QB,2,0.4
Amari Cooper,WR,2,1.1
Nelson Agholor,WR,2,1.3
MyCole Pruitt,TE,2,0.0
Stefon Diggs,WR,2,3.7
Eric Tomlinson,TE,2,0.0
DeAndre Carter,WR,2,3.2
Ameer Abdullah,RB,2,0.2
Chris Conley,WR,2,0.4
Tyler Lockett,WR,2,1.5
Austin Hooper,TE,2,0.5
Kalif Raymond,WR,2,2.7
Robbie Chosen,WR,2,0.5
Derrick Henry,RB,2,15.6
Demarcus Robinson,WR,2,5.0
Tyler Boyd,WR,2,2.6
Tyreek Hill,WR,2,3.6
Ezekiel Elliott,RB,2,3.2
Dak Prescott,QB,2,12.9
Hunter Henry,TE,2,10.9
Jared Goff,QB,2,8.8
Jacoby Brissett,QB,2,10.6
Mo Alie-Cox,TE,2,2.2
Johnny Mundt,TE,2,1.2
Curtis Samuel,WR,2,0.3
George Kittle,TE,2,13.6
Aaron Jones,RB,2,4.8
Taysom Hill,TE,2,1.9
Tim Patrick,WR,2,1.2
Patrick Ricard,RB,2,0.0
Samaje Perine,RB,2,0.3
Mike Williams,WR,2,1.9
Deshaun Watson,QB,2,15.4
James Conner,RB,2,18.4
Mack Hollins,WR,2,0.0
Eric Saubert,TE,2,2.6
David Moore,WR,2,0.0
Noah Brown,WR,2,5.6
Cooper Rush,QB,2,0.2
Austin Ekeler,RB,2,8.5
Dare Ogunbowale,RB,2,2.3
Jonnu Smith,TE,2,5.3
Mitchell Trubisky,QB,2,-0.2
Patrick Mahomes,QB,2,12.9
Gerald Everett,TE,2,0.1
Joe Mixon,RB,2,5.0
Alvin Kamara,RB,2,42.0
Cooper Kupp,WR,2,3.7
Chris Godwin Jr.,WR,2,17.7
D'Onta Foreman,RB,2,5.1
Josh Reynolds,WR,2,9.3
Jamaal Williams,RB,2,3.9
Jeff Wilson,RB,2,1.2
Will Dissly,TE,2,2.9
Gus Edwards,RB,2,5.9
Tyler Conklin,TE,2,1.0
Marquez Valdes-Scantling,WR,2,0.0
Courtland Sutton,WR,2,2.6
Dallas Goedert,TE,2,3.8
Jordan Akins,TE,2,1.0
Dalton Schultz,TE,2,2.1
Justin Watson,WR,2,2.2
Ray-Ray McCloud,WR,2,4.5
Cedrick Wilson Jr.,WR,2,0.0
Braxton Berrios,WR,2,0.0
Trent Sherfield,WR,2,1.7
Allen Lazard,WR,2,1.1
Brandon Powell,WR,2,1.6
Mark Andrews,TE,2,5.1
Christian Kirk,WR,2,-0.1
Lamar Jackson,QB,2,16.4
Durham Smythe,TE,2,0.8
John Kelly,RB,2,0.0
DJ Moore,WR,2,5.3
Mike Gesicki,TE,2,9.1
Hayden Hurst,TE,2,0.5
Calvin Ridley,WR,2,20.7
Saquon Barkley,RB,2,11.6
KhaDarel Hodge,WR,2,0.0
Baker Mayfield,QB,2,18.8
Josh Allen,QB,2,9.8
Sam Darnold,QB,2,19.9
Steven Sims,WR,2,0.0
Jakobi Meyers,WR,2,2.9
Alexander Mattison,RB,2,6.1
Justice Hill,RB,2,3.2
Foster Moreau,TE,2,0.0
Ashton Dulin,WR,2,1.3
Mecole Hardman,WR,2,0.0
Olamide Zaccheaus,WR,2,1.4
Deonte Harty,WR,2,0.0
Diontae Johnson,WR,2,1.5
Kyler Murray,QB,2,28.5
Miles Sanders,RB,2,2.5
Devin Singletary,RB,2,13.5
Tony Pollard,RB,2,10.2
Gardner Minshew,QB,2,12.9
Trayveon Williams,RB,2,0.0
Trenton Irwin,WR,2,0.5
Lil'Jordan Humphrey,WR,2,5.0
Greg Dortch,WR,2,1.1
Darius Slayton,WR,2,3.3
Ty Johnson,RB,2,3.2
Tom Kennedy,WR,2,0.0
Travis Homer,RB,2,0.6
D'Ernest Johnson,RB,2,2.6
Drew Sample,TE,2,2.8
DK Metcalf,WR,2,18.9
Noah Fant,TE,2,1.4
Terry McLaurin,WR,2,2.2
David Montgomery,RB,2,13.0
Josh Jacobs,RB,2,13.1
Daniel Jones,QB,2,18.3
Deebo Samuel Sr.,WR,2,10.0
JaMycal Hasty,RB,2,0.2
James Proche,WR,2,0.0
Rico Dowdle,RB,2,5.9
J.K. Dobbins,RB,2,19.1
Gabe Davis,WR,2,4.3
Tua Tagovailoa,QB,2,5.5
Jonathan Taylor,RB,2,13.5
Harrison Bryant,TE,2,0.0
Colby Parkinson,TE,2,1.2
Zack Moss,RB,2,4.7
Michael Pittman,WR,2,2.1
Jauan Jennings,WR,2,3.7
Brandon Aiyuk,WR,2,4.3
Laviska Shenault Jr.,WR,2,0.6
D'Andre Swift,RB,2,4.2
Cole Kmet,TE,2,2.7
Darnell Mooney,WR,2,14.8
Justin Jefferson,WR,2,19.3
Antonio Gibson,RB,2,10.3
Devin Duvernay,WR,2,0.4
K.J. Osborn,WR,2,0.7
Justin Herbert,QB,2,13.0
CeeDee Lamb,WR,2,15.0
Jalen Hurts,QB,2,23.8
Jerry Jeudy,WR,2,7.3
Cam Akers,RB,2,1.5
Van Jefferson,WR,2,1.4
DeeJay Dallas,RB,2,0.0
Tyler Johnson,WR,2,2.0
Joe Burrow,QB,2,19.2
DJ Turner,WR,2,0.2
Rashod Bateman,WR,2,4.0
Nico Collins,WR,2,19.5
Chuba Hubbard,RB,2,7.6
Brevin Jordan,TE,2,0.4
Jaylen Waddle,WR,2,4.5
Dyami Brown,WR,2,1.7
John Bates,TE,2,0.5
Feleipe Franks,TE,2,0.0
Tutu Atwell,WR,2,4.8
Ben Skowronek,WR,2,0.0
Rhamondre Stevenson,RB,2,15.0
Kylen Granson,TE,2,0.9
Luke Farrell,TE,2,1.3
Najee Harris,RB,2,7.4
Pat Freiermuth,TE,2,3.9
Ja'Marr Chase,WR,2,3.5
Khalil Herbert,RB,2,6.7
DeVonta Smith,WR,2,13.6
Kenny Gainwell,RB,2,0.6
Justin Fields,QB,2,11.4
Avery Williams,RB,2,0.0
Amon-Ra St. Brown,WR,2,11.9
Kyle Pitts,TE,2,2.0
Trevor Lawrence,QB,2,13.3
Travis Etienne,RB,2,11.8
Elijah Moore,WR,2,4.4
Trey Sermon,RB,2,0.7
Josh Palmer,WR,2,1.9
Javonte Williams,RB,2,6.5
Hunter Long,TE,2,0.0
Tommy Tremble,TE,2,2.3
Tyler Badie,RB,2,1.8
Grant Calcaterra,TE,2,1.9
Bo Melton,WR,2,0.8
Jake Tonges,TE,2,0.0
Tyler Goodson,RB,2,0.2
Britain Covey,WR,2,2.3
Irvin Charles,WR,2,0.0
Isiah Pacheco,RB,2,11.1
Jaylen Warren,RB,2,6.1
Drake London,WR,2,11.4
Chris Olave,WR,2,8.8
Jameson Williams,WR,2,9.4
George Pickens,WR,2,2.9
James Cook,RB,2,27.5
Greg Dulcich,TE,2,1.6
Rachaad White,RB,2,2.3
David Bell,WR,2,2.7
Khalil Shakir,WR,2,5.6
Tyler Allgeier,RB,2,6.5
Jerome Ford,RB,2,6.4
Ty Chandler,RB,2,8.2
Jalen Nailor,WR,2,11.4
Andrew Ogletree,TE,2,1.2
Ko Kieft,TE,2,0.0
Skylar Thompson,QB,2,3.6
Raheem Blackshear,RB,2,0.0
Jordan Mason,RB,2,16.4
Rashid Shaheed,WR,2,16.9
Ronnie Rivers,RB,2,0.0
Peyton Hendershot,TE,2,0.0
Hassan Haskins,RB,2,1.1
Alec Pierce,WR,2,11.6
Jalen Tolbert,WR,2,8.2
Garrett Wilson,WR,2,6.2
Jahan Dotson,WR,2,0.6
Treylon Burks,WR,2,0.0
Trey McBride,TE,2,6.7
Brian Robinson,RB,2,13.6
KaVontae Turpin,WR,2,0.6
Jeremy Ruckert,TE,2,0.0
Chig Okonkwo,TE,2,1.6
Romeo Doubs,WR,2,6.2
Brock Purdy,QB,2,16.0
Calvin Austin III,WR,2,0.6
Isaiah Likely,TE,2,2.6
Kyren Williams,RB,2,11.2
Zamir White,RB,2,3.8
Charlie Kolar,TE,2,0.4
Pierre Strong,RB,2,0.5
Wan'Dale Robinson,WR,2,7.8
Breece Hall,RB,2,17.4
Malik Willis,QB,2,13.0
Cade Otton,TE,2,-0.4
Dontayvion Wicks,WR,2,8.6
Eric Gray,RB,2,0.0
Xavier Gipson,WR,2,0.0
Grant DuBose,WR,2,1.3
Bijan Robinson,RB,2,12.2
Jaxon Smith-Njigba,WR,2,11.7
Quentin Johnston,WR,2,17.1
Luke Schoonmaker,TE,2,4.3
Tank Bigsby,RB,2,0.0
Darnell Washington,TE,2,6.5
Michael Wilson,WR,2,3.1
Tre Tucker,WR,2,1.3
Derius Davis,WR,2,0.0
Charlie Jones,WR,2,0.0
Clayton Tune,QB,2,-2.6
Josh Whyle,TE,2,1.3
Chase Brown,RB,2,3.1
Parker Washington,WR,2,0.0
Xavier Hutchinson,WR,2,0.0
Andrei Iosivas,WR,2,12.7
Deuce Vaughn,RB,2,1.7
Jalen Brooks,WR,2,1.0
Emari Demercado,RB,2,4.6
Julian Hill,TE,2,0.0
Jake Bobo,WR,2,1.5
Nate Adkins,TE,2,0.0
Jaleel McLaughlin,RB,2,0.6
Emanuel Wilson,RB,2,0.9
Dalton Kincaid,TE,2,3.3
Brenton Strange,TE,2,6.5
Sean Tucker,RB,2,0.0
Marvin Mims Jr.,WR,2,1.0
Tank Dell,WR,2,1.3
Cedric Tillman,WR,2,0.2
Tucker Kraft,TE,2,1.6
Jake Haener,QB,2,-0.3
Tyjae Spears,RB,2,3.1
De'Von Achane,RB,2,22.5
Elijah Higgins,TE,2,7.8
Trey Palmer,WR,2,0.0
Jonathan Mingo,WR,2,0.1
Zay Flowers,WR,2,15.1
Sam LaPorta,TE,2,1.3
Michael Mayer,TE,2,1.1
Rashee Rice,WR,2,13.5
Jahmyr Gibbs,RB,2,10.6
Luke Musgrave,TE,2,0.6
Jayden Reed,WR,2,4.6
Bryce Young,QB,2,2.0
Will Levis,QB,2,13.5
C.J. Stroud,QB,2,14.3
Anthony Richardson,QB,2,9.9
Zach Charbonnet,RB,2,12.9
Johnny Wilson,WR,2,0.0
Carson Steele,RB,2,0.4
Malik Nabers,WR,2,18.7
Brock Bowers,TE,2,9.8
Ja'Tavion Sanders,TE,2,0.8
Cade Stover,TE,2,1.8
Bucky Irving,RB,2,2.2
Isaac Guerendo,RB,2,0.0
Sione Vaki,RB,2,1.7
Jacob Cowing,WR,2,0.0
Tyrone Tracy Jr.,RB,2,0.2
Jha'Quan Jackson,WR,2,0.0
Brevyn Spann-Ford,TE,2,0.0
Colson Yankoff,TE,2,0.0
Bo Nix,QB,2,8.3
Blake Corum,RB,2,2.8
Will Shipley,RB,2,0.0
Jordan Whittington,WR,2,2.2
AJ Barner,TE,2,0.0
Braelon Allen,RB,2,17.6
Jermaine Burton,WR,2,4.7
MarShawn Lloyd,RB,2,1.8
Erick All,TE,2,3.2
Anthony Gould,WR,2,0.0
Jared Wiley,TE,2,0.7
Marvin Harrison Jr.,WR,2,25.0
Jalen McMillan,WR,2,2.1
Troy Franklin,WR,2,0.0
Jaylen Wright,RB,2,0.4
Ray Davis,RB,2,2.8
Adonai Mitchell,WR,2,3.0
Brian Thomas Jr.,WR,2,9.4
Xavier Worthy,WR,2,2.2
Keon Coleman,WR,2,0.0
Ja'Lynn Polk,WR,2,7.2
Jayden Daniels,QB,2,13.4
Ben Sinnott,TE,2,0.0
Ladd McConkey,WR,2,2.6
Caleb Williams,QB,2,7.4
Rome Odunze,WR,2,3.3
Malachi Corley,WR,2,0.4
Trey Benson,RB,2,1.7
Aaron Rodgers,QB,3,21.0
Marcedes Lewis,TE,3,0.0
Matthew Stafford,QB,3,12.8
Andy Dalton,QB,3,24.6
Kirk Cousins,QB,3,11.1
Adam Thielen,WR,3,10.0
Zach Ertz,TE,3,3.8
Robert Woods,WR,3,1.8
Travis Kelce,TE,3,3.0
DeAndre Hopkins,WR,3,13.3
Geno Smith,QB,3,11.4
Cordarrelle Patterson,RB,3,4.8
Brandin Cooks,WR,3,1.6
Derek Carr,QB,3,8.0
Davante Adams,WR,3,4.0
Mike Evans,WR,3,1.7
Chris Manhertz,TE,3,0.0
Jameis Winston,QB,3,0.1
Amari Cooper,WR,3,20.6
Nelson Agholor,WR,3,5.6
Stefon Diggs,WR,3,9.9
DeAndre Carter,WR,3,2.2
Taylor Heinicke,QB,3,1.0
Ameer Abdullah,RB,3,1.3
Chris Conley,WR,3,0.0
Tyler Lockett,WR,3,4.6
Austin Hooper,TE,3,1.9
Nick Vannett,TE,3,6.9
Kalif Raymond,WR,3,0.0
Derrick Henry,RB,3,29.4
Demarcus Robinson,WR,3,3.2
Tyler Boyd,WR,3,3.3
Tyreek Hill,WR,3,4.0
Ezekiel Elliott,RB,3,1.2
Dak Prescott,QB,3,29.9
Hunter Henry,TE,3,0.9
Jared Goff,QB,3,14.6
Jacoby Brissett,QB,3,3.9
Mo Alie-Cox,TE,3,0.0
Johnny Mundt,TE,3,6.2
Curtis Samuel,WR,3,2.2
Aaron Jones,RB,3,20.8
Nick Mullens,QB,3,0.0
Tim Patrick,WR,3,0.8
Pharaoh Brown,TE,3,0.9
Samaje Perine,RB,3,4.0
Mike Williams,WR,3,3.4
Deshaun Watson,QB,3,16.4
James Conner,RB,3,2.5
Mack Hollins,WR,3,1.6
Eric Saubert,TE,3,4.1
Noah Brown,WR,3,2.9
Austin Ekeler,RB,3,11.7
Dare Ogunbowale,RB,3,2.8
JuJu Smith-Schuster,WR,3,7.7
Jonnu Smith,TE,3,1.8
Mitchell Trubisky,QB,3,0.0
Patrick Mahomes,QB,3,16.4
Gerald Everett,TE,3,0.0
Alvin Kamara,RB,3,12.7
Chris Godwin Jr.,WR,3,11.3
D'Onta Foreman,RB,3,0.5
Josh Reynolds,WR,3,3.6
Jamaal Williams,RB,3,-0.1
Jeremy McNichols,RB,3,0.1
Ross Dwelley,TE,3,0.0
Jeff Wilson,RB,3,1.4
Will Dissly,TE,3,1.9
Tim Boyle,QB,3,3.8
Gus Edwards,RB,3,0.9
Tyler Conklin,TE,3,9.3
Marquez Valdes-Scantling,WR,3,0.7
Courtland Sutton,WR,3,6.8
Dallas Goedert,TE,3,17.0
Jordan Akins,TE,3,2.9
Dalton Schultz,TE,3,1.1
Justin Watson,WR,3,1.3
Ray-Ray McCloud,WR,3,3.7
Cedrick Wilson Jr.,WR,3,0.3
Braxton Berrios,WR,3,0.0
Trent Sherfield,WR,3,0.8
Allen Lazard,WR,3,10.8
Brandon Powell,WR,3,1.3
Mark Andrews,TE,3,0.0
Christian Kirk,WR,3,7.9
Lamar Jackson,QB,3,26.0
Durham Smythe,TE,3,0.3
DJ Moore,WR,3,7.2
Mike Gesicki,TE,3,4.7
Hayden Hurst,TE,3,1.5
Calvin Ridley,WR,3,0.9
Saquon Barkley,RB,3,27.6
KhaDarel Hodge,WR,3,0.0
Baker Mayfield,QB,3,8.5
Josh Allen,QB,3,30.9
Sam Darnold,QB,3,23.2
Steven Sims,WR,3,0.0
Jakobi Meyers,WR,3,12.2
Alexander Mattison,RB,3,10.4
Justice Hill,RB,3,5.4
Foster Moreau,TE,3,0.2
Ashton Dulin,WR,3,0.0
Mecole Hardman,WR,3,0.0
Deonte Harty,WR,3,0.0
Diontae Johnson,WR,3,18.2
Kyler Murray,QB,3,14.8
Miles Sanders,RB,3,9.0
Josh Oliver,TE,3,0.0
Devin Singletary,RB,3,14.8
Tony Pollard,RB,3,2.9
Gardner Minshew,QB,3,12.0
Trayveon Williams,RB,3,0.0
Scott Miller,WR,3,3.1
Myles Gaskin,RB,3,0.0
Lil'Jordan Humphrey,WR,3,3.7
Greg Dortch,WR,3,3.5
Darius Slayton,WR,3,0.7
Ty Johnson,RB,3,10.6
D'Ernest Johnson,RB,3,1.2
Parris Campbell,WR,3,1.3
DK Metcalf,WR,3,16.4
Noah Fant,TE,3,6.0
Terry McLaurin,WR,3,16.0
David Montgomery,RB,3,18.2
Dawson Knox,TE,3,0.7
Josh Jacobs,RB,3,4.8
Daniel Jones,QB,3,19.4
Jakob Johnson,RB,3,0.0
JaMycal Hasty,RB,3,0.5
J.J. Taylor,RB,3,0.3
James Proche,WR,3,0.0
Rico Dowdle,RB,3,5.6
J.K. Dobbins,RB,3,5.4
Reggie Gilliam,RB,3,0.0
Gabe Davis,WR,3,1.8
Jonathan Taylor,RB,3,25.5
Colby Parkinson,TE,3,2.1
Zack Moss,RB,3,15.7
Michael Pittman,WR,3,3.6
Collin Johnson,WR,3,0.0
Jauan Jennings,WR,3,35.5
Brandon Aiyuk,WR,3,4.8
Laviska Shenault Jr.,WR,3,0.2
D'Andre Swift,RB,3,4.2
Cole Kmet,TE,3,15.7
Darnell Mooney,WR,3,6.6
Justin Jefferson,WR,3,14.1
Antonio Gibson,RB,3,3.7
Devin Duvernay,WR,3,-0.1
Josiah Deguara,TE,3,0.8
Justin Herbert,QB,3,9.0
CeeDee Lamb,WR,3,4.7
Jalen Hurts,QB,3,12.9
Jerry Jeudy,WR,3,2.7
Tee Higgins,WR,3,3.9
Cam Akers,RB,3,8.9
Adam Trautman,TE,3,1.3
DeeJay Dallas,RB,3,0.0
Tyler Johnson,WR,3,2.0
Joe Burrow,QB,3,25.4
DJ Turner,WR,3,0.0
Rashod Bateman,WR,3,8.8
Nico Collins,WR,3,8.6
Chuba Hubbard,RB,3,22.9
Jaylen Waddle,WR,3,2.6
Dee Eskridge,WR,3,3.0
Dyami Brown,WR,3,1.6
Ihmir Smith-Marsette,WR,3,0.0
Noah Gray,TE,3,1.3
Simi Fehoko,WR,3,1.7
Jack Stoll,TE,3,0.0
Brock Wright,TE,3,3.4
Tutu Atwell,WR,3,9.3
Rhamondre Stevenson,RB,3,0.3
Kylen Granson,TE,3,4.0
Luke Farrell,TE,3,0.1
Najee Harris,RB,3,8.6
Pat Freiermuth,TE,3,3.3
Davis Mills,QB,3,3.2
Ja'Marr Chase,WR,3,23.8
Khalil Herbert,RB,3,0.9
DeVonta Smith,WR,3,7.9
Kenny Gainwell,RB,3,1.2
Justin Fields,QB,3,18.4
Avery Williams,RB,3,0.0
Amon-Ra St. Brown,WR,3,13.5
Kyle Pitts,TE,3,5.9
Trevor Lawrence,QB,3,9.4
Mac Jones,QB,3,0.9
Travis Etienne,RB,3,8.5
Elijah Moore,WR,3,1.7
Trey Sermon,RB,3,7.6
Javonte Williams,RB,3,2.1
Hunter Long,TE,3,0.0
Tommy Tremble,TE,3,2.9
Tyler Badie,RB,3,7.0
Grant Calcaterra,TE,3,0.0
Bo Melton,WR,3,0.0
Tyler Goodson,RB,3,0.0
Britain Covey,WR,3,1.1
Irvin Charles,WR,3,0.0
Jaylen Warren,RB,3,0.1
Drake London,WR,3,12.7
Chris Olave,WR,3,14.6
Jameson Williams,WR,3,0.2
George Pickens,WR,3,5.7
James Cook,RB,3,14.7
Rachaad White,RB,3,3.5
Khalil Shakir,WR,3,13.2
Tyler Allgeier,RB,3,3.2
Jerome Ford,RB,3,7.0
Ty Chandler,RB,3,1.3
Jalen Nailor,WR,3,9.4
Andrew Ogletree,TE,3,0.0
Keaontay Ingram,RB,3,0.0
Skylar Thompson,QB,3,4.3
Tanner Conner,TE,3,0.1
Raheem Blackshear,RB,3,0.0
Rod Williams,TE,3,0.0
Stone Smartt,TE,3,0.0
Jordan Mason,RB,3,8.8
Rashid Shaheed,WR,3,0.0
Ronnie Rivers,RB,3,0.9
Alec Pierce,WR,3,4.4
Jalen Tolbert,WR,3,10.2
Garrett Wilson,WR,3,9.3
Jahan Dotson,WR,3,0.8
Treylon Burks,WR,3,0.9
Trey McBride,TE,3,2.5
Brian Robinson,RB,3,9.7
KaVontae Turpin,WR,3,11.2
Jeremy Ruckert,TE,3,1.5
Chig Okonkwo,TE,3,1.5
Romeo Doubs,WR,3,1.8
Brock Purdy,QB,3,27.8
Calvin Austin III,WR,3,15.5
Isaiah Likely,TE,3,0.4
Kyren Williams,RB,3,29.6
Zamir White,RB,3,3.4
Jake Ferguson,TE,3,9.5
Charlie Kolar,TE,3,3.0
Erik Ezukanma,WR,3,0.0
Tyquan Thornton,WR,3,0.0
Daniel Bellinger,TE,3,1.7
Wan'Dale Robinson,WR,3,6.1
Breece Hall,RB,3,14.3
Christian Watson,WR,3,6.7
Malik Willis,QB,3,25.4
Cade Otton,TE,3,2.7
Xavier Smith,WR,3,0.0
Dontayvion Wicks,WR,3,0.0
Eric Gray,RB,3,0.0
Bryce Ford-Wheaton,WR,3,0.0
Xavier Gipson,WR,3,1.6
Bijan Robinson,RB,3,11.2
Jaxon Smith-Njigba,WR,3,3.9
Quentin Johnston,WR,3,10.4
Luke Schoonmaker,TE,3,0.5
Tank Bigsby,RB,3,0.9
Michael Wilson,WR,3,6.4
Tre Tucker,WR,3,15.6
Derius Davis,WR,3,0.8
Aidan O'Connell,QB,3,7.3
Josh Whyle,TE,3,4.3
Chase Brown,RB,3,6.9
Parker Washington,WR,3,1.8
Kayshon Boutte,WR,3,0.2
Xavier Hutchinson,WR,3,0.0
Andrei Iosivas,WR,3,11.2
DeMario Douglas,WR,3,7.8
Deuce Vaughn,RB,3,1.3
Kenny McIntosh,RB,3,1.1
Jalen Brooks,WR,3,2.4
Ronnie Bell,WR,3,1.2
Jordan Mims,RB,3,0.0
Chris Brooks,RB,3,0.3
Emari Demercado,RB,3,0.7
Julian Hill,TE,3,2.4
Hunter Luepke,RB,3,4.1
Nate Adkins,TE,3,0.6
Jaleel McLaughlin,RB,3,7.4
Emanuel Wilson,RB,3,14.5
Dalton Kincaid,TE,3,10.1
Brenton Strange,TE,3,7.2
Jalin Hyatt,WR,3,0.0
Sean Tucker,RB,3,0.4
Marvin Mims Jr.,WR,3,0.9
Tank Dell,WR,3,6.2
Cedric Tillman,WR,3,0.4
Tucker Kraft,TE,3,2.4
Josh Downs,WR,3,2.2
Roschon Johnson,RB,3,6.2
Tyjae Spears,RB,3,6.1
De'Von Achane,RB,3,5.8
Elijah Higgins,TE,3,1.1
Payne Durham,TE,3,0.8
Trey Palmer,WR,3,0.0
Jonathan Mingo,WR,3,2.0
Zay Flowers,WR,3,2.3
Sam LaPorta,TE,3,3.6
Michael Mayer,TE,3,0.7
Rashee Rice,WR,3,17.1
Jahmyr Gibbs,RB,3,16.3
Luke Musgrave,TE,3,0.3
Jayden Reed,WR,3,6.9
Will Levis,QB,3,15.6
C.J. Stroud,QB,3,9.8
Anthony Richardson,QB,3,5.1
Zach Charbonnet,RB,3,22.7
Johnny Wilson,WR,3,0.9
Carson Steele,RB,3,7.4
Malik Nabers,WR,3,20.2
Brock Bowers,TE,3,4.1
Xavier Legette,WR,3,4.2
Luke McCaffrey,WR,3,4.4
Ja'Tavion Sanders,TE,3,0.0
Cade Stover,TE,3,0.0
Bucky Irving,RB,3,8.4
Isaac Guerendo,RB,3,1.9
Jacob Cowing,WR,3,0.0
Tyrone Tracy Jr.,RB,3,4.0
Jha'Quan Jackson,WR,3,0.0
Brevyn Spann-Ford,TE,3,0.0
British Brooks,RB,3,0.2
Mason Tipton,WR,3,1.1
Bo Nix,QB,3,19.3
Tip Reiman,TE,3,0.0
Will Shipley,RB,3,0.0
Jordan Whittington,WR,3,2.8
AJ Barner,TE,3,1.3
Braelon Allen,RB,3,6.8
Isaiah Davis,RB,3,0.6
Erick All,TE,3,2.2
Anthony Gould,WR,3,0.0
Theo Johnson,TE,3,1.3
Marvin Harrison Jr.,WR,3,12.4
Drake Maye,QB,3,2.1
Jalen McMillan,WR,3,0.6
Troy Franklin,WR,3,1.1
Jaylen Wright,RB,3,1.7
Ray Davis,RB,3,8.3
Adonai Mitchell,WR,3,0.0
Brian Thomas Jr.,WR,3,4.8
Xavier Worthy,WR,3,3.0
Keon Coleman,WR,3,8.4
Ja'Lynn Polk,WR,3,1.3
Jayden Daniels,QB,3,28.1
Ladd McConkey,WR,3,4.4
Caleb Williams,QB,3,19.3
Rome Odunze,WR,3,17.4
Trey Benson,RB,3,0.8
Aaron Rodgers,QB,4,11.6
Joe Flacco,QB,4,15.0
Josh Johnson,QB,4,0.0
Matthew Stafford,QB,4,6.9
Andy Dalton,QB,4,15.7
Kirk Cousins,QB,4,7.5
Zach Ertz,TE,4,2.2
Keenan Allen,WR,4,1.9
Robert Woods,WR,4,1.0
Travis Kelce,TE,4,8.9
DeAndre Hopkins,WR,4,3.1
Geno Smith,QB,4,21.6
Cordarrelle Patterson,RB,4,6.2
Brandin Cooks,WR,4,1.6
Derek Carr,QB,4,8.1
Mike Evans,WR,4,15.4
Chris Manhertz,TE,4,0.0
Amari Cooper,WR,4,3.5
Nelson Agholor,WR,4,1.0
Stefon Diggs,WR,4,13.5
DeAndre Carter,WR,4,0.0
Ameer Abdullah,RB,4,0.0
Chris Conley,WR,4,0.0
Tyler Lockett,WR,4,6.1
Sterling Shepard,WR,4,5.1
Austin Hooper,TE,4,7.3
Kalif Raymond,WR,4,0.9
Derrick Henry,RB,4,32.9
Demarcus Robinson,WR,4,3.7
Tyler Boyd,WR,4,3.1
Tyreek Hill,WR,4,4.2
Ezekiel Elliott,RB,4,2.4
Dak Prescott,QB,4,16.7
Hunter Henry,TE,4,1.2
Jared Goff,QB,4,26.2
Jacoby Brissett,QB,4,9.0
Johnny Mundt,TE,4,1.5
Zach Pascal,WR,4,0.0
Curtis Samuel,WR,4,1.5
George Kittle,TE,4,10.5
Aaron Jones,RB,4,13.9
Taysom Hill,TE,4,14.4
Tim Patrick,WR,4,5.2
Patrick Ricard,RB,4,0.0
Pharaoh Brown,TE,4,0.3
John Ross,WR,4,0.6
Samaje Perine,RB,4,7.4
Mike Williams,WR,4,6.7
Deshaun Watson,QB,4,12.2
James Conner,RB,4,17.3
Mack Hollins,WR,4,0.5
Noah Brown,WR,4,2.6
Dare Ogunbowale,RB,4,11.4
Jonnu Smith,TE,4,0.0
Mitchell Trubisky,QB,4,0.1
Patrick Mahomes,QB,4,13.0
Alvin Kamara,RB,4,17.9
Chris Godwin Jr.,WR,4,6.9
Kareem Hunt,RB,4,8.5
D'Onta Foreman,RB,4,0.7
Josh Reynolds,WR,4,0.0
Jamaal Williams,RB,4,1.9
Jeremy McNichols,RB,4,19.4
Will Dissly,TE,4,2.4
Gus Edwards,RB,4,1.9
Tyler Conklin,TE,4,1.7
Marquez Valdes-Scantling,WR,4,0.0
Courtland Sutton,WR,4,12.0
Dallas Goedert,TE,4,6.2
Jordan Akins,TE,4,1.0
Dalton Schultz,TE,4,3.4
Justin Watson,WR,4,2.7
Ray-Ray McCloud,WR,4,5.2
Braxton Berrios,WR,4,0.0
Trent Sherfield,WR,4,0.8
Allen Lazard,WR,4,5.8
Brandon Powell,WR,4,0.0
Mark Andrews,TE,4,0.0
Mason Rudolph,QB,4,3.4
Christian Kirk,WR,4,12.1
Lamar Jackson,QB,4,23.6
DJ Moore,WR,4,8.2
Mike Gesicki,TE,4,-0.9
Hayden Hurst,TE,4,0.6
Calvin Ridley,WR,4,1.5
Saquon Barkley,RB,4,11.6
KhaDarel Hodge,WR,4,0.0
Baker Mayfield,QB,4,28.9
Josh Allen,QB,4,9.3
Sam Darnold,QB,4,22.5
Steven Sims,WR,4,0.0
Jakobi Meyers,WR,4,4.9
Alexander Mattison,RB,4,6.0
Justice Hill,RB,4,15.6
Mecole Hardman,WR,4,0.0
Olamide Zaccheaus,WR,4,8.5
Deonte Harty,WR,4,0.0
Diontae Johnson,WR,4,14.3
Kyler Murray,QB,4,10.0
Miles Sanders,RB,4,4.6
Josh Oliver,TE,4,7.0
Devin Singletary,RB,4,3.8
Tony Pollard,RB,4,16.8
Gardner Minshew,QB,4,5.0
Trayveon Williams,RB,4,0.0
Myles Gaskin,RB,4,0.0
Lil'Jordan Humphrey,WR,4,0.0
Greg Dortch,WR,4,3.8
Darius Slayton,WR,4,5.6
Ty Johnson,RB,4,6.3
Alex Bachman,WR,4,0.0
D'Ernest Johnson,RB,4,0.0
Drew Sample,TE,4,0.0
Parris Campbell,WR,4,7.7
DK Metcalf,WR,4,8.4
Noah Fant,TE,4,2.6
Terry McLaurin,WR,4,11.2
David Montgomery,RB,4,14.0
Dawson Knox,TE,4,0.0
Josh Jacobs,RB,4,7.8
Daniel Jones,QB,4,9.5
Deebo Samuel Sr.,WR,4,7.2
JaMycal Hasty,RB,4,1.5
Patrick Taylor,RB,4,0.0
Tyler Huntley,QB,4,11.8
Juwan Johnson,TE,4,1.3
J.J. Taylor,RB,4,1.8
James Proche,WR,4,0.3
Rico Dowdle,RB,4,12.1
J.K. Dobbins,RB,4,6.2
Reggie Gilliam,RB,4,0.0
Gabe Davis,WR,4,-0.2
Jonathan Taylor,RB,4,16.8
Harrison Bryant,TE,4,2.1
Colby Parkinson,TE,4,3.3
Zack Moss,RB,4,13.8
Michael Pittman,WR,4,11.3
Jauan Jennings,WR,4,8.8
Brandon Aiyuk,WR,4,4.8
Jordan Love,QB,4,26.2
Laviska Shenault Jr.,WR,4,1.8
D'Andre Swift,RB,4,22.5
Cole Kmet,TE,4,3.4
Darnell Mooney,WR,4,5.6
Justin Jefferson,WR,4,14.5
Antonio Gibson,RB,4,7.9
Devin Duvernay,WR,4,0.0
K.J. Osborn,WR,4,0.3
Justin Herbert,QB,4,11.2
CeeDee Lamb,WR,4,16.6
Jalen Hurts,QB,4,18.3
Jerry Jeudy,WR,4,7.2
Tee Higgins,WR,4,6.0
Cam Akers,RB,4,5.3
Van Jefferson,WR,4,2.1
DeeJay Dallas,RB,4,0.0
Tyler Johnson,WR,4,0.0
Joe Burrow,QB,4,16.3
DJ Turner,WR,4,7.8
Rashod Bateman,WR,4,2.3
Nico Collins,WR,4,21.1
Chuba Hubbard,RB,4,18.1
Gary Brightwell,RB,4,0.0
Jaylen Waddle,WR,4,3.6
Dyami Brown,WR,4,0.4
John Bates,TE,4,0.9
Tylan Wallace,WR,4,0.0
Ihmir Smith-Marsette,WR,4,0.0
Noah Gray,TE,4,4.0
Simi Fehoko,WR,4,0.0
Jack Stoll,TE,4,0.4
Brock Wright,TE,4,1.3
Feleipe Franks,TE,4,0.0
Tutu Atwell,WR,4,8.2
Rhamondre Stevenson,RB,4,4.2
Kylen Granson,TE,4,0.0
Luke Farrell,TE,4,0.0
Najee Harris,RB,4,7.3
Pat Freiermuth,TE,4,11.7
Ja'Marr Chase,WR,4,14.5
Kenny Gainwell,RB,4,0.9
Justin Fields,QB,4,34.0
Avery Williams,RB,4,0.0
Amon-Ra St. Brown,WR,4,14.8
Kyle Pitts,TE,4,0.0
Trevor Lawrence,QB,4,14.8
Travis Etienne,RB,4,6.0
Elijah Moore,WR,4,1.1
Trey Sermon,RB,4,0.8
Josh Palmer,WR,4,3.6
Javonte Williams,RB,4,8.0
Tyler Badie,RB,4,-2.4
Grant Calcaterra,TE,4,2.6
Bo Melton,WR,4,2.8
Dareke Young,WR,4,0.0
Irvin Charles,WR,4,0.0
Drake London,WR,4,6.4
Chris Olave,WR,4,8.7
Jameson Williams,WR,4,14.0
George Pickens,WR,4,9.3
James Cook,RB,4,4.8
Greg Dulcich,TE,4,0.0
Rachaad White,RB,4,8.4
Khalil Shakir,WR,4,6.2
Tyler Allgeier,RB,4,8.0
Jerome Ford,RB,4,8.5
Ty Chandler,RB,4,1.3
Jalen Nailor,WR,4,3.1
Andrew Ogletree,TE,4,7.5
Tanner Conner,TE,4,1.5
Raheem Blackshear,RB,4,0.0
Tyreik McAllister,WR,4,1.1
Jordan Mason,RB,4,22.0
Rashid Shaheed,WR,4,9.7
Ronnie Rivers,RB,4,2.6
Aaron Shampklin,RB,4,0.5
John Metchie III,WR,4,0.7
Alec Pierce,WR,4,0.9
Jalen Tolbert,WR,4,2.4
Garrett Wilson,WR,4,2.1
Jahan Dotson,WR,4,1.1
Treylon Burks,WR,4,1.3
Brian Robinson,RB,4,17.3
KaVontae Turpin,WR,4,0.0
Jeremy Ruckert,TE,4,1.0
Chig Okonkwo,TE,4,0.5
Romeo Doubs,WR,4,3.9
Brock Purdy,QB,4,14.6
Calvin Austin III,WR,4,1.7
Isaiah Likely,TE,4,2.6
Kyren Williams,RB,4,16.4
Zamir White,RB,4,3.0
Jake Ferguson,TE,4,4.9
Charlie Kolar,TE,4,0.0
Skyy Moore,WR,4,0.0
Tyquan Thornton,WR,4,0.0
Daniel Bellinger,TE,4,0.0
Wan'Dale Robinson,WR,4,7.1
Breece Hall,RB,4,1.8
Christian Watson,WR,4,0.0
Cade Otton,TE,4,5.2
Kenneth Walker III,RB,4,29.6
Xavier Smith,WR,4,0.0
Dontayvion Wicks,WR,4,19.8
Eric Gray,RB,4,0.1
Malik Heath,WR,4,1.2
Brady Russell,RB,4,0.0
Ben VanSumeren,RB,4,0.0
Xavier Gipson,WR,4,0.6
Bijan Robinson,RB,4,7.4
Jaxon Smith-Njigba,WR,4,5.1
Quentin Johnston,WR,4,1.3
Tank Bigsby,RB,4,9.0
Darnell Washington,TE,4,3.1
Michael Wilson,WR,4,1.8
Tre Tucker,WR,4,10.4
Derius Davis,WR,4,0.0
Charlie Jones,WR,4,0.0
Josh Whyle,TE,4,0.5
Chase Brown,RB,4,21.2
Kayshon Boutte,WR,4,1.1
Andrei Iosivas,WR,4,2.9
DeMario Douglas,WR,4,1.3
Kenny McIntosh,RB,4,0.0
Emari Demercado,RB,4,2.4
Blake Whiteheart,TE,4,7.3
Hunter Luepke,RB,4,2.2
Jake Bobo,WR,4,3.0
Nate Adkins,TE,4,0.0
Jaleel McLaughlin,RB,4,4.6
Emanuel Wilson,RB,4,2.7
Dalton Kincaid,TE,4,4.7
Brenton Strange,TE,4,1.9
Jalin Hyatt,WR,4,0.0
Sean Tucker,RB,4,1.7
Marvin Mims Jr.,WR,4,0.0
Jordan Addison,WR,4,19.9
Tucker Kraft,TE,4,9.3
Josh Downs,WR,4,14.2
Roschon Johnson,RB,4,8.6
Tyjae Spears,RB,4,9.9
De'Von Achane,RB,4,2.9
Elijah Higgins,TE,4,1.2
Payne Durham,TE,4,0.0
Trey Palmer,WR,4,8.6
Jonathan Mingo,WR,4,2.4
Zay Flowers,WR,4,1.0
Sam LaPorta,TE,4,5.3
Rashee Rice,WR,4,0.0
Jahmyr Gibbs,RB,4,19.8
Luke Musgrave,TE,4,1.3
Jayden Reed,WR,4,20.1
Will Levis,QB,4,-0.5
C.J. Stroud,QB,4,23.5
Anthony Richardson,QB,4,5.2
Zach Charbonnet,RB,4,5.4
Johnny Wilson,WR,4,0.0
Carson Steele,RB,4,-1.4
Malik Nabers,WR,4,11.1
Brock Bowers,TE,4,3.1
Xavier Legette,WR,4,13.6
Luke McCaffrey,WR,4,1.7
Ja'Tavion Sanders,TE,4,1.6
Cade Stover,TE,4,2.7
Bucky Irving,RB,4,11.5
Isaac Guerendo,RB,4,0.0
Jacob Cowing,WR,4,0.0
Tyrone Tracy Jr.,RB,4,2.1
Jha'Quan Jackson,WR,4,0.0
Jalen Coker,WR,4,0.0
Brevyn Spann-Ford,TE,4,0.0
Kameron Johnson,WR,4,0.0
Mason Tipton,WR,4,0.6
Colson Yankoff,TE,4,0.0
Bo Nix,QB,4,6.7
Will Shipley,RB,4,0.0
Jordan Whittington,WR,4,6.2
AJ Barner,TE,4,8.7
Braelon Allen,RB,4,4.6
Erick All,TE,4,2.8
Theo Johnson,TE,4,0.6
Marvin Harrison Jr.,WR,4,10.5
Troy Franklin,WR,4,-0.2
Jaylen Wright,RB,4,3.2
Ray Davis,RB,4,1.1
Malik Washington,WR,4,0.8
Adonai Mitchell,WR,4,1.0
Brian Thomas Jr.,WR,4,15.9
Xavier Worthy,WR,4,13.3
Keon Coleman,WR,4,5.1
Ja'Lynn Polk,WR,4,3.0
Jayden Daniels,QB,4,22.0
Ben Sinnott,TE,4,0.0
Ladd McConkey,WR,4,12.7
Caleb Williams,QB,4,11.5
Rome Odunze,WR,4,1.0
Trey Benson,RB,4,5.0
Aaron Rodgers,QB,5,11.8
Joe Flacco,QB,5,28.6
Matthew Stafford,QB,5,12.4
Andy Dalton,QB,5,3.7
Kirk Cousins,QB,5,34.4
Zach Ertz,TE,5,1.0
Keenan Allen,WR,5,3.3
Robert Woods,WR,5,0.0
Travis Kelce,TE,5,7.0
Geno Smith,QB,5,22.6
Odell Beckham Jr.,WR,5,0.0
Derek Carr,QB,5,12.6
Mike Evans,WR,5,18.2
Jameis Winston,QB,5,0.3
Amari Cooper,WR,5,6.0
Nelson Agholor,WR,5,0.4
Stefon Diggs,WR,5,8.2
Raheem Mostert,RB,5,9.8
DeAndre Carter,WR,5,0.0
Ameer Abdullah,RB,5,11.1
Tyler Lockett,WR,5,7.5
Marcus Mariota,QB,5,0.1
Sterling Shepard,WR,5,6.4
Austin Hooper,TE,5,0.9
Derrick Henry,RB,5,15.6
Demarcus Robinson,WR,5,8.8
Tyreek Hill,WR,5,6.9
Ezekiel Elliott,RB,5,1.7
Dak Prescott,QB,5,18.4
Hunter Henry,TE,5,3.2
Jacoby Brissett,QB,5,7.4
Mo Alie-Cox,TE,5,9.7
Johnny Mundt,TE,5,3.1
Curtis Samuel,WR,5,-0.1
George Kittle,TE,5,12.4
Trent Taylor,WR,5,0.0
Aaron Jones,RB,5,5.3
Kendrick Bourne,WR,5,0.6
Nick Mullens,QB,5,1.0
Patrick Ricard,RB,5,0.0
Pharaoh Brown,TE,5,0.7
Samaje Perine,RB,5,2.4
Mike Williams,WR,5,2.5
Deshaun Watson,QB,5,10.4
James Conner,RB,5,10.0
Mack Hollins,WR,5,2.7
David Moore,WR,5,1.3
Austin Ekeler,RB,5,9.7
Dare Ogunbowale,RB,5,8.7
JuJu Smith-Schuster,WR,5,13.0
Jonnu Smith,TE,5,6.1
Patrick Mahomes,QB,5,13.4
David Njoku,TE,5,1.4
Gerald Everett,TE,5,2.2
Alvin Kamara,RB,5,6.6
Chris Godwin Jr.,WR,5,6.6
Kareem Hunt,RB,5,17.7
D'Onta Foreman,RB,5,6.0
Josh Reynolds,WR,5,6.9
Jamaal Williams,RB,5,0.9
Jeremy McNichols,RB,5,10.4
Tyler Conklin,TE,5,5.5
Marquez Valdes-Scantling,WR,5,0.0
Courtland Sutton,WR,5,3.2
Jordan Akins,TE,5,8.2
Dalton Schultz,TE,5,3.4
Ray-Ray McCloud,WR,5,6.6
Cedrick Wilson Jr.,WR,5,0.0
Braxton Berrios,WR,5,0.0
Allen Lazard,WR,5,9.4
Kyle Allen,QB,5,0.8
Brandon Powell,WR,5,0.0
Mark Andrews,TE,5,5.5
Christian Kirk,WR,5,8.8
Lamar Jackson,QB,5,33.4
Durham Smythe,TE,5,0.0
DJ Moore,WR,5,22.5
Mike Gesicki,TE,5,3.1
KhaDarel Hodge,WR,5,12.7
Baker Mayfield,QB,5,23.4
Josh Allen,QB,5,14.6
Sam Darnold,QB,5,4.3
Jakobi Meyers,WR,5,7.2
Alexander Mattison,RB,5,6.1
Justice Hill,RB,5,2.5
Foster Moreau,TE,5,7.3
Ashton Dulin,WR,5,0.9
Mecole Hardman,WR,5,3.3
Cody Thompson,WR,5,0.0
Olamide Zaccheaus,WR,5,1.0
Diontae Johnson,WR,5,2.9
Kyler Murray,QB,5,24.1
Miles Sanders,RB,5,3.3
Gardner Minshew,QB,5,7.7
Myles Gaskin,RB,5,1.3
Lil'Jordan Humphrey,WR,5,4.8
Greg Dortch,WR,5,0.7
Darius Slayton,WR,5,18.2
Ty Johnson,RB,5,1.5
Joseph Fortson,TE,5,0.5
Alex Bachman,WR,5,0.0
D'Ernest Johnson,RB,5,1.0
DK Metcalf,WR,5,3.5
Noah Fant,TE,5,2.4
Terry McLaurin,WR,5,9.4
Josh Jacobs,RB,5,15.4
Daniel Jones,QB,5,22.1
Deebo Samuel Sr.,WR,5,2.0
Jonathan Ward,RB,5,0.9
Patrick Taylor,RB,5,0.0
Tyler Huntley,QB,5,6.5
Juwan Johnson,TE,5,3.1
James Proche,WR,5,0.0
Rico Dowdle,RB,5,17.4
Gabe Davis,WR,5,1.8
Harrison Bryant,TE,5,0.0
Colby Parkinson,TE,5,5.2
Zack Moss,RB,5,5.2
Michael Pittman,WR,5,9.7
Jauan Jennings,WR,5,1.3
Brandon Aiyuk,WR,5,14.7
Jordan Love,QB,5,16.0
Laviska Shenault Jr.,WR,5,0.0
D'Andre Swift,RB,5,18.0
Cole Kmet,TE,5,5.7
Darnell Mooney,WR,5,22.5
Justin Jefferson,WR,5,9.2
Antonio Gibson,RB,5,5.6
Devin Duvernay,WR,5,0.3
Josiah Deguara,TE,5,0.2
CeeDee Lamb,WR,5,6.4
Jerry Jeudy,WR,5,1.6
Tee Higgins,WR,5,20.3
Cam Akers,RB,5,10.7
Van Jefferson,WR,5,2.6
Adam Trautman,TE,5,1.9
DeeJay Dallas,RB,5,0.0
Joe Burrow,QB,5,33.8
DJ Turner,WR,5,1.7
Rashod Bateman,WR,5,11.8
Nico Collins,WR,5,13.8
Chuba Hubbard,RB,5,13.5
Jaylen Waddle,WR,5,4.6
Dyami Brown,WR,5,11.7
Tylan Wallace,WR,5,3.1
Ihmir Smith-Marsette,WR,5,0.0
Noah Gray,TE,5,2.9
Feleipe Franks,TE,5,0.0
Tutu Atwell,WR,5,6.5
Rhamondre Stevenson,RB,5,15.2
Kylen Granson,TE,5,0.0
Luke Farrell,TE,5,1.7
Najee Harris,RB,5,7.7
Pat Freiermuth,TE,5,8.2
Ja'Marr Chase,WR,5,31.3
Khalil Herbert,RB,5,0.0
Justin Fields,QB,5,15.9
Avery Williams,RB,5,0.0
Kyle Pitts,TE,5,8.8
Trevor Lawrence,QB,5,21.2
Travis Etienne,RB,5,6.0
Elijah Moore,WR,5,1.1
Trey Sermon,RB,5,12.3
Javonte Williams,RB,5,11.1
Hunter Long,TE,5,1.6
Tommy Tremble,TE,5,-1.3
Bo Melton,WR,5,1.2
Tyler Goodson,RB,5,5.7
Drake London,WR,5,21.4
Chris Olave,WR,5,1.0
George Pickens,WR,5,2.6
James Cook,RB,5,15.9
Rachaad White,RB,5,6.6
Tyler Allgeier,RB,5,2.5
Jerome Ford,RB,5,4.9
Ty Chandler,RB,5,3.9
Andrew Ogletree,TE,5,0.5
Tanner Conner,TE,5,0.0
Brandon Johnson,WR,5,0.9
Raheem Blackshear,RB,5,0.0
Jordan Mason,RB,5,7.8
Lucas Krull,TE,5,0.5
Rashid Shaheed,WR,5,14.6
Aaron Shampklin,RB,5,1.4
Alec Pierce,WR,5,19.4
Jalen Tolbert,WR,5,14.7
Garrett Wilson,WR,5,16.1
Trey McBride,TE,5,5.3
Brian Robinson,RB,5,13.8
KaVontae Turpin,WR,5,4.4
Brock Purdy,QB,5,13.1
Calvin Austin III,WR,5,0.6
Isaiah Likely,TE,5,13.3
Kyren Williams,RB,5,14.5
Jake Ferguson,TE,5,7.0
Charlie Kolar,TE,5,12.6
Skyy Moore,WR,5,0.0
Pierre Strong,RB,5,0.2
Wan'Dale Robinson,WR,5,10.0
Breece Hall,RB,5,3.7
Cade Otton,TE,5,4.4
Kenneth Walker III,RB,5,7.6
Xavier Smith,WR,5,0.6
Dontayvion Wicks,WR,5,2.0
Will Mallory,TE,5,0.7
Eric Gray,RB,5,3.4
Tyson Bagent,QB,5,-0.4
Malik Heath,WR,5,1.4
Bryce Ford-Wheaton,WR,5,0.0
Brady Russell,RB,5,0.0
Xavier Gipson,WR,5,0.0
Bijan Robinson,RB,5,7.7
Jaxon Smith-Njigba,WR,5,9.1
Luke Schoonmaker,TE,5,0.8
Tank Bigsby,RB,5,24.9
Darnell Washington,TE,5,0.5
Michael Wilson,WR,5,7.8
Tre Tucker,WR,5,2.6
Charlie Jones,WR,5,0.0
Aidan O'Connell,QB,5,1.8
Chase Brown,RB,5,11.4
Kayshon Boutte,WR,5,3.4
Xavier Hutchinson,WR,5,3.1
Andrei Iosivas,WR,5,3.9
DeMario Douglas,WR,5,5.9
Jalen Brooks,WR,5,1.0
Emari Demercado,RB,5,0.0
Julian Hill,TE,5,0.0
Hunter Luepke,RB,5,2.4
Jake Bobo,WR,5,0.3
Nate Adkins,TE,5,0.8
Jaleel McLaughlin,RB,5,8.5
Emanuel Wilson,RB,5,1.5
Brycen Tremayne,WR,5,-0.2
John Shenker,TE,5,0.0
Dalton Kincaid,TE,5,3.4
Brenton Strange,TE,5,8.4
Sean Tucker,RB,5,0.0
Marvin Mims Jr.,WR,5,2.4
Tank Dell,WR,5,3.3
Jordan Addison,WR,5,3.6
Tucker Kraft,TE,5,20.8
Josh Downs,WR,5,6.9
Jake Haener,QB,5,1.8
Roschon Johnson,RB,5,14.5
De'Von Achane,RB,5,1.7
Elijah Higgins,TE,5,6.2
Jonathan Mingo,WR,5,3.7
Zay Flowers,WR,5,12.0
Davis Allen,TE,5,0.0
Jayden Reed,WR,5,9.7
Bryce Young,QB,5,3.1
C.J. Stroud,QB,5,17.9
Zach Charbonnet,RB,5,3.0
Chris Collier,RB,5,0.0
Carson Steele,RB,5,1.2
Brock Bowers,TE,5,15.7
Xavier Legette,WR,5,0.8
Luke McCaffrey,WR,5,1.9
Ja'Tavion Sanders,TE,5,1.3
Cade Stover,TE,5,0.6
Bucky Irving,RB,5,3.6
Isaac Guerendo,RB,5,2.2
Tyrone Tracy Jr.,RB,5,13.0
Jalen Coker,WR,5,6.8
Brevyn Spann-Ford,TE,5,2.0
Kameron Johnson,WR,5,0.0
Mason Tipton,WR,5,0.2
Colson Yankoff,TE,5,0.0
Bo Nix,QB,5,23.1
Tip Reiman,TE,5,0.5
Blake Corum,RB,5,3.3
Jordan Whittington,WR,5,8.9
AJ Barner,TE,5,1.3
Braelon Allen,RB,5,2.8
Isaiah Davis,RB,5,0.0
Erick All,TE,5,1.0
Theo Johnson,TE,5,4.8
Marvin Harrison Jr.,WR,5,3.6
Troy Franklin,WR,5,2.0
Jaylen Wright,RB,5,8.6
Ray Davis,RB,5,0.4
Malik Washington,WR,5,0.0
Adonai Mitchell,WR,5,5.2
Brian Thomas Jr.,WR,5,18.2
Xavier Worthy,WR,5,8.8
Keon Coleman,WR,5,10.9
Ja'Lynn Polk,WR,5,1.3
Jayden Daniels,QB,5,19.7
Caleb Williams,QB,5,23.6
Rome Odunze,WR,5,4.0
Aaron Rodgers,QB,6,17.8
Marcedes Lewis,TE,6,0.2
Joe Flacco,QB,6,13.7
Andy Dalton,QB,6,14.9
Kirk Cousins,QB,6,12.5
Zach Ertz,TE,6,6.8
Keenan Allen,WR,6,16.1
DeAndre Hopkins,WR,6,5.4
Geno Smith,QB,6,12.5
Mike Evans,WR,6,3.4
Allen Robinson,WR,6,0.0
Amari Cooper,WR,6,4.2
Nelson Agholor,WR,6,2.5
Stefon Diggs,WR,6,13.7
DeAndre Carter,WR,6,0.0
Ameer Abdullah,RB,6,1.8
Geoff Swaim,TE,6,0.0
Tyler Lockett,WR,6,12.5
Sterling Shepard,WR,6,5.4
Austin Hooper,TE,6,-1.5
Kalif Raymond,WR,6,7.3
Derrick Henry,RB,6,25.2
Tyler Boyd,WR,6,1.9
Ezekiel Elliott,RB,6,1.7
Dak Prescott,QB,6,3.2
Hunter Henry,TE,6,10.1
Jared Goff,QB,6,25.1
Mo Alie-Cox,TE,6,4.1
Zach Pascal,WR,6,0.0
Curtis Samuel,WR,6,4.4
George Kittle,TE,6,17.8
Kendrick Bourne,WR,6,0.9
Tim Patrick,WR,6,6.8
Mike Williams,WR,6,0.0
Deshaun Watson,QB,6,8.4
James Conner,RB,6,2.6
Mack Hollins,WR,6,6.8
David Moore,WR,6,1.7
Noah Brown,WR,6,5.8
Cooper Rush,QB,6,0.0
Austin Ekeler,RB,6,6.8
Dare Ogunbowale,RB,6,0.8
Evan Engram,TE,6,8.2
David Njoku,TE,6,3.1
Gerald Everett,TE,6,0.0
Joe Mixon,RB,6,25.2
Alvin Kamara,RB,6,12.4
Chris Godwin Jr.,WR,6,24.5
D'Onta Foreman,RB,6,4.7
Jamaal Williams,RB,6,0.7
Jeremy McNichols,RB,6,0.9
Will Dissly,TE,6,2.6
Tyler Conklin,TE,6,1.0
Courtland Sutton,WR,6,11.3
Dallas Goedert,TE,6,0.0
Ian Thomas,TE,6,0.0
Dalton Schultz,TE,6,2.7
Ray-Ray McCloud,WR,6,1.3
Cedrick Wilson Jr.,WR,6,2.8
Allen Lazard,WR,6,17.4
Mark Andrews,TE,6,12.6
Christian Kirk,WR,6,3.9
Lamar Jackson,QB,6,18.9
DJ Moore,WR,6,2.0
Calvin Ridley,WR,6,0.9
Saquon Barkley,RB,6,5.4
Baker Mayfield,QB,6,25.9
Josh Allen,QB,6,24.4
Steven Sims,WR,6,0.0
Alexander Mattison,RB,6,12.5
Justice Hill,RB,6,0.4
Foster Moreau,TE,6,5.4
Ashton Dulin,WR,6,0.0
Olamide Zaccheaus,WR,6,2.7
Deonte Harty,WR,6,0.0
Diontae Johnson,WR,6,13.8
Kyler Murray,QB,6,12.0
Miles Sanders,RB,6,1.3
Tony Pollard,RB,6,14.8
Lil'Jordan Humphrey,WR,6,0.8
Greg Dortch,WR,6,1.6
Darius Slayton,WR,6,5.7
Ty Johnson,RB,6,3.4
Craig Reynolds,RB,6,2.1
Alex Bachman,WR,6,3.1
D'Ernest Johnson,RB,6,4.4
DK Metcalf,WR,6,4.8
Noah Fant,TE,6,6.3
Terry McLaurin,WR,6,17.3
A.J. Brown,WR,6,17.6
David Montgomery,RB,6,20.0
Dawson Knox,TE,6,7.2
Josh Jacobs,RB,6,9.0
Daniel Jones,QB,6,11.8
Deebo Samuel Sr.,WR,6,17.7
JaMycal Hasty,RB,6,2.1
Jonathan Ward,RB,6,1.3
Patrick Taylor,RB,6,2.8
Juwan Johnson,TE,6,4.8
Rico Dowdle,RB,6,5.5
J.K. Dobbins,RB,6,16.2
Isaiah Hodgins,WR,6,0.5
Nick Westbrook-Ikhine,WR,6,6.9
Kristian Wilkerson,WR,6,7.8
Gabe Davis,WR,6,16.5
Harrison Bryant,TE,6,2.4
Zack Moss,RB,6,-0.5
Michael Pittman,WR,6,9.5
Jauan Jennings,WR,6,2.7
Brandon Aiyuk,WR,6,3.7
Jordan Love,QB,6,25.6
Laviska Shenault Jr.,WR,6,0.0
D'Andre Swift,RB,6,17.9
Cole Kmet,TE,6,19.0
Darnell Mooney,WR,6,3.8
Antonio Gibson,RB,6,4.3
Josiah Deguara,TE,6,0.0
Justin Herbert,QB,6,13.7
CeeDee Lamb,WR,6,9.1
Jalen Hurts,QB,6,21.9
Jerry Jeudy,WR,6,3.5
Tee Higgins,WR,6,7.7
Cam Akers,RB,6,-0.1
DeeJay Dallas,RB,6,0.0
Charlie Woerner,TE,6,0.0
Joe Burrow,QB,6,19.8
Tim Jones,WR,6,0.0
DJ Turner,WR,6,3.7
Rashod Bateman,WR,6,7.1
Chuba Hubbard,RB,6,10.3
Quintin Morris,TE,6,0.0
Dyami Brown,WR,6,1.1
John Bates,TE,6,0.0
Ihmir Smith-Marsette,WR,6,0.0
Simi Fehoko,WR,6,4.4
Brock Wright,TE,6,0.0
Feleipe Franks,TE,6,0.0
Kylen Granson,TE,6,0.0
Jaelon Darden,WR,6,0.6
Najee Harris,RB,6,18.2
Pat Freiermuth,TE,6,1.6
Davis Mills,QB,6,0.0
Ja'Marr Chase,WR,6,7.2
DeVonta Smith,WR,6,12.4
Kenny Gainwell,RB,6,2.3
Justin Fields,QB,6,23.7
Avery Williams,RB,6,0.0
Amon-Ra St. Brown,WR,6,9.7
Kyle Pitts,TE,6,7.0
Trevor Lawrence,QB,6,17.1
Mac Jones,QB,6,0.2
Travis Etienne,RB,6,-0.1
Elijah Moore,WR,6,0.3
Trey Sermon,RB,6,2.9
Josh Palmer,WR,6,3.8
Javonte Williams,RB,6,1.6
Grant Calcaterra,TE,6,6.7
Bo Melton,WR,6,3.3
Tyler Goodson,RB,6,6.5
Jaylen Warren,RB,6,1.8
Drake London,WR,6,13.4
Chris Olave,WR,6,-1.5
Jameson Williams,WR,6,14.7
George Pickens,WR,6,5.3
Dameon Pierce,RB,6,13.7
Khalil Shakir,WR,6,1.9
Tyler Allgeier,RB,6,16.8
Jerome Ford,RB,6,1.4
Andrew Ogletree,TE,6,2.4
Raheem Blackshear,RB,6,0.0
Stone Smartt,TE,6,1.0
Jordan Mason,RB,6,8.2
Lucas Krull,TE,6,1.1
Rashid Shaheed,WR,6,1.3
Julius Chestnut,RB,6,0.2
Aaron Shampklin,RB,6,-0.2
Hassan Haskins,RB,6,0.5
Alec Pierce,WR,6,0.0
Jalen Tolbert,WR,6,4.3
Garrett Wilson,WR,6,16.7
Jahan Dotson,WR,6,2.3
Treylon Burks,WR,6,1.0
Trey McBride,TE,6,9.6
KaVontae Turpin,WR,6,1.0
Jeremy Ruckert,TE,6,0.7
Chig Okonkwo,TE,6,0.6
Romeo Doubs,WR,6,16.9
Brock Purdy,QB,6,24.1
Calvin Austin III,WR,6,3.6
Isaiah Likely,TE,6,2.7
Jake Ferguson,TE,6,1.1
Charlie Kolar,TE,6,0.0
Pierre Strong,RB,6,7.8
Daniel Bellinger,TE,6,0.0
Wan'Dale Robinson,WR,6,5.0
Breece Hall,RB,6,16.9
Christian Watson,WR,6,12.8
Cade Otton,TE,6,7.5
Kenneth Walker III,RB,6,12.9
Dontayvion Wicks,WR,6,0.9
Will Mallory,TE,6,0.0
Eric Gray,RB,6,1.3
Tyson Bagent,QB,6,-0.3
Brady Russell,RB,6,0.0
Ben VanSumeren,RB,6,0.0
Xavier Gipson,WR,6,0.0
Bijan Robinson,RB,6,22.5
Jaxon Smith-Njigba,WR,6,5.3
Quentin Johnston,WR,6,2.2
Hendon Hooker,QB,6,0.7
Tank Bigsby,RB,6,2.4
Darnell Washington,TE,6,0.9
Michael Wilson,WR,6,8.1
Tre Tucker,WR,6,0.0
Derius Davis,WR,6,2.2
Charlie Jones,WR,6,0.0
Aidan O'Connell,QB,6,11.1
Josh Whyle,TE,6,0.2
Chase Brown,RB,6,12.4
Parker Washington,WR,6,0.0
Kayshon Boutte,WR,6,11.9
Xavier Hutchinson,WR,6,0.0
Andrei Iosivas,WR,6,3.6
DeMario Douglas,WR,6,15.2
Jalen Brooks,WR,6,1.5
Jordan Mims,RB,6,1.8
Chris Brooks,RB,6,2.1
Emari Demercado,RB,6,6.4
Jake Bobo,WR,6,1.8
Nate Adkins,TE,6,0.5
Jaleel McLaughlin,RB,6,2.5
Emanuel Wilson,RB,6,7.3
Ben Sims,TE,6,3.8
Ryan Miller,WR,6,3.9
Dalton Kincaid,TE,6,5.1
Brenton Strange,TE,6,1.1
Jalin Hyatt,WR,6,0.6
Sean Tucker,RB,6,31.2
Marvin Mims Jr.,WR,6,0.0
Tank Dell,WR,6,11.7
Cedric Tillman,WR,6,-0.5
Tucker Kraft,TE,6,1.5
Josh Downs,WR,6,12.5
Roschon Johnson,RB,6,3.3
Tyjae Spears,RB,6,2.7
Elijah Higgins,TE,6,0.0
Jonathan Mingo,WR,6,0.1
Zay Flowers,WR,6,13.4
Sam LaPorta,TE,6,11.2
Jahmyr Gibbs,RB,6,9.1
Jayden Reed,WR,6,8.8
Will Levis,QB,6,7.3
C.J. Stroud,QB,6,18.4
Zach Charbonnet,RB,6,3.5
Dante Miller,RB,6,0.0
Brock Bowers,TE,6,7.1
Xavier Legette,WR,6,8.3
Luke McCaffrey,WR,6,0.5
Ja'Tavion Sanders,TE,6,4.9
Cade Stover,TE,6,0.0
Bucky Irving,RB,6,16.5
Isaac Guerendo,RB,6,9.9
Sione Vaki,RB,6,0.5
Jacob Cowing,WR,6,0.0
Audric Estim,RB,6,1.3
Spencer Rattler,QB,6,12.4
Tyrone Tracy Jr.,RB,6,16.7
Bub Means,WR,6,10.5
Kimani Vidal,RB,6,11.1
Jha'Quan Jackson,WR,6,0.0
Dylan Laube,RB,6,-2.0
Ryan Flournoy,WR,6,-0.8
Devaughn Vele,WR,6,7.8
Jalen Coker,WR,6,3.0
Xavier Weaver,WR,6,0.0
D.J. Williams,RB,6,0.0
Mason Tipton,WR,6,1.5
Bo Nix,QB,6,20.7
Will Shipley,RB,6,0.0
Terrell Jennings,RB,6,1.3
AJ Barner,TE,6,1.3
Braelon Allen,RB,6,0.8
Isaiah Davis,RB,6,0.0
Erick All,TE,6,1.0
Theo Johnson,TE,6,3.0
Marvin Harrison Jr.,WR,6,0.0
Drake Maye,QB,6,21.5
Jalen McMillan,WR,6,0.0
Troy Franklin,WR,6,9.6
Ray Davis,RB,6,15.2
Adonai Mitchell,WR,6,0.9
Brian Thomas Jr.,WR,6,2.7
Keon Coleman,WR,6,2.6
Ja'Lynn Polk,WR,6,0.4
Jayden Daniels,QB,6,21.0
Ladd McConkey,WR,6,4.3
Caleb Williams,QB,6,28.6
Rome Odunze,WR,6,4.0
Trey Benson,RB,6,2.6
Aaron Rodgers,QB,7,11.0
Matthew Stafford,QB,7,4.0
Andy Dalton,QB,7,0.0
Russell Wilson,QB,7,24.9
Kirk Cousins,QB,7,9.2
Zach Ertz,TE,7,10.0
Travis Kelce,TE,7,1.7
DeAndre Hopkins,WR,7,-0.2
Geno Smith,QB,7,17.8
Odell Beckham Jr.,WR,7,0.0
Davante Adams,WR,7,3.0
Mike Evans,WR,7,8.5
Jameis Winston,QB,7,6.7
Amari Cooper,WR,7,12.6
Nelson Agholor,WR,7,2.0
Stefon Diggs,WR,7,2.3
Raheem Mostert,RB,7,3.0
Eric Tomlinson,TE,7,0.7
Chris Conley,WR,7,0.0
Geoff Swaim,TE,7,0.0
Tyler Lockett,WR,7,4.5
Marcus Mariota,QB,7,19.6
Sterling Shepard,WR,7,1.5
Austin Hooper,TE,7,3.2
Nick Vannett,TE,7,2.5
Kalif Raymond,WR,7,9.9
Derrick Henry,RB,7,24.2
Demarcus Robinson,WR,7,0.9
Tyler Boyd,WR,7,4.3
Tyreek Hill,WR,7,1.3
Hunter Henry,TE,7,9.2
Jared Goff,QB,7,18.8
Mo Alie-Cox,TE,7,0.0
Johnny Mundt,TE,7,0.8
Curtis Samuel,WR,7,0.0
George Kittle,TE,7,9.2
Aaron Jones,RB,7,17.6
Kendrick Bourne,WR,7,1.4
Tim Patrick,WR,7,2.5
Patrick Ricard,RB,7,0.0
Samaje Perine,RB,7,2.8
Mike Williams,WR,7,1.5
Deshaun Watson,QB,7,5.1
James Conner,RB,7,15.2
Mack Hollins,WR,7,0.0
David Moore,WR,7,0.0
Noah Brown,WR,7,1.6
Austin Ekeler,RB,7,2.0
Dare Ogunbowale,RB,7,0.6
Jonnu Smith,TE,7,15.6
Patrick Mahomes,QB,7,12.1
Evan Engram,TE,7,3.5
David Njoku,TE,7,13.6
Zay Jones,WR,7,0.0
Joe Mixon,RB,7,24.4
Alvin Kamara,RB,7,2.4
Chris Godwin Jr.,WR,7,6.5
Kareem Hunt,RB,7,20.3
D'Onta Foreman,RB,7,0.5
Jamaal Williams,RB,7,1.7
Jeremy McNichols,RB,7,4.2
Will Dissly,TE,7,8.1
Tim Boyle,QB,7,3.4
Tyler Conklin,TE,7,6.7
Jordan Akins,TE,7,4.2
Ian Thomas,TE,7,0.4
Dalton Schultz,TE,7,2.8
Justin Watson,WR,7,0.8
Ray-Ray McCloud,WR,7,0.9
Cedrick Wilson Jr.,WR,7,11.7
Braxton Berrios,WR,7,0.0
Trent Sherfield,WR,7,0.0
Allen Lazard,WR,7,5.8
Tanner Hudson,TE,7,0.0
Brandon Powell,WR,7,0.0
Mark Andrews,TE,7,16.1
Mason Rudolph,QB,7,9.9
Christian Kirk,WR,7,2.4
Nick Chubb,RB,7,9.2
Lamar Jackson,QB,7,34.4
Durham Smythe,TE,7,0.0
Mike Gesicki,TE,7,0.2
Calvin Ridley,WR,7,4.2
Saquon Barkley,RB,7,24.7
Baker Mayfield,QB,7,25.0
Josh Allen,QB,7,21.0
Sam Darnold,QB,7,16.3
Alexander Mattison,RB,7,12.3
Justice Hill,RB,7,10.8
Foster Moreau,TE,7,3.8
Ashton Dulin,WR,7,1.2
Mecole Hardman,WR,7,11.5
Olamide Zaccheaus,WR,7,2.5
Diontae Johnson,WR,7,1.7
Kyler Murray,QB,7,20.2
Miles Sanders,RB,7,2.8
Josh Oliver,TE,7,0.5
Devin Singletary,RB,7,2.1
Tony Pollard,RB,7,6.5
Jarrett Stidham,QB,7,-0.2
Gardner Minshew,QB,7,0.4
Lil'Jordan Humphrey,WR,7,1.2
Greg Dortch,WR,7,6.5
Darius Slayton,WR,7,1.1
Ty Johnson,RB,7,6.4
Joseph Fortson,TE,7,0.0
Alex Bachman,WR,7,0.0
D'Ernest Johnson,RB,7,7.0
Drew Sample,TE,7,0.0
Parris Campbell,WR,7,0.0
DK Metcalf,WR,7,15.9
Noah Fant,TE,7,6.5
Terry McLaurin,WR,7,9.8
A.J. Brown,WR,7,14.9
David Montgomery,RB,7,5.0
Dawson Knox,TE,7,0.5
Josh Jacobs,RB,7,15.2
Drew Lock,QB,7,1.5
Daniel Jones,QB,7,6.0
Deebo Samuel Sr.,WR,7,0.0
JaMycal Hasty,RB,7,10.7
Jonathan Ward,RB,7,0.0
Tyler Huntley,QB,7,9.5
Juwan Johnson,TE,7,1.8
J.K. Dobbins,RB,7,6.6
Nick Westbrook-Ikhine,WR,7,7.0
Gabe Davis,WR,7,1.3
Harrison Bryant,TE,7,1.9
Colby Parkinson,TE,7,3.2
Zack Moss,RB,7,4.0
Michael Pittman,WR,7,6.3
Brandon Aiyuk,WR,7,2.3
Jordan Love,QB,7,16.8
Laviska Shenault Jr.,WR,7,0.0
Darnell Mooney,WR,7,4.6
Justin Jefferson,WR,7,14.4
Antonio Gibson,RB,7,1.3
K.J. Osborn,WR,7,8.6
Justin Herbert,QB,7,14.8
Jalen Reagor,WR,7,2.0
Jalen Hurts,QB,7,22.8
Jerry Jeudy,WR,7,1.8
Tee Higgins,WR,7,14.2
Cam Akers,RB,7,0.0
Van Jefferson,WR,7,7.5
Adam Trautman,TE,7,0.0
DeeJay Dallas,RB,7,0.0
Tyler Johnson,WR,7,5.7
Charlie Woerner,TE,7,0.0
Joe Burrow,QB,7,14.9
DJ Turner,WR,7,1.7
Rashod Bateman,WR,7,18.1
Chuba Hubbard,RB,7,11.2
Quintin Morris,TE,7,0.0
Jaylen Waddle,WR,7,1.1
Dyami Brown,WR,7,2.3
John Bates,TE,7,0.0
Tylan Wallace,WR,7,0.0
Ihmir Smith-Marsette,WR,7,0.0
Noah Gray,TE,7,6.6
Simi Fehoko,WR,7,4.5
Jack Stoll,TE,7,0.0
Tutu Atwell,WR,7,5.1
Rhamondre Stevenson,RB,7,2.5
Kylen Granson,TE,7,0.0
Jaelon Darden,WR,7,0.0
Najee Harris,RB,7,16.2
Pat Freiermuth,TE,7,5.1
Ja'Marr Chase,WR,7,12.6
DeVonta Smith,WR,7,-0.2
Kenny Gainwell,RB,7,6.7
Avery Williams,RB,7,0.0
Amon-Ra St. Brown,WR,7,17.2
Kyle Pitts,TE,7,6.5
Trevor Lawrence,QB,7,13.0
Elijah Moore,WR,7,4.1
Trey Sermon,RB,7,4.9
Josh Palmer,WR,7,6.3
Javonte Williams,RB,7,23.1
Hunter Long,TE,7,0.5
Grant Calcaterra,TE,7,0.5
Bo Melton,WR,7,0.7
Tyler Goodson,RB,7,11.1
Irvin Charles,WR,7,0.0
Jaylen Warren,RB,7,5.9
Drake London,WR,7,12.3
Jameson Williams,WR,7,-0.4
George Pickens,WR,7,17.1
James Cook,RB,7,9.2
Rachaad White,RB,7,23.1
Dameon Pierce,RB,7,0.2
Khalil Shakir,WR,7,6.5
Tyler Allgeier,RB,7,4.5
Ty Chandler,RB,7,0.4
Jalen Nailor,WR,7,7.6
Andrew Ogletree,TE,7,0.0
Ko Kieft,TE,7,0.0
Raheem Blackshear,RB,7,0.0
Troy Hairston,RB,7,0.0
Stone Smartt,TE,7,3.1
Jordan Mason,RB,7,6.9
Lucas Krull,TE,7,4.1
Ronnie Rivers,RB,7,0.0
Julius Chestnut,RB,7,2.4
Hassan Haskins,RB,7,0.2
Alec Pierce,WR,7,1.5
Garrett Wilson,WR,7,6.1
Jahan Dotson,WR,7,0.0
Trey McBride,TE,7,5.1
Brian Robinson,RB,7,13.1
Chig Okonkwo,TE,7,5.0
Romeo Doubs,WR,7,9.4
Brock Purdy,QB,7,17.2
Calvin Austin III,WR,7,3.6
Isaiah Likely,TE,7,1.7
Kyren Williams,RB,7,19.6
Zamir White,RB,7,2.7
Charlie Kolar,TE,7,1.4
Skyy Moore,WR,7,0.0
Pierre Strong,RB,7,1.5
Kenny Pickett,QB,7,0.0
Daniel Bellinger,TE,7,1.1
Wan'Dale Robinson,WR,7,2.3
Breece Hall,RB,7,20.1
Christian Watson,WR,7,0.5
Cade Otton,TE,7,10.0
Kenneth Walker III,RB,7,21.3
Xavier Smith,WR,7,3.0
Dontayvion Wicks,WR,7,10.8
Will Mallory,TE,7,0.5
Eric Gray,RB,7,0.9
Bryce Ford-Wheaton,WR,7,0.0
Brady Russell,RB,7,0.0
Xavier Gipson,WR,7,0.0
Bijan Robinson,RB,7,20.3
Jaxon Smith-Njigba,WR,7,2.3
Kendre Miller,RB,7,3.7
Tank Bigsby,RB,7,23.8
Darnell Washington,TE,7,3.6
Michael Wilson,WR,7,1.5
Tre Tucker,WR,7,4.7
Charlie Jones,WR,7,0.0
Aidan O'Connell,QB,7,2.1
Clayton Tune,QB,7,0.2
Dorian Thompson-Robinson,QB,7,3.7
Josh Whyle,TE,7,3.4
Chase Brown,RB,7,5.3
Parker Washington,WR,7,0.0
Kayshon Boutte,WR,7,3.3
Xavier Hutchinson,WR,7,1.1
Andrei Iosivas,WR,7,0.0
DeMario Douglas,WR,7,1.4
Kenny McIntosh,RB,7,0.5
Ronnie Bell,WR,7,1.0
Emari Demercado,RB,7,1.4
Julian Hill,TE,7,0.4
Jake Bobo,WR,7,0.0
Nate Adkins,TE,7,0.0
Jaleel McLaughlin,RB,7,3.5
Emanuel Wilson,RB,7,1.1
Ben Sims,TE,7,0.2
Dalton Kincaid,TE,7,5.2
Jalin Hyatt,WR,7,0.0
Sean Tucker,RB,7,3.8
Marvin Mims Jr.,WR,7,1.8
Tank Dell,WR,7,0.0
Cedric Tillman,WR,7,8.1
Jordan Addison,WR,7,6.6
Tucker Kraft,TE,7,9.3
Josh Downs,WR,7,0.3
Jake Haener,QB,7,5.5
De'Von Achane,RB,7,8.5
Elijah Higgins,TE,7,0.1
Trey Palmer,WR,7,1.6
Zay Flowers,WR,7,3.0
Sam LaPorta,TE,7,2.5
Jahmyr Gibbs,RB,7,28.0
Jayden Reed,WR,7,1.0
Bryce Young,QB,7,-0.2
C.J. Stroud,QB,7,5.3
Anthony Richardson,QB,7,8.8
Zach Charbonnet,RB,7,0.9
Chris Collier,RB,7,0.0
Carson Steele,RB,7,1.7
Malik Nabers,WR,7,4.1
Brock Bowers,TE,7,9.3
Xavier Legette,WR,7,0.9
Ja'Tavion Sanders,TE,7,6.1
Cade Stover,TE,7,1.5
Bucky Irving,RB,7,13.7
Isaac Guerendo,RB,7,0.7
Sione Vaki,RB,7,0.0
Jacob Cowing,WR,7,5.0
Audric Estim,RB,7,0.9
Spencer Rattler,QB,7,10.3
Tyrone Tracy Jr.,RB,7,3.2
Bub Means,WR,7,3.7
Kimani Vidal,RB,7,1.9
Jha'Quan Jackson,WR,7,0.0
Jase McClellan,RB,7,1.7
Casey Washington,WR,7,1.4
Devaughn Vele,WR,7,2.0
Jalen Coker,WR,7,1.0
Jermaine Jackson,WR,7,0.0
Mason Tipton,WR,7,4.5
Colson Yankoff,TE,7,0.0
Bo Nix,QB,7,14.1
Tip Reiman,TE,7,0.1
Blake Corum,RB,7,1.1
Will Shipley,RB,7,1.5
Devontez Walker,WR,7,0.0
AJ Barner,TE,7,0.5
Braelon Allen,RB,7,0.6
Isaiah Davis,RB,7,1.2
Erick All,TE,7,0.0
Theo Johnson,TE,7,0.0
Marvin Harrison Jr.,WR,7,2.1
Drake Maye,QB,7,20.8
Jalen McMillan,WR,7,2.6
Troy Franklin,WR,7,5.0
Jaylen Wright,RB,7,3.3
Ray Davis,RB,7,10.7
Malik Washington,WR,7,0.9
Adonai Mitchell,WR,7,3.0
Brian Thomas Jr.,WR,7,15.1
Xavier Worthy,WR,7,2.4
Keon Coleman,WR,7,12.5
Ja'Lynn Polk,WR,7,0.0
Jayden Daniels,QB,7,5.2
Ben Sinnott,TE,7,6.6
Ladd McConkey,WR,7,4.6
Ricky Pearsall,WR,7,2.1
Michael Penix Jr.,QB,7,0.6
Aaron Rodgers,QB,8,17.3
Matthew Stafford,QB,8,24.8
Russell Wilson,QB,8,15.8
Kirk Cousins,QB,8,28.6
Zach Ertz,TE,8,7.7
Keenan Allen,WR,8,3.9
Robert Woods,WR,8,1.8
Travis Kelce,TE,8,15.0
DeAndre Hopkins,WR,8,2.9
Geno Smith,QB,8,8.1
Davante Adams,WR,8,5.4
Allen Robinson,WR,8,0.0
Chris Manhertz,TE,8,0.0
Jameis Winston,QB,8,25.6
Amari Cooper,WR,8,0.3
Nelson Agholor,WR,8,9.6
MyCole Pruitt,TE,8,1.0
Stefon Diggs,WR,8,7.7
Raheem Mostert,RB,8,15.0
Eric Tomlinson,TE,8,0.0
DeAndre Carter,WR,8,0.7
Ameer Abdullah,RB,8,1.1
Chris Conley,WR,8,0.0
Geoff Swaim,TE,8,0.7
Tyler Lockett,WR,8,0.9
Sterling Shepard,WR,8,1.8
Austin Hooper,TE,8,1.5
Nick Vannett,TE,8,0.0
Kalif Raymond,WR,8,7.4
Derrick Henry,RB,8,13.7
Demarcus Robinson,WR,8,15.5
Tyler Boyd,WR,8,1.4
Tyreek Hill,WR,8,7.2
Ezekiel Elliott,RB,8,9.8
Dak Prescott,QB,8,13.6
Hunter Henry,TE,8,4.5
Jared Goff,QB,8,15.5
Jacoby Brissett,QB,8,6.4
Mo Alie-Cox,TE,8,0.0
Johnny Mundt,TE,8,1.0
George Kittle,TE,8,18.8
Aaron Jones,RB,8,9.5
Kendrick Bourne,WR,8,0.0
Taysom Hill,TE,8,4.2
Tim Patrick,WR,8,0.0
Pharaoh Brown,TE,8,0.0
Samaje Perine,RB,8,3.0
Mike Williams,WR,8,0.0
James Conner,RB,8,12.9
Mack Hollins,WR,8,0.0
Eric Saubert,TE,8,0.0
David Moore,WR,8,3.9
Noah Brown,WR,8,13.3
Austin Ekeler,RB,8,5.8
Dare Ogunbowale,RB,8,0.4
Jonnu Smith,TE,8,2.0
Mitchell Trubisky,QB,8,-0.3
Patrick Mahomes,QB,8,18.2
Evan Engram,TE,8,9.6
David Njoku,TE,8,12.1
Zay Jones,WR,8,0.3
Dalvin Cook,RB,8,2.2
Gerald Everett,TE,8,0.3
Joe Mixon,RB,8,19.4
Alvin Kamara,RB,8,12.2
Cooper Kupp,WR,8,11.1
Kareem Hunt,RB,8,12.3
D'Onta Foreman,RB,8,2.6
Jamaal Williams,RB,8,0.4
Jeremy McNichols,RB,8,-0.1
Will Dissly,TE,8,4.1
Tyler Conklin,TE,8,10.2
Courtland Sutton,WR,8,9.1
Jordan Akins,TE,8,0.0
Dalton Schultz,TE,8,5.2
Justin Watson,WR,8,3.3
Ray-Ray McCloud,WR,8,2.6
Trent Sherfield,WR,8,7.0
Brandon Powell,WR,8,0.0
Mark Andrews,TE,8,9.6
Mason Rudolph,QB,8,19.5
Christian Kirk,WR,8,5.9
Nick Chubb,RB,8,5.2
Lamar Jackson,QB,8,24.2
DJ Moore,WR,8,3.4
Mike Gesicki,TE,8,5.3
Calvin Ridley,WR,8,12.6
Saquon Barkley,RB,8,11.1
KhaDarel Hodge,WR,8,0.0
Baker Mayfield,QB,8,22.3
Josh Allen,QB,8,19.8
Sam Darnold,QB,8,18.2
Jakobi Meyers,WR,8,11.2
Alexander Mattison,RB,8,4.4
Justice Hill,RB,8,1.9
Foster Moreau,TE,8,0.0
Ashton Dulin,WR,8,0.0
Mecole Hardman,WR,8,0.8
Olamide Zaccheaus,WR,8,0.0
Kyler Murray,QB,8,22.2
Miles Sanders,RB,8,4.5
Josh Oliver,TE,8,9.0
Devin Singletary,RB,8,2.3
Tony Pollard,RB,8,11.7
Gardner Minshew,QB,8,17.0
Scott Miller,WR,8,0.0
Trenton Irwin,WR,8,0.4
Lil'Jordan Humphrey,WR,8,0.2
Greg Dortch,WR,8,0.9
Darius Slayton,WR,8,10.8
Ty Johnson,RB,8,0.0
Joseph Fortson,TE,8,0.0
Craig Reynolds,RB,8,0.3
Alex Bachman,WR,8,0.0
D'Ernest Johnson,RB,8,2.3
Noah Fant,TE,8,2.2
Terry McLaurin,WR,8,12.5
A.J. Brown,WR,8,8.4
David Montgomery,RB,8,13.9
Dawson Knox,TE,8,5.0
Josh Jacobs,RB,8,24.5
Daniel Jones,QB,8,8.7
Deebo Samuel Sr.,WR,8,8.6
Jonathan Ward,RB,8,0.0
Patrick Taylor,RB,8,0.9
Juwan Johnson,TE,8,4.8
J.K. Dobbins,RB,8,12.8
Mason Kinsey,WR,8,0.0
Nick Westbrook-Ikhine,WR,8,9.9
Reggie Gilliam,RB,8,0.0
Gabe Davis,WR,8,0.0
Tua Tagovailoa,QB,8,14.7
Jonathan Taylor,RB,8,17.7
Colby Parkinson,TE,8,1.7
Zack Moss,RB,8,3.9
Michael Pittman,WR,8,1.6
Jordan Love,QB,8,5.7
Laviska Shenault Jr.,WR,8,1.0
D'Andre Swift,RB,8,18.9
Cole Kmet,TE,8,1.4
Darnell Mooney,WR,8,14.6
Justin Jefferson,WR,8,11.5
Antonio Gibson,RB,8,0.7
K.J. Osborn,WR,8,0.0
Justin Herbert,QB,8,24.1
CeeDee Lamb,WR,8,26.6
Jalen Reagor,WR,8,3.5
Jalen Hurts,QB,8,35.1
Jerry Jeudy,WR,8,7.9
Van Jefferson,WR,8,6.2
Adam Trautman,TE,8,14.5
DeeJay Dallas,RB,8,0.0
Tyler Johnson,WR,8,0.6
Charlie Woerner,TE,8,1.3
Joe Burrow,QB,8,12.9
Tim Jones,WR,8,2.0
DJ Turner,WR,8,9.2
Shane Zylstra,TE,8,0.0
Rashod Bateman,WR,8,2.8
Chuba Hubbard,RB,8,7.1
Jaylen Waddle,WR,8,4.5
Dee Eskridge,WR,8,0.6
Dyami Brown,WR,8,0.6
John Bates,TE,8,2.0
Tylan Wallace,WR,8,0.0
Ihmir Smith-Marsette,WR,8,0.0
Noah Gray,TE,8,2.3
Simi Fehoko,WR,8,0.0
Jack Stoll,TE,8,0.6
Brock Wright,TE,8,6.8
Tutu Atwell,WR,8,1.8
Rhamondre Stevenson,RB,8,18.5
Kylen Granson,TE,8,0.4
Jaelon Darden,WR,8,0.0
Luke Farrell,TE,8,0.0
Najee Harris,RB,8,13.1
Pat Freiermuth,TE,8,1.9
Ja'Marr Chase,WR,8,11.4
DeVonta Smith,WR,8,14.5
Kenny Gainwell,RB,8,1.9
Avery Williams,RB,8,0.0
Amon-Ra St. Brown,WR,8,6.7
Kyle Pitts,TE,8,21.1
Trevor Lawrence,QB,8,25.3
Elijah Moore,WR,8,8.5
Trey Sermon,RB,8,1.4
Josh Palmer,WR,8,7.2
Javonte Williams,RB,8,5.2
Hunter Long,TE,8,1.8
Tommy Tremble,TE,8,1.3
Grant Calcaterra,TE,8,5.8
Bo Melton,WR,8,0.0
Tyler Goodson,RB,8,0.0
Irvin Charles,WR,8,0.0
Jaylen Warren,RB,8,5.9
Drake London,WR,8,3.4
Chris Olave,WR,8,10.7
George Pickens,WR,8,7.4
James Cook,RB,8,25.3
Rachaad White,RB,8,10.7
Dameon Pierce,RB,8,0.4
Khalil Shakir,WR,8,10.9
Tyler Allgeier,RB,8,3.3
Montrell Washington,WR,8,0.0
Jalen Nailor,WR,8,1.6
Raheem Blackshear,RB,8,0.0
Troy Hairston,RB,8,0.0
Stone Smartt,TE,8,0.0
Jordan Mason,RB,8,1.8
Lucas Krull,TE,8,1.8
Julius Chestnut,RB,8,3.2
John Metchie III,WR,8,2.9
Hassan Haskins,RB,8,0.0
Alec Pierce,WR,8,1.1
Jalen Tolbert,WR,8,4.4
Garrett Wilson,WR,8,11.3
Trey McBride,TE,8,12.4
Brian Robinson,RB,8,7.6
KaVontae Turpin,WR,8,2.7
Jeremy Ruckert,TE,8,1.4
Chig Okonkwo,TE,8,-0.6
Romeo Doubs,WR,8,7.2
Brock Purdy,QB,8,26.0
Calvin Austin III,WR,8,11.4
Isaiah Likely,TE,8,4.7
Kyren Williams,RB,8,17.6
Zamir White,RB,8,-0.1
Jake Ferguson,TE,8,2.3
Charlie Kolar,TE,8,0.9
Pierre Strong,RB,8,0.3
Tyquan Thornton,WR,8,2.0
Wan'Dale Robinson,WR,8,3.0
Breece Hall,RB,8,8.9
Christian Watson,WR,8,3.9
Malik Willis,QB,8,8.5
Cade Otton,TE,8,20.1
Kenneth Walker III,RB,8,4.5
Xavier Smith,WR,8,0.0
Dontayvion Wicks,WR,8,1.1
Will Mallory,TE,8,0.0
Eric Gray,RB,8,0.3
Brady Russell,RB,8,0.0
Xavier Gipson,WR,8,6.1
Bijan Robinson,RB,8,16.6
Jaxon Smith-Njigba,WR,8,6.9
Hendon Hooker,QB,8,0.2
Kendre Miller,RB,8,1.6
Tank Bigsby,RB,8,8.6
Darnell Washington,TE,8,2.9
Michael Wilson,WR,8,9.1
Tre Tucker,WR,8,3.3
Charlie Jones,WR,8,0.0
Josh Whyle,TE,8,3.3
Chase Brown,RB,8,9.4
Parker Washington,WR,8,4.6
Kayshon Boutte,WR,8,4.6
Xavier Hutchinson,WR,8,1.9
Andrei Iosivas,WR,8,0.0
DeMario Douglas,WR,8,1.2
Jalen Brooks,WR,8,0.0
Ronnie Bell,WR,8,0.0
Chris Brooks,RB,8,1.7
Emari Demercado,RB,8,0.0
Julian Hill,TE,8,1.1
Hunter Luepke,RB,8,0.0
Jake Bobo,WR,8,1.5
Nate Adkins,TE,8,6.3
Jaleel McLaughlin,RB,8,11.6
Emanuel Wilson,RB,8,0.3
Ben Sims,TE,8,0.0
Rakim Jarrett,WR,8,5.8
Ryan Miller,WR,8,1.9
John Shenker,TE,8,0.7
Dalton Kincaid,TE,8,9.1
Brenton Strange,TE,8,5.9
Sean Tucker,RB,8,1.5
Marvin Mims Jr.,WR,8,0.8
Tank Dell,WR,8,9.5
Cedric Tillman,WR,8,21.9
Jordan Addison,WR,8,2.2
Tucker Kraft,TE,8,13.8
Josh Downs,WR,8,18.2
Jake Haener,QB,8,5.9
Roschon Johnson,RB,8,6.6
De'Von Achane,RB,8,20.7
Elijah Higgins,TE,8,1.3
Payne Durham,TE,8,0.0
Trey Palmer,WR,8,2.9
Jonathan Mingo,WR,8,0.0
Zay Flowers,WR,8,11.5
Sam LaPorta,TE,8,10.8
Puka Nacua,WR,8,11.1
Jahmyr Gibbs,RB,8,19.3
Jayden Reed,WR,8,5.5
Bryce Young,QB,8,13.6
C.J. Stroud,QB,8,12.4
Anthony Richardson,QB,8,13.5
Zach Charbonnet,RB,8,8.4
Chris Collier,RB,8,0.0
Carson Steele,RB,8,1.4
Malik Nabers,WR,8,7.1
Brock Bowers,TE,8,5.8
Xavier Legette,WR,8,9.4
Luke McCaffrey,WR,8,0.8
Ja'Tavion Sanders,TE,8,0.7
Cade Stover,TE,8,1.9
Bucky Irving,RB,8,8.4
Isaac Guerendo,RB,8,16.2
Sione Vaki,RB,8,0.0
Jacob Cowing,WR,8,0.0
Audric Estim,RB,8,0.4
Spencer Rattler,QB,8,6.2
Tyrone Tracy Jr.,RB,8,21.0
Bub Means,WR,8,3.6
Kimani Vidal,RB,8,1.6
Jha'Quan Jackson,WR,8,0.0
Ryan Flournoy,WR,8,0.0
Devaughn Vele,WR,8,2.8
Isaiah Williams,WR,8,0.6
Jalen Coker,WR,8,13.8
Brevyn Spann-Ford,TE,8,0.0
Jermaine Jackson,WR,8,0.0
Mason Tipton,WR,8,1.4
Bo Nix,QB,8,29.8
Tip Reiman,TE,8,0.0
Blake Corum,RB,8,1.8
Will Shipley,RB,8,-0.3
AJ Barner,TE,8,3.4
Braelon Allen,RB,8,9.2
Isaiah Davis,RB,8,0.0
Jermaine Burton,WR,8,4.1
Erick All,TE,8,3.2
Theo Johnson,TE,8,3.5
Marvin Harrison Jr.,WR,8,17.1
Drake Maye,QB,8,11.5
Javon Baker,WR,8,0.0
Jalen McMillan,WR,8,5.2
Troy Franklin,WR,8,0.9
Jaylen Wright,RB,8,1.8
Ray Davis,RB,8,2.9
Malik Washington,WR,8,0.0
Adonai Mitchell,WR,8,0.9
Brian Thomas Jr.,WR,8,12.0
Xavier Worthy,WR,8,9.7
Keon Coleman,WR,8,13.0
Jayden Daniels,QB,8,22.2
Ladd McConkey,WR,8,23.1
Ricky Pearsall,WR,8,7.7
Caleb Williams,QB,8,7.9
Rome Odunze,WR,8,5.4
Trey Benson,RB,8,1.0
Aaron Rodgers,QB,9,20.3
Marcedes Lewis,TE,9,0.0
Joe Flacco,QB,9,3.1
Josh Johnson,QB,9,0.2
Matthew Stafford,QB,9,17.9
Kirk Cousins,QB,9,19.8
Zach Ertz,TE,9,0.5
Keenan Allen,WR,9,3.6
Robert Woods,WR,9,4.4
Travis Kelce,TE,9,8.0
DeAndre Hopkins,WR,9,20.6
Geno Smith,QB,9,22.1
Odell Beckham Jr.,WR,9,1.5
Derek Carr,QB,9,13.4
Jordan Matthews,TE,9,0.0
Davante Adams,WR,9,15.1
Allen Robinson,WR,9,0.2
Chris Manhertz,TE,9,6.2
Jameis Winston,QB,9,10.1
Nelson Agholor,WR,9,2.9
Raheem Mostert,RB,9,6.8
Eric Tomlinson,TE,9,0.2
DeAndre Carter,WR,9,0.0
Ameer Abdullah,RB,9,2.6
Tyler Lockett,WR,9,12.3
Sterling Shepard,WR,9,6.9
Austin Hooper,TE,9,0.8
Nick Vannett,TE,9,9.3
Kalif Raymond,WR,9,0.0
Derrick Henry,RB,9,25.3
Demarcus Robinson,WR,9,21.4
Tyler Boyd,WR,9,0.3
Tyreek Hill,WR,9,8.0
Dak Prescott,QB,9,12.3
Hunter Henry,TE,9,5.6
Jared Goff,QB,9,9.6
Johnny Mundt,TE,9,0.0
Curtis Samuel,WR,9,0.0
Aaron Jones,RB,9,8.2
Kendrick Bourne,WR,9,4.1
Taysom Hill,TE,9,12.0
Tim Patrick,WR,9,1.2
Patrick Ricard,RB,9,6.3
Samaje Perine,RB,9,9.5
Mike Williams,WR,9,0.6
James Conner,RB,9,11.9
Mack Hollins,WR,9,9.0
David Moore,WR,9,2.0
Noah Brown,WR,9,6.0
Cooper Rush,QB,9,9.0
Austin Ekeler,RB,9,14.3
Dare Ogunbowale,RB,9,-0.1
Jonnu Smith,TE,9,4.6
Patrick Mahomes,QB,9,24.5
Evan Engram,TE,9,4.5
David Njoku,TE,9,2.9
Dalvin Cook,RB,9,0.8
Gerald Everett,TE,9,0.5
Joe Mixon,RB,9,16.6
Alvin Kamara,RB,9,21.5
Cooper Kupp,WR,9,10.4
Kareem Hunt,RB,9,17.7
Jeremy McNichols,RB,9,2.0
Will Dissly,TE,9,0.9
Tyler Conklin,TE,9,-0.3
Marquez Valdes-Scantling,WR,9,0.5
Courtland Sutton,WR,9,16.3
Jordan Akins,TE,9,3.2
Dalton Schultz,TE,9,2.1
Justin Watson,WR,9,4.3
Ray-Ray McCloud,WR,9,9.5
Cedrick Wilson Jr.,WR,9,3.4
Trent Sherfield,WR,9,0.7
Tanner Hudson,TE,9,1.4
Brandon Powell,WR,9,0.9
Mark Andrews,TE,9,2.6
Mason Rudolph,QB,9,17.5
Nick Chubb,RB,9,3.5
Lamar Jackson,QB,9,23.6
Durham Smythe,TE,9,0.4
DJ Moore,WR,9,3.3
Mike Gesicki,TE,9,22.0
Hayden Hurst,TE,9,0.6
Calvin Ridley,WR,9,7.3
Saquon Barkley,RB,9,29.9
KhaDarel Hodge,WR,9,0.9
Baker Mayfield,QB,9,18.0
Josh Allen,QB,9,20.1
Sam Darnold,QB,9,21.0
Steven Sims,WR,9,0.0
Jakobi Meyers,WR,9,10.5
Alexander Mattison,RB,9,3.6
Justice Hill,RB,9,5.8
Foster Moreau,TE,9,7.7
Ashton Dulin,WR,9,1.7
Jake Browning,QB,9,-0.1
Mecole Hardman,WR,9,1.7
Olamide Zaccheaus,WR,9,4.8
Kyler Murray,QB,9,4.8
T.J. Hockenson,TE,9,2.7
Miles Sanders,RB,9,-1.0
Josh Oliver,TE,9,11.8
Devin Singletary,RB,9,3.3
Tony Pollard,RB,9,15.4
Gardner Minshew,QB,9,3.0
Trenton Irwin,WR,9,0.0
Lil'Jordan Humphrey,WR,9,1.1
Greg Dortch,WR,9,0.0
Darius Slayton,WR,9,6.0
Ty Johnson,RB,9,2.3
Travis Homer,RB,9,0.0
D'Ernest Johnson,RB,9,0.6
Drew Sample,TE,9,7.4
Terry McLaurin,WR,9,13.9
A.J. Brown,WR,9,3.6
David Montgomery,RB,9,9.6
Dawson Knox,TE,9,0.5
Josh Jacobs,RB,9,10.8
Daniel Jones,QB,9,26.4
JaMycal Hasty,RB,9,-0.3
Cody White,WR,9,4.4
Juwan Johnson,TE,9,4.1
J.J. Taylor,RB,9,2.3
Rico Dowdle,RB,9,16.7
J.K. Dobbins,RB,9,22.5
Nick Westbrook-Ikhine,WR,9,11.0
Tua Tagovailoa,QB,9,17.5
Jonathan Taylor,RB,9,5.9
Harrison Bryant,TE,9,2.2
Colby Parkinson,TE,9,0.0
Michael Pittman,WR,9,1.4
Jordan Love,QB,9,8.9
Laviska Shenault Jr.,WR,9,0.0
D'Andre Swift,RB,9,8.2
Darnell Mooney,WR,9,14.8
Justin Jefferson,WR,9,14.6
Antonio Gibson,RB,9,1.1
Justin Herbert,QB,9,19.5
CeeDee Lamb,WR,9,6.2
Jalen Reagor,WR,9,0.0
Jalen Hurts,QB,9,29.9
Jerry Jeudy,WR,9,7.3
Cam Akers,RB,9,5.3
Adam Trautman,TE,9,0.4
DeeJay Dallas,RB,9,0.2
Tyler Johnson,WR,9,3.8
Charlie Woerner,TE,9,0.0
Joe Burrow,QB,9,29.1
Tim Jones,WR,9,1.0
Kenny Yeboah,TE,9,1.2
DJ Turner,WR,9,0.0
Rashod Bateman,WR,9,2.5
Chuba Hubbard,RB,9,19.2
Quintin Morris,TE,9,6.2
Jaylen Waddle,WR,9,5.6
Dee Eskridge,WR,9,0.0
Dyami Brown,WR,9,2.4
Tylan Wallace,WR,9,0.0
Ihmir Smith-Marsette,WR,9,0.0
Noah Gray,TE,9,0.0
Simi Fehoko,WR,9,0.0
Jack Stoll,TE,9,0.0
Brock Wright,TE,9,0.1
Austin Trammell,WR,9,4.0
Tutu Atwell,WR,9,1.6
Rhamondre Stevenson,RB,9,17.4
Kylen Granson,TE,9,2.2
Jaelon Darden,WR,9,0.0
Luke Farrell,TE,9,0.5
Ja'Marr Chase,WR,9,4.3
DeVonta Smith,WR,9,14.7
Kenny Gainwell,RB,9,1.0
Avery Williams,RB,9,0.0
Amon-Ra St. Brown,WR,9,11.6
Kyle Pitts,TE,9,1.1
Trevor Lawrence,QB,9,15.6
Travis Etienne,RB,9,3.0
Elijah Moore,WR,9,2.8
Trey Sermon,RB,9,1.3
Josh Palmer,WR,9,12.3
Javonte Williams,RB,9,8.4
Hunter Long,TE,9,0.4
Grant Calcaterra,TE,9,3.0
Bo Melton,WR,9,1.9
Tyler Goodson,RB,9,0.0
Irvin Charles,WR,9,0.0
Drake London,WR,9,8.7
Chris Olave,WR,9,1.3
James Cook,RB,9,6.9
Rachaad White,RB,9,9.5
Khalil Shakir,WR,9,5.0
Tyler Allgeier,RB,9,7.8
Jerome Ford,RB,9,0.7
Jalen Nailor,WR,9,6.7
Kendric Pryor,WR,9,0.9
Raheem Blackshear,RB,9,0.0
Deven Thompkins,WR,9,-0.2
Lucas Krull,TE,9,0.0
Peyton Hendershot,TE,9,0.9
Julius Chestnut,RB,9,2.2
John Metchie III,WR,9,0.0
Hassan Haskins,RB,9,0.0
Alec Pierce,WR,9,4.1
Jalen Tolbert,WR,9,7.9
Garrett Wilson,WR,9,21.0
Jahan Dotson,WR,9,3.6
Trey McBride,TE,9,9.7
KaVontae Turpin,WR,9,3.6
Jeremy Ruckert,TE,9,0.4
Chig Okonkwo,TE,9,3.8
Romeo Doubs,WR,9,2.8
Isaiah Likely,TE,9,0.0
Kyren Williams,RB,9,9.5
Zamir White,RB,9,7.0
Jake Ferguson,TE,9,7.1
Pierre Strong,RB,9,0.8
Wan'Dale Robinson,WR,9,1.0
Breece Hall,RB,9,8.5
Desmond Ridder,QB,9,7.2
Christian Watson,WR,9,3.7
Cade Otton,TE,9,13.7
Kenneth Walker III,RB,9,10.7
Xavier Smith,WR,9,0.0
Dontayvion Wicks,WR,9,0.0
Eric Gray,RB,9,0.0
Brady Russell,RB,9,0.0
Ben VanSumeren,RB,9,0.0
Xavier Gipson,WR,9,0.0
Bijan Robinson,RB,9,14.5
Jaxon Smith-Njigba,WR,9,30.0
Quentin Johnston,WR,9,18.0
Luke Schoonmaker,TE,9,0.0
Tank Bigsby,RB,9,2.2
Michael Wilson,WR,9,0.0
Tre Tucker,WR,9,0.5
Derius Davis,WR,9,0.0
Josh Whyle,TE,9,1.2
Chase Brown,RB,9,21.7
Parker Washington,WR,9,4.1
Kayshon Boutte,WR,9,1.8
Chris Rodriguez Jr.,RB,9,5.2
Xavier Hutchinson,WR,9,0.0
Andrei Iosivas,WR,9,7.0
DeMario Douglas,WR,9,3.5
Jalen Brooks,WR,9,2.6
Jordan Mims,RB,9,3.8
Chris Brooks,RB,9,4.1
Emari Demercado,RB,9,14.0
Hunter Luepke,RB,9,0.9
Jake Bobo,WR,9,0.0
Nate Adkins,TE,9,0.0
Jaleel McLaughlin,RB,9,2.0
Emanuel Wilson,RB,9,8.9
Rakim Jarrett,WR,9,0.9
Ryan Miller,WR,9,6.1
Dalton Kincaid,TE,9,3.2
Sean Tucker,RB,9,1.7
Marvin Mims Jr.,WR,9,0.4
Tank Dell,WR,9,12.6
Cedric Tillman,WR,9,13.5
Jordan Addison,WR,9,11.1
Tucker Kraft,TE,9,3.6
Josh Downs,WR,9,6.0
Roschon Johnson,RB,9,2.1
De'Von Achane,RB,9,24.1
Elijah Higgins,TE,9,3.4
Trey Palmer,WR,9,3.3
Jonathan Mingo,WR,9,0.0
Zay Flowers,WR,9,24.7
Sam LaPorta,TE,9,2.8
Davis Allen,TE,9,0.5
Puka Nacua,WR,9,1.1
Jahmyr Gibbs,RB,9,13.6
Jayden Reed,WR,9,11.3
Bryce Young,QB,9,9.7
C.J. Stroud,QB,9,13.5
Zach Charbonnet,RB,9,3.3
Johnny Wilson,WR,9,0.0
Chris Collier,RB,9,0.0
Carson Steele,RB,9,0.9
Malik Nabers,WR,9,5.9
Brock Bowers,TE,9,10.5
Xavier Legette,WR,9,9.9
Ja'Tavion Sanders,TE,9,8.7
Cade Stover,TE,9,0.0
Bucky Irving,RB,9,3.4
Audric Estim,RB,9,3.5
Tyrone Tracy Jr.,RB,9,6.9
Kimani Vidal,RB,9,0.7
Jha'Quan Jackson,WR,9,0.3
Ryan Flournoy,WR,9,1.3
Jaheim Bell,TE,9,0.1
Devaughn Vele,WR,9,1.1
Isaiah Williams,WR,9,0.0
Jalen Coker,WR,9,3.6
Ramel Keyton,WR,9,0.7
Dallin Holker,TE,9,0.0
Jermaine Jackson,WR,9,-0.1
Mason Tipton,WR,9,0.0
Bryce Oliver,WR,9,0.0
Bo Nix,QB,9,16.7
Blake Corum,RB,9,-0.1
Will Shipley,RB,9,0.0
Ainias Smith,WR,9,0.2
AJ Barner,TE,9,2.7
Braelon Allen,RB,9,0.9
Erick All,TE,9,2.4
Theo Johnson,TE,9,11.1
Marvin Harrison Jr.,WR,9,1.4
Drake Maye,QB,9,17.7
Troy Franklin,WR,9,1.9
Jaylen Wright,RB,9,1.8
Ray Davis,RB,9,15.0
Malik Washington,WR,9,0.9
Adonai Mitchell,WR,9,2.2
Brian Thomas Jr.,WR,9,2.2
Xavier Worthy,WR,9,-1.0
Keon Coleman,WR,9,2.1
Ja'Lynn Polk,WR,9,0.0
Jayden Daniels,QB,9,19.9
Ben Sinnott,TE,9,1.2
Ladd McConkey,WR,9,6.4
Caleb Williams,QB,9,9.2
Rome Odunze,WR,9,10.4
Malachi Corley,WR,9,-0.2
Trey Benson,RB,9,11.5
Aaron Rodgers,QB,10,6.0
Joe Flacco,QB,10,12.9
Matthew Stafford,QB,10,9.7
Russell Wilson,QB,10,18.1
Kirk Cousins,QB,10,10.2
Zach Ertz,TE,10,3.1
Keenan Allen,WR,10,4.4
Robert Woods,WR,10,0.1
Travis Kelce,TE,10,12.4
DeAndre Hopkins,WR,10,5.6
Cordarrelle Patterson,RB,10,1.4
Odell Beckham Jr.,WR,10,1.7
Derek Carr,QB,10,20.5
Davante Adams,WR,10,3.1
Nelson Agholor,WR,10,6.6
MyCole Pruitt,TE,10,0.0
Raheem Mostert,RB,10,3.4
DeAndre Carter,WR,10,0.5
Sterling Shepard,WR,10,1.0
Austin Hooper,TE,10,6.4
Kalif Raymond,WR,10,0.0
Derrick Henry,RB,10,13.1
Demarcus Robinson,WR,10,2.3
Tyreek Hill,WR,10,8.7
Ezekiel Elliott,RB,10,0.2
Hunter Henry,TE,10,1.4
Jared Goff,QB,10,7.8
Christian McCaffrey,RB,10,10.7
Curtis Samuel,WR,10,3.5
George Kittle,TE,10,11.7
Aaron Jones,RB,10,10.1
Taysom Hill,TE,10,5.0
Samaje Perine,RB,10,3.7
Mike Williams,WR,10,9.2
James Conner,RB,10,17.3
Mack Hollins,WR,10,8.6
Eric Saubert,TE,10,0.0
David Moore,WR,10,1.8
Noah Brown,WR,10,3.3
Cooper Rush,QB,10,0.0
Austin Ekeler,RB,10,17.1
Dare Ogunbowale,RB,10,1.1
Jonnu Smith,TE,10,4.5
Mitchell Trubisky,QB,10,-0.1
Patrick Mahomes,QB,10,16.5
Evan Engram,TE,10,4.0
Joe Mixon,RB,10,15.0
Alvin Kamara,RB,10,10.9
Cooper Kupp,WR,10,8.0
Kareem Hunt,RB,10,10.0
Jeremy McNichols,RB,10,6.7
Will Dissly,TE,10,3.0
Gus Edwards,RB,10,5.5
Tyler Conklin,TE,10,0.8
Marquez Valdes-Scantling,WR,10,22.9
Courtland Sutton,WR,10,13.0
Dallas Goedert,TE,10,8.5
Ian Thomas,TE,10,0.3
Dalton Schultz,TE,10,6.6
Justin Watson,WR,10,0.6
Ray-Ray McCloud,WR,10,3.6
Trent Sherfield,WR,10,1.1
Tanner Hudson,TE,10,10.3
Brandon Powell,WR,10,0.0
Mark Andrews,TE,10,12.8
Lamar Jackson,QB,10,30.9
Durham Smythe,TE,10,0.6
DJ Moore,WR,10,2.7
Mike Gesicki,TE,10,3.0
Hayden Hurst,TE,10,0.0
Calvin Ridley,WR,10,20.4
Saquon Barkley,RB,10,7.8
Baker Mayfield,QB,10,8.9
Josh Allen,QB,10,18.2
Dante Pettis,WR,10,0.8
Sam Darnold,QB,10,6.4
Steven Sims,WR,10,0.0
Justice Hill,RB,10,-0.2
Foster Moreau,TE,10,0.0
Ashton Dulin,WR,10,0.7
Mecole Hardman,WR,10,0.3
Olamide Zaccheaus,WR,10,0.8
Diontae Johnson,WR,10,0.6
Kyler Murray,QB,10,28.7
T.J. Hockenson,TE,10,7.2
Miles Sanders,RB,10,0.5
Josh Oliver,TE,10,5.2
Devin Singletary,RB,10,4.5
Tony Pollard,RB,10,6.3
Trenton Irwin,WR,10,0.0
Lil'Jordan Humphrey,WR,10,2.3
Greg Dortch,WR,10,-0.1
Ty Johnson,RB,10,3.2
Travis Homer,RB,10,0.0
Terry McLaurin,WR,10,11.3
A.J. Brown,WR,10,10.9
David Montgomery,RB,10,11.6
Dawson Knox,TE,10,4.0
Daniel Jones,QB,10,12.2
Deebo Samuel Sr.,WR,10,7.6
JaMycal Hasty,RB,10,2.4
Juwan Johnson,TE,10,2.2
Rico Dowdle,RB,10,5.6
J.K. Dobbins,RB,10,5.5
Isaiah Hodgins,WR,10,0.7
Nick Westbrook-Ikhine,WR,10,3.1
Gabe Davis,WR,10,1.9
Tua Tagovailoa,QB,10,10.2
Jonathan Taylor,RB,10,12.2
Jauan Jennings,WR,10,9.3
D'Andre Swift,RB,10,6.5
Cole Kmet,TE,10,1.3
Darnell Mooney,WR,10,9.6
Justin Jefferson,WR,10,4.8
Antonio Gibson,RB,10,2.6
Devin Duvernay,WR,10,0.0
K.J. Osborn,WR,10,0.0
Justin Herbert,QB,10,19.8
CeeDee Lamb,WR,10,2.4
Jalen Reagor,WR,10,-0.2
Jalen Hurts,QB,10,31.7
Cam Akers,RB,10,4.7
Van Jefferson,WR,10,0.0
Adam Trautman,TE,10,3.4
DeeJay Dallas,RB,10,1.0
Tyler Johnson,WR,10,2.5
Charlie Woerner,TE,10,0.0
Joe Burrow,QB,10,33.7
Kenny Yeboah,TE,10,0.4
Rashod Bateman,WR,10,11.4
Chuba Hubbard,RB,10,20.9
Jaylen Waddle,WR,10,5.6
Dyami Brown,WR,10,-1.3
John Bates,TE,10,0.0
Tylan Wallace,WR,10,17.5
Ihmir Smith-Marsette,WR,10,0.0
Noah Gray,TE,10,1.8
Feleipe Franks,TE,10,0.0
Tutu Atwell,WR,10,0.6
Ben Skowronek,WR,10,0.0
Rhamondre Stevenson,RB,10,7.7
Kylen Granson,TE,10,1.5
Luke Farrell,TE,10,1.6
Najee Harris,RB,10,11.3
Pat Freiermuth,TE,10,7.7
Ja'Marr Chase,WR,10,44.4
Khalil Herbert,RB,10,0.0
DeVonta Smith,WR,10,1.4
Kenny Gainwell,RB,10,3.9
Avery Williams,RB,10,0.0
Amon-Ra St. Brown,WR,10,12.0
Kyle Pitts,TE,10,5.5
Mac Jones,QB,10,5.2
Travis Etienne,RB,10,4.3
Trey Sermon,RB,10,0.4
Josh Palmer,WR,10,3.6
Javonte Williams,RB,10,0.7
Trey Lance,QB,10,0.5
Grant Calcaterra,TE,10,0.0
Tyler Goodson,RB,10,6.9
Justyn Ross,WR,10,0.0
Jaylen Warren,RB,10,7.5
Kevin Austin Jr.,WR,10,3.6
Drake London,WR,10,9.7
Jameson Williams,WR,10,5.3
George Pickens,WR,10,15.5
James Cook,RB,10,14.5
Rachaad White,RB,10,13.0
Khalil Shakir,WR,10,5.8
Tyler Allgeier,RB,10,5.9
Ty Chandler,RB,10,1.8
Jalen Nailor,WR,10,0.4
Andrew Ogletree,TE,10,0.2
Raheem Blackshear,RB,10,0.0
Jordan Mason,RB,10,0.5
Lucas Krull,TE,10,2.1
Peyton Hendershot,TE,10,0.6
Julius Chestnut,RB,10,0.0
John Metchie III,WR,10,13.4
Hassan Haskins,RB,10,6.4
Alec Pierce,WR,10,14.1
Jalen Tolbert,WR,10,1.4
Garrett Wilson,WR,10,4.1
Jahan Dotson,WR,10,2.7
Trey McBride,TE,10,7.1
KaVontae Turpin,WR,10,0.0
Jeremy Ruckert,TE,10,1.7
Chig Okonkwo,TE,10,1.4
Brock Purdy,QB,10,23.8
Calvin Austin III,WR,10,2.0
Kyren Williams,RB,10,6.2
Jake Ferguson,TE,10,0.4
Charlie Kolar,TE,10,0.4
Kenny Pickett,QB,10,0.3
Wan'Dale Robinson,WR,10,5.1
Breece Hall,RB,10,8.3
Cade Otton,TE,10,3.5
Xavier Smith,WR,10,0.0
Will Mallory,TE,10,1.0
Eric Gray,RB,10,0.0
Keaton Mitchell,RB,10,0.0
Xavier Gipson,WR,10,0.0
Bijan Robinson,RB,10,26.4
Quentin Johnston,WR,10,8.4
Luke Schoonmaker,TE,10,0.0
Tank Bigsby,RB,10,0.4
Darnell Washington,TE,10,0.6
Michael Wilson,WR,10,2.4
Derius Davis,WR,10,2.3
Clayton Tune,QB,10,-0.1
Josh Whyle,TE,10,0.0
Chase Brown,RB,10,13.4
Kayshon Boutte,WR,10,4.7
Chris Rodriguez Jr.,RB,10,0.4
Xavier Hutchinson,WR,10,0.6
Andrei Iosivas,WR,10,2.9
DeMario Douglas,WR,10,5.0
Jalen Brooks,WR,10,0.4
Ronnie Bell,WR,10,0.0
Jordan Mims,RB,10,1.4
Emari Demercado,RB,10,2.2
Julian Hill,TE,10,0.0
Hunter Luepke,RB,10,0.0
Jaleel McLaughlin,RB,10,1.2
Rakim Jarrett,WR,10,1.0
Ryan Miller,WR,10,1.1
Dalton Kincaid,TE,10,2.4
Brenton Strange,TE,10,2.5
Jalin Hyatt,WR,10,3.9
Sean Tucker,RB,10,0.0
Marvin Mims Jr.,WR,10,3.0
Tank Dell,WR,10,3.3
Jordan Addison,WR,10,2.9
Josh Downs,WR,10,7.2
Roschon Johnson,RB,10,0.1
Tyjae Spears,RB,10,5.1
De'Von Achane,RB,10,5.2
Elijah Higgins,TE,10,1.3
Trey Palmer,WR,10,0.0
Zay Flowers,WR,10,3.4
Sam LaPorta,TE,10,12.6
Davis Allen,TE,10,3.4
Puka Nacua,WR,10,9.8
Jahmyr Gibbs,RB,10,10.8
Bryce Young,QB,10,12.0
Will Levis,QB,10,19.1
C.J. Stroud,QB,10,9.8
Johnny Wilson,WR,10,6.5
Carson Steele,RB,10,0.3
Malik Nabers,WR,10,4.8
Xavier Legette,WR,10,4.0
Luke McCaffrey,WR,10,2.3
Ja'Tavion Sanders,TE,10,6.8
Cade Stover,TE,10,0.2
Bucky Irving,RB,10,14.7
Isaac Guerendo,RB,10,0.0
Sione Vaki,RB,10,0.0
Jacob Cowing,WR,10,0.0
Audric Estim,RB,10,5.3
Tyrone Tracy Jr.,RB,10,14.4
Jha'Quan Jackson,WR,10,0.0
Ryan Flournoy,WR,10,0.0
Devaughn Vele,WR,10,9.9
Jalen Coker,WR,10,4.1
Jermaine Jackson,WR,10,0.0
Cam Grandy,TE,10,0.0
Bryce Oliver,WR,10,2.3
Bo Nix,QB,10,16.1
Blake Corum,RB,10,1.5
Will Shipley,RB,10,3.4
Ainias Smith,WR,10,0.6
Jordan Whittington,WR,10,0.0
Braelon Allen,RB,10,3.4
Isaiah Davis,RB,10,1.0
Jermaine Burton,WR,10,1.1
Theo Johnson,TE,10,3.7
Marvin Harrison Jr.,WR,10,11.4
Drake Maye,QB,10,11.8
Troy Franklin,WR,10,0.9
Jaylen Wright,RB,10,0.3
Ray Davis,RB,10,0.6
Malik Washington,WR,10,9.5
Adonai Mitchell,WR,10,7.1
Brian Thomas Jr.,WR,10,1.2
Xavier Worthy,WR,10,1.1
Ja'Lynn Polk,WR,10,6.2
Jayden Daniels,QB,10,8.6
Ladd McConkey,WR,10,5.2
Ricky Pearsall,WR,10,13.3
Caleb Williams,QB,10,6.3
Rome Odunze,WR,10,2.3
Malachi Corley,WR,10,0.2
Trey Benson,RB,10,8.7
Aaron Rodgers,QB,11,16.1
Matthew Stafford,QB,11,27.8
Russell Wilson,QB,11,6.3
Kirk Cousins,QB,11,4.9
Zach Ertz,TE,11,10.7
Keenan Allen,WR,11,4.1
Robert Woods,WR,11,1.3
Travis Kelce,TE,11,0.8
DeAndre Hopkins,WR,11,2.9
Geno Smith,QB,11,15.7
Cordarrelle Patterson,RB,11,0.0
Odell Beckham Jr.,WR,11,1.3
Derek Carr,QB,11,18.7
Davante Adams,WR,11,7.2
Allen Robinson,WR,11,0.7
Jameis Winston,QB,11,24.6
Amari Cooper,WR,11,5.5
Nelson Agholor,WR,11,0.0
Raheem Mostert,RB,11,-0.2
DeAndre Carter,WR,11,0.0
Ameer Abdullah,RB,11,7.7
Tyler Lockett,WR,11,1.9
Austin Hooper,TE,11,3.5
Nick Vannett,TE,11,0.6
Kalif Raymond,WR,11,3.0
Derrick Henry,RB,11,10.5
Demarcus Robinson,WR,11,1.9
Tyler Boyd,WR,11,3.4
Tyreek Hill,WR,11,12.1
Ezekiel Elliott,RB,11,2.4
Hunter Henry,TE,11,6.3
Jared Goff,QB,11,34.6
Mo Alie-Cox,TE,11,1.7
Johnny Mundt,TE,11,1.3
Christian McCaffrey,RB,11,10.6
Curtis Samuel,WR,11,11.8
Aaron Jones,RB,11,4.3
Kendrick Bourne,WR,11,13.0
Taysom Hill,TE,11,33.5
Tim Patrick,WR,11,2.6
Patrick Ricard,RB,11,0.5
Pharaoh Brown,TE,11,0.0
Samaje Perine,RB,11,0.8
Mack Hollins,WR,11,2.7
Eric Saubert,TE,11,0.7
Noah Brown,WR,11,0.4
Cooper Rush,QB,11,16.4
Austin Ekeler,RB,11,9.6
Dare Ogunbowale,RB,11,1.1
JuJu Smith-Schuster,WR,11,0.8
Jonnu Smith,TE,11,22.1
Patrick Mahomes,QB,11,15.8
Evan Engram,TE,11,2.8
David Njoku,TE,11,8.1
Joe Mixon,RB,11,33.3
Alvin Kamara,RB,11,8.9
Cooper Kupp,WR,11,22.6
Kareem Hunt,RB,11,6.0
Jeremy McNichols,RB,11,0.6
Ross Dwelley,TE,11,0.5
Will Dissly,TE,11,14.0
Gus Edwards,RB,11,2.7
Tyler Conklin,TE,11,0.7
Marquez Valdes-Scantling,WR,11,14.7
Courtland Sutton,WR,11,7.8
Dallas Goedert,TE,11,6.1
Jordan Akins,TE,11,1.9
Dalton Schultz,TE,11,3.3
Justin Watson,WR,11,2.6
Ray-Ray McCloud,WR,11,4.6
Trent Sherfield,WR,11,1.6
Tanner Hudson,TE,11,1.3
Brandon Powell,WR,11,1.3
Mark Andrews,TE,11,2.2
Nick Chubb,RB,11,5.0
Lamar Jackson,QB,11,14.9
Durham Smythe,TE,11,0.3
DJ Moore,WR,11,6.7
Mike Gesicki,TE,11,0.0
Calvin Ridley,WR,11,5.8
Saquon Barkley,RB,11,31.8
KhaDarel Hodge,WR,11,2.2
Josh Allen,QB,11,24.0
Dante Pettis,WR,11,0.9
Sam Darnold,QB,11,23.6
Jakobi Meyers,WR,11,4.8
Alexander Mattison,RB,11,6.9
Justice Hill,RB,11,4.1
Foster Moreau,TE,11,5.0
Ashton Dulin,WR,11,0.0
Mecole Hardman,WR,11,2.1
Olamide Zaccheaus,WR,11,1.0
Diontae Johnson,WR,11,0.0
T.J. Hockenson,TE,11,1.3
Josh Oliver,TE,11,3.4
Tony Pollard,RB,11,2.9
Gardner Minshew,QB,11,18.0
Trenton Irwin,WR,11,0.0
Lil'Jordan Humphrey,WR,11,11.2
Ty Johnson,RB,11,1.8
Craig Reynolds,RB,11,2.1
Travis Homer,RB,11,0.0
D'Ernest Johnson,RB,11,0.3
Drew Sample,TE,11,0.5
DK Metcalf,WR,11,7.0
Terry McLaurin,WR,11,1.0
A.J. Brown,WR,11,6.5
David Montgomery,RB,11,21.5
Dawson Knox,TE,11,4.0
Josh Jacobs,RB,11,19.4
Deebo Samuel Sr.,WR,11,2.1
JaMycal Hasty,RB,11,0.2
Juwan Johnson,TE,11,9.0
Rico Dowdle,RB,11,3.4
J.K. Dobbins,RB,11,17.9
Nick Westbrook-Ikhine,WR,11,17.7
Gabe Davis,WR,11,0.3
Tua Tagovailoa,QB,11,23.5
Jonathan Taylor,RB,11,6.0
Colby Parkinson,TE,11,7.9
Michael Pittman,WR,11,4.6
Jauan Jennings,WR,11,15.1
Jordan Love,QB,11,20.2
D'Andre Swift,RB,11,14.4
Cole Kmet,TE,11,4.2
Darnell Mooney,WR,11,2.7
Justin Jefferson,WR,11,8.1
Antonio Gibson,RB,11,2.0
Devin Duvernay,WR,11,0.0
Josiah Deguara,TE,11,0.0
Justin Herbert,QB,11,24.4
CeeDee Lamb,WR,11,10.6
Jalen Reagor,WR,11,0.0
Jalen Hurts,QB,11,18.7
Jerry Jeudy,WR,11,20.2
Tee Higgins,WR,11,20.8
Cam Akers,RB,11,9.6
Van Jefferson,WR,11,0.0
Adam Trautman,TE,11,0.0
Joe Burrow,QB,11,29.0
Kenny Yeboah,TE,11,7.1
DJ Turner,WR,11,2.9
Shane Zylstra,TE,11,2.2
Rashod Bateman,WR,11,3.0
Nico Collins,WR,11,5.4
Quintin Morris,TE,11,0.0
Jaylen Waddle,WR,11,3.7
Dyami Brown,WR,11,0.4
John Bates,TE,11,1.7
Tylan Wallace,WR,11,0.8
Noah Gray,TE,11,14.3
Zach Davidson,TE,11,0.5
Brock Wright,TE,11,6.5
Tutu Atwell,WR,11,2.1
Ben Skowronek,WR,11,0.4
Rhamondre Stevenson,RB,11,8.9
Kylen Granson,TE,11,0.4
Luke Farrell,TE,11,0.3
Najee Harris,RB,11,9.3
Pat Freiermuth,TE,11,1.4
Ja'Marr Chase,WR,11,19.5
Khalil Herbert,RB,11,0.0
DeVonta Smith,WR,11,2.9
Kadarius Toney,WR,11,-0.7
Kenny Gainwell,RB,11,4.9
Justin Fields,QB,11,1.7
Avery Williams,RB,11,0.0
Amon-Ra St. Brown,WR,11,27.7
Kyle Pitts,TE,11,0.9
Mac Jones,QB,11,4.2
Travis Etienne,RB,11,3.3
Elijah Moore,WR,11,12.6
Trey Sermon,RB,11,0.3
Josh Palmer,WR,11,2.3
Javonte Williams,RB,11,14.7
Grant Calcaterra,TE,11,0.0
Tyler Goodson,RB,11,0.0
Irvin Charles,WR,11,0.0
Jaylen Warren,RB,11,6.8
Kevin Austin Jr.,WR,11,1.8
Drake London,WR,11,6.1
Jameson Williams,WR,11,18.6
George Pickens,WR,11,8.9
James Cook,RB,11,14.7
Dameon Pierce,RB,11,0.2
Khalil Shakir,WR,11,7.0
Tyler Allgeier,RB,11,-0.1
Jerome Ford,RB,11,3.9
Ty Chandler,RB,11,0.0
Jalen Nailor,WR,11,0.0
Andrew Ogletree,TE,11,0.8
Jordan Mason,RB,11,1.3
Peyton Hendershot,TE,11,1.1
Julius Chestnut,RB,11,0.0
John Metchie III,WR,11,3.3
Hassan Haskins,RB,11,0.1
Tucker Fisk,TE,11,0.6
Alec Pierce,WR,11,7.4
Jalen Tolbert,WR,11,2.1
Garrett Wilson,WR,11,1.8
Jahan Dotson,WR,11,0.8
Brian Robinson,RB,11,13.2
KaVontae Turpin,WR,11,14.6
Jeremy Ruckert,TE,11,0.6
Chig Okonkwo,TE,11,1.9
Romeo Doubs,WR,11,1.7
Brock Purdy,QB,11,18.4
Calvin Austin III,WR,11,-0.1
Isaiah Likely,TE,11,5.5
Kyren Williams,RB,11,8.6
Zamir White,RB,11,0.9
Jake Ferguson,TE,11,1.1
Charlie Kolar,TE,11,0.0
Pierre Strong,RB,11,0.5
Breece Hall,RB,11,24.1
Christian Watson,WR,11,15.0
Kenneth Walker III,RB,11,11.9
Xavier Smith,WR,11,0.0
Dontayvion Wicks,WR,11,0.0
Keaton Mitchell,RB,11,0.0
Xavier Gipson,WR,11,1.7
Bijan Robinson,RB,11,6.3
Jaxon Smith-Njigba,WR,11,11.8
Quentin Johnston,WR,11,10.8
Luke Schoonmaker,TE,11,5.6
Hendon Hooker,QB,11,1.8
Darnell Washington,TE,11,4.2
Tre Tucker,WR,11,3.5
Derius Davis,WR,11,2.0
Dorian Thompson-Robinson,QB,11,0.0
Josh Whyle,TE,11,0.6
Chase Brown,RB,11,14.3
Parker Washington,WR,11,1.0
Kayshon Boutte,WR,11,3.3
Andrei Iosivas,WR,11,4.6
DeMario Douglas,WR,11,5.9
Deuce Vaughn,RB,11,1.7
Kenny McIntosh,RB,11,0.0
Brayden Willis,TE,11,0.0
Jordan Mims,RB,11,0.3
Chris Brooks,RB,11,1.3
Julian Hill,TE,11,2.8
Nate Adkins,TE,11,7.2
Jaleel McLaughlin,RB,11,1.9
Emanuel Wilson,RB,11,1.7
Brenton Strange,TE,11,0.6
Marvin Mims Jr.,WR,11,11.3
Tank Dell,WR,11,5.8
Cedric Tillman,WR,11,4.7
Jordan Addison,WR,11,12.1
Tucker Kraft,TE,11,0.0
Josh Downs,WR,11,14.4
Jake Haener,QB,11,-0.2
Roschon Johnson,RB,11,10.1
Tyjae Spears,RB,11,0.8
De'Von Achane,RB,11,16.5
Jonathan Mingo,WR,11,0.0
Zay Flowers,WR,11,9.9
Michael Mayer,TE,11,0.5
Puka Nacua,WR,11,18.3
Jahmyr Gibbs,RB,11,18.3
Jayden Reed,WR,11,7.8
Will Levis,QB,11,15.6
C.J. Stroud,QB,11,10.9
Anthony Richardson,QB,11,30.1
Zach Charbonnet,RB,11,0.5
Carson Steele,RB,11,0.7
Brock Bowers,TE,11,18.3
Luke McCaffrey,WR,11,0.0
Cade Stover,TE,11,1.5
Isaac Guerendo,RB,11,0.0
Sione Vaki,RB,11,0.9
Jacob Cowing,WR,11,0.0
Audric Estim,RB,11,2.5
Jamari Thrash,WR,11,1.1
Jha'Quan Jackson,WR,11,0.0
Jase McClellan,RB,11,1.5
Casey Washington,WR,11,0.0
Ryan Flournoy,WR,11,1.9
Jaheim Bell,TE,11,0.0
Devaughn Vele,WR,11,6.6
Brevyn Spann-Ford,TE,11,4.2
Ramel Keyton,WR,11,0.0
Bryce Oliver,WR,11,3.3
Bo Nix,QB,11,28.8
Blake Corum,RB,11,2.8
Will Shipley,RB,11,0.0
Jordan Whittington,WR,11,0.0
AJ Barner,TE,11,1.5
Braelon Allen,RB,11,0.6
Isaiah Davis,RB,11,0.0
Jermaine Burton,WR,11,0.8
Drake Maye,QB,11,20.0
Javon Baker,WR,11,0.0
Troy Franklin,WR,11,7.5
Jaylen Wright,RB,11,0.6
Ray Davis,RB,11,1.1
Malik Washington,WR,11,1.8
Adonai Mitchell,WR,11,3.5
Brian Thomas Jr.,WR,11,8.6
Xavier Worthy,WR,11,12.8
Ja'Lynn Polk,WR,11,0.0
Jayden Daniels,QB,11,11.4
Ladd McConkey,WR,11,12.3
Ricky Pearsall,WR,11,0.0
Michael Penix Jr.,QB,11,1.0
Caleb Williams,QB,11,16.2
Rome Odunze,WR,11,6.5
Malachi Corley,WR,11,1.0
Matthew Stafford,QB,12,19.2
Russell Wilson,QB,12,15.8
Adam Thielen,WR,12,5.7
Zach Ertz,TE,12,9.8
Keenan Allen,WR,12,14.6
Robert Woods,WR,12,0.8
Travis Kelce,TE,12,6.2
DeAndre Hopkins,WR,12,9.5
Geno Smith,QB,12,12.4
Cordarrelle Patterson,RB,12,-0.2
Odell Beckham Jr.,WR,12,0.0
Mike Evans,WR,12,6.8
Jameis Winston,QB,12,13.5
Raheem Mostert,RB,12,0.2
DeAndre Carter,WR,12,0.0
Ameer Abdullah,RB,12,12.5
Chris Conley,WR,12,0.0
Tyler Lockett,WR,12,2.0
Sterling Shepard,WR,12,1.6
Austin Hooper,TE,12,11.9
Nick Vannett,TE,12,0.0
Brandon Allen,QB,12,10.5
Kalif Raymond,WR,12,0.0
Derrick Henry,RB,12,14.0
Demarcus Robinson,WR,12,7.5
Tyler Boyd,WR,12,5.5
Tyreek Hill,WR,12,4.8
Ezekiel Elliott,RB,12,0.6
Hunter Henry,TE,12,4.4
Jared Goff,QB,12,10.8
Johnny Mundt,TE,12,0.7
Christian McCaffrey,RB,12,4.8
George Kittle,TE,12,14.2
Aaron Jones,RB,12,16.9
Kendrick Bourne,WR,12,3.0
Nick Mullens,QB,12,0.6
Tim Patrick,WR,12,5.5
Patrick Ricard,RB,12,0.0
Pharaoh Brown,TE,12,1.9
Samaje Perine,RB,12,2.4
James Conner,RB,12,4.9
Eric Saubert,TE,12,0.0
David Moore,WR,12,14.1
Noah Brown,WR,12,7.1
Cooper Rush,QB,12,18.0
Austin Ekeler,RB,12,2.4
Dare Ogunbowale,RB,12,0.0
JuJu Smith-Schuster,WR,12,0.6
Jonnu Smith,TE,12,14.7
Patrick Mahomes,QB,12,28.8
David Njoku,TE,12,0.9
Joe Mixon,RB,12,4.5
Cooper Kupp,WR,12,12.0
Kareem Hunt,RB,12,8.7
Jeremy McNichols,RB,12,2.2
River Cracraft,WR,12,0.0
Will Dissly,TE,12,4.7
Gus Edwards,RB,12,7.1
Courtland Sutton,WR,12,21.7
Dallas Goedert,TE,12,1.9
Jordan Akins,TE,12,3.8
Dalton Schultz,TE,12,2.0
Justin Watson,WR,12,1.5
Trent Sherfield,WR,12,0.0
Brandon Powell,WR,12,0.0
Mark Andrews,TE,12,10.6
Nick Chubb,RB,12,18.0
Lamar Jackson,QB,12,22.6
Durham Smythe,TE,12,0.8
DJ Moore,WR,12,17.9
Calvin Ridley,WR,12,9.3
Saquon Barkley,RB,12,42.2
Baker Mayfield,QB,12,18.7
Sam Darnold,QB,12,21.1
Jakobi Meyers,WR,12,12.1
Justice Hill,RB,12,12.2
Ashton Dulin,WR,12,0.0
Mecole Hardman,WR,12,1.5
Olamide Zaccheaus,WR,12,0.8
Diontae Johnson,WR,12,0.0
Kyler Murray,QB,12,10.3
T.J. Hockenson,TE,12,11.4
Devin Singletary,RB,12,7.0
Tony Pollard,RB,12,18.9
Gardner Minshew,QB,12,11.7
Lil'Jordan Humphrey,WR,12,0.4
Greg Dortch,WR,12,0.5
Darius Slayton,WR,12,0.0
Craig Reynolds,RB,12,0.6
Travis Homer,RB,12,0.0
DK Metcalf,WR,12,5.9
Terry McLaurin,WR,12,16.2
A.J. Brown,WR,12,16.9
David Montgomery,RB,12,13.3
Josh Jacobs,RB,12,28.6
Drew Lock,QB,12,0.1
Deebo Samuel Sr.,WR,12,2.1
JaMycal Hasty,RB,12,1.5
Cody White,WR,12,0.0
Rico Dowdle,RB,12,7.8
J.K. Dobbins,RB,12,5.9
Nick Westbrook-Ikhine,WR,12,10.8
Tua Tagovailoa,QB,12,28.5
Jonathan Taylor,RB,12,3.5
Colby Parkinson,TE,12,1.0
Michael Pittman,WR,12,9.6
Collin Johnson,WR,12,0.0
Jauan Jennings,WR,12,4.0
Jordan Love,QB,12,14.7
D'Andre Swift,RB,12,6.5
Cole Kmet,TE,12,6.4
Justin Jefferson,WR,12,2.7
Antonio Gibson,RB,12,4.5
Justin Herbert,QB,12,17.6
CeeDee Lamb,WR,12,6.8
Jalen Reagor,WR,12,2.0
Jalen Hurts,QB,12,15.1
Jerry Jeudy,WR,12,8.5
Cam Akers,RB,12,2.5
Van Jefferson,WR,12,3.9
Adam Trautman,TE,12,0.3
DeeJay Dallas,RB,12,0.0
Tyler Johnson,WR,12,1.1
DJ Turner,WR,12,0.5
Rashod Bateman,WR,12,10.3
Nico Collins,WR,12,15.2
Chuba Hubbard,RB,12,12.0
Jaylen Waddle,WR,12,20.4
Dyami Brown,WR,12,3.6
John Bates,TE,12,-0.7
Tylan Wallace,WR,12,1.5
Ihmir Smith-Marsette,WR,12,0.0
Noah Gray,TE,12,18.6
Brock Wright,TE,12,2.4
Feleipe Franks,TE,12,0.0
Tutu Atwell,WR,12,3.0
Ben Skowronek,WR,12,0.0
Rhamondre Stevenson,RB,12,1.3
Kylen Granson,TE,12,0.0
Najee Harris,RB,12,5.4
Pat Freiermuth,TE,12,5.9
Kenny Gainwell,RB,12,8.2
Justin Fields,QB,12,2.6
Amon-Ra St. Brown,WR,12,6.2
Elijah Moore,WR,12,2.1
Josh Palmer,WR,12,3.8
Javonte Williams,RB,12,0.4
Tommy Tremble,TE,12,0.5
Trey Lance,QB,12,-0.3
Grant Calcaterra,TE,12,0.0
Bo Melton,WR,12,0.5
Dareke Young,WR,12,0.0
Tyler Goodson,RB,12,0.0
Britain Covey,WR,12,0.0
Jaylen Warren,RB,12,12.4
Jameson Williams,WR,12,6.8
George Pickens,WR,12,4.8
Rachaad White,RB,12,10.7
Dameon Pierce,RB,12,0.0
Jerome Ford,RB,12,2.7
Ty Chandler,RB,12,0.0
Jalen Nailor,WR,12,6.5
Andrew Ogletree,TE,12,0.0
John FitzPatrick,TE,12,0.2
Raheem Blackshear,RB,12,0.0
Deven Thompkins,WR,12,1.3
Sincere McCormick,RB,12,3.3
Jordan Mason,RB,12,1.3
Julius Chestnut,RB,12,0.5
John Metchie III,WR,12,0.6
Hassan Haskins,RB,12,0.3
Tucker Fisk,TE,12,0.7
Alec Pierce,WR,12,3.9
Jalen Tolbert,WR,12,8.2
Jahan Dotson,WR,12,0.4
Trey McBride,TE,12,13.3
Brian Robinson,RB,12,2.4
KaVontae Turpin,WR,12,0.8
Chig Okonkwo,TE,12,13.0
Romeo Doubs,WR,12,5.4
Calvin Austin III,WR,12,13.8
Kyren Williams,RB,12,11.2
Charlie Kolar,TE,12,0.6
Kenny Pickett,QB,12,-0.2
Daniel Bellinger,TE,12,0.0
Wan'Dale Robinson,WR,12,4.7
Desmond Ridder,QB,12,2.9
Christian Watson,WR,12,0.4
Cade Otton,TE,12,3.0
Kenneth Walker III,RB,12,9.3
Xavier Smith,WR,12,0.0
Dontayvion Wicks,WR,12,2.5
Eric Gray,RB,12,0.6
Malik Heath,WR,12,7.5
Tommy DeVito,QB,12,10.8
Jaxon Smith-Njigba,WR,12,13.7
Quentin Johnston,WR,12,0.0
Luke Schoonmaker,TE,12,11.5
Darnell Washington,TE,12,1.4
Michael Wilson,WR,12,5.4
Tre Tucker,WR,12,8.2
Derius Davis,WR,12,0.4
Josh Whyle,TE,12,0.0
Kayshon Boutte,WR,12,0.6
Xavier Hutchinson,WR,12,0.0
DeMario Douglas,WR,12,6.3
Kenny McIntosh,RB,12,0.0
Jalen Brooks,WR,12,4.1
Chris Brooks,RB,12,2.6
Emari Demercado,RB,12,1.4
Blake Whiteheart,TE,12,2.9
Julian Hill,TE,12,0.8
Hunter Luepke,RB,12,1.0
Jake Bobo,WR,12,0.8
Nate Adkins,TE,12,0.0
Jaleel McLaughlin,RB,12,4.4
Emanuel Wilson,RB,12,4.1
Rakim Jarrett,WR,12,3.0
Ryan Miller,WR,12,1.4
Sean Tucker,RB,12,7.0
Marvin Mims Jr.,WR,12,4.2
Tank Dell,WR,12,7.2
Cedric Tillman,WR,12,0.8
Jordan Addison,WR,12,22.2
Tucker Kraft,TE,12,8.6
Josh Downs,WR,12,2.7
Roschon Johnson,RB,12,7.2
De'Von Achane,RB,12,17.6
Elijah Higgins,TE,12,0.5
Payne Durham,TE,12,2.6
Trey Palmer,WR,12,1.8
Jonathan Mingo,WR,12,0.8
Zay Flowers,WR,12,6.2
Sam LaPorta,TE,12,1.9
Michael Mayer,TE,12,1.1
Davis Allen,TE,12,0.0
Puka Nacua,WR,12,11.7
Jahmyr Gibbs,RB,12,21.9
Jayden Reed,WR,12,2.6
Bryce Young,QB,12,16.5
Will Levis,QB,12,16.1
C.J. Stroud,QB,12,15.7
Anthony Richardson,QB,12,13.0
Zach Charbonnet,RB,12,2.2
Johnny Wilson,WR,12,0.0
Carson Steele,RB,12,1.3
Malik Nabers,WR,12,6.4
Brock Bowers,TE,12,3.8
Xavier Legette,WR,12,5.6
Jonathon Brooks,RB,12,0.7
Luke McCaffrey,WR,12,0.8
Ja'Tavion Sanders,TE,12,4.9
Cade Stover,TE,12,8.6
Bucky Irving,RB,12,21.2
Isaac Guerendo,RB,12,0.0
Audric Estim,RB,12,1.5
Tyrone Tracy Jr.,RB,12,5.0
Jha'Quan Jackson,WR,12,0.0
Dylan Laube,RB,12,0.0
Devaughn Vele,WR,12,8.0
Brevyn Spann-Ford,TE,12,2.4
Bryce Oliver,WR,12,0.0
Bo Nix,QB,12,19.4
Tip Reiman,TE,12,0.0
Blake Corum,RB,12,0.5
Jordan Whittington,WR,12,0.0
AJ Barner,TE,12,1.9
Theo Johnson,TE,12,3.9
Marvin Harrison Jr.,WR,12,4.7
Drake Maye,QB,12,13.5
Javon Baker,WR,12,0.0
Jalen McMillan,WR,12,1.1
Troy Franklin,WR,12,3.1
Jaylen Wright,RB,12,0.8
Malik Washington,WR,12,0.3
Adonai Mitchell,WR,12,1.0
Xavier Worthy,WR,12,5.1
Ja'Lynn Polk,WR,12,0.7
Jayden Daniels,QB,12,28.4
Ben Sinnott,TE,12,0.0
Ladd McConkey,WR,12,8.3
Ricky Pearsall,WR,12,0.0
Caleb Williams,QB,12,24.9
Rome Odunze,WR,12,3.9
Trey Benson,RB,12,1.8
Aaron Rodgers,QB,13,14.0
Matthew Stafford,QB,13,15.6
Russell Wilson,QB,13,26.9
Kirk Cousins,QB,13,2.1
Adam Thielen,WR,13,15.9
Zach Ertz,TE,13,9.5
Keenan Allen,WR,13,19.3
Robert Woods,WR,13,0.0
Travis Kelce,TE,13,6.8
DeAndre Hopkins,WR,13,9.0
Geno Smith,QB,13,12.4
Cordarrelle Patterson,RB,13,5.3
Odell Beckham Jr.,WR,13,0.9
Brandin Cooks,WR,13,7.6
Derek Carr,QB,13,12.6
Davante Adams,WR,13,12.6
Mike Evans,WR,13,17.8
Chris Manhertz,TE,13,0.0
Jameis Winston,QB,13,31.0
Amari Cooper,WR,13,1.2
Nelson Agholor,WR,13,0.0
MyCole Pruitt,TE,13,2.1
Raheem Mostert,RB,13,3.4
DeAndre Carter,WR,13,0.0
Ameer Abdullah,RB,13,5.3
Chris Conley,WR,13,0.0
Tyler Lockett,WR,13,1.6
Sterling Shepard,WR,13,4.2
Austin Hooper,TE,13,10.2
Nick Vannett,TE,13,0.6
Derrick Henry,RB,13,11.1
Demarcus Robinson,WR,13,10.9
Tyler Boyd,WR,13,3.7
Tyreek Hill,WR,13,14.3
Ezekiel Elliott,RB,13,0.4
Hunter Henry,TE,13,7.5
Jared Goff,QB,13,16.9
Mo Alie-Cox,TE,13,1.5
Johnny Mundt,TE,13,8.2
Christian McCaffrey,RB,13,6.7
Curtis Samuel,WR,13,0.7
George Kittle,TE,13,0.7
Aaron Jones,RB,13,6.8
Kendrick Bourne,WR,13,4.5
Taysom Hill,TE,13,4.7
Tim Patrick,WR,13,4.8
Pharaoh Brown,TE,13,0.0
Samaje Perine,RB,13,1.5
James Conner,RB,13,8.1
Mack Hollins,WR,13,6.7
David Moore,WR,13,4.0
Noah Brown,WR,13,2.7
Cooper Rush,QB,13,11.8
JuJu Smith-Schuster,WR,13,1.0
Jonnu Smith,TE,13,11.3
Mitchell Trubisky,QB,13,-0.1
Patrick Mahomes,QB,13,16.6
Evan Engram,TE,13,4.1
David Njoku,TE,13,17.2
Joe Mixon,RB,13,17.9
Alvin Kamara,RB,13,11.9
Cooper Kupp,WR,13,1.7
Kareem Hunt,RB,13,1.5
Jamaal Williams,RB,13,0.7
Jeremy McNichols,RB,13,3.2
Will Dissly,TE,13,0.0
Gus Edwards,RB,13,3.3
Tyler Conklin,TE,13,3.2
Marquez Valdes-Scantling,WR,13,9.6
Courtland Sutton,WR,13,10.2
Dallas Goedert,TE,13,9.5
Jordan Akins,TE,13,0.0
Dalton Schultz,TE,13,12.1
Justin Watson,WR,13,6.6
Ray-Ray McCloud,WR,13,9.3
Cedrick Wilson Jr.,WR,13,1.9
Tanner Hudson,TE,13,2.8
Brandon Powell,WR,13,0.8
Mark Andrews,TE,13,12.9
Nick Chubb,RB,13,10.5
Lamar Jackson,QB,13,25.4
Durham Smythe,TE,13,0.8
DJ Moore,WR,13,15.7
Mike Gesicki,TE,13,5.3
Calvin Ridley,WR,13,4.5
Saquon Barkley,RB,13,17.7
Baker Mayfield,QB,13,10.2
Josh Allen,QB,13,28.4
Dante Pettis,WR,13,0.5
Sam Darnold,QB,13,19.6
Jakobi Meyers,WR,13,9.7
Justice Hill,RB,13,2.1
Foster Moreau,TE,13,0.6
Mecole Hardman,WR,13,0.0
Olamide Zaccheaus,WR,13,1.4
Kyler Murray,QB,13,15.2
T.J. Hockenson,TE,13,2.8
Devin Singletary,RB,13,2.3
Tony Pollard,RB,13,4.8
Greg Dortch,WR,13,0.7
Darius Slayton,WR,13,0.8
Ty Johnson,RB,13,3.7
Drew Sample,TE,13,0.8
Parris Campbell,WR,13,0.0
DK Metcalf,WR,13,6.6
Noah Fant,TE,13,2.6
Terry McLaurin,WR,13,19.3
A.J. Brown,WR,13,6.6
David Montgomery,RB,13,12.4
Dawson Knox,TE,13,5.6
Josh Jacobs,RB,13,17.7
Drew Lock,QB,13,16.8
Deebo Samuel Sr.,WR,13,2.0
Dan Chisena,WR,13,0.6
Juwan Johnson,TE,13,3.6
Rico Dowdle,RB,13,18.3
Nick Westbrook-Ikhine,WR,13,18.1
Reggie Gilliam,RB,13,0.0
Tua Tagovailoa,QB,13,23.2
Jonathan Taylor,RB,13,16.3
Colby Parkinson,TE,13,1.3
Michael Pittman,WR,13,4.2
Collin Johnson,WR,13,0.0
Jauan Jennings,WR,13,5.6
Jordan Love,QB,13,19.0
Laviska Shenault Jr.,WR,13,0.0
D'Andre Swift,RB,13,7.4
Cole Kmet,TE,13,2.6
Darnell Mooney,WR,13,2.0
Justin Jefferson,WR,13,9.9
Antonio Gibson,RB,13,12.2
Devin Duvernay,WR,13,2.3
Justin Herbert,QB,13,6.0
CeeDee Lamb,WR,13,3.9
Jalen Hurts,QB,13,17.6
Jerry Jeudy,WR,13,29.5
Tee Higgins,WR,13,12.9
Cam Akers,RB,13,2.2
Van Jefferson,WR,13,4.3
Adam Trautman,TE,13,0.0
Tyler Johnson,WR,13,0.0
Charlie Woerner,TE,13,0.5
Stephen Sullivan,TE,13,0.0
Joe Burrow,QB,13,23.3
Tim Jones,WR,13,0.0
DJ Turner,WR,13,2.5
Nico Collins,WR,13,11.9
Chuba Hubbard,RB,13,2.3
Quintin Morris,TE,13,1.4
Jaylen Waddle,WR,13,5.3
Dyami Brown,WR,13,3.9
Tylan Wallace,WR,13,1.4
Ihmir Smith-Marsette,WR,13,0.0
Noah Gray,TE,13,5.8
Zach Davidson,TE,13,0.0
Brock Wright,TE,13,1.3
Feleipe Franks,TE,13,0.0
Kene Nwangwu,RB,13,0.0
Tutu Atwell,WR,13,3.9
Ben Skowronek,WR,13,2.3
Rhamondre Stevenson,RB,13,9.4
Kylen Granson,TE,13,0.0
Jaelon Darden,WR,13,0.0
Luke Farrell,TE,13,0.0
Najee Harris,RB,13,18.9
Pat Freiermuth,TE,13,12.8
Ja'Marr Chase,WR,13,14.6
Khalil Herbert,RB,13,1.4
Kadarius Toney,WR,13,0.3
Kenny Gainwell,RB,13,0.0
Kyle Trask,QB,13,0.2
Justin Fields,QB,13,0.7
Avery Williams,RB,13,0.0
Terrace Marshall Jr.,WR,13,0.0
Amon-Ra St. Brown,WR,13,7.3
Kyle Pitts,TE,13,0.0
Trevor Lawrence,QB,13,0.2
Mac Jones,QB,13,18.0
Travis Etienne,RB,13,5.8
Elijah Moore,WR,13,11.2
Trey Sermon,RB,13,0.0
Josh Palmer,WR,13,1.1
Javonte Williams,RB,13,6.4
Hunter Long,TE,13,0.0
Tommy Tremble,TE,13,7.7
Tyler Goodson,RB,13,0.0
Britain Covey,WR,13,0.0
Irvin Charles,WR,13,0.0
Isiah Pacheco,RB,13,4.9
Jaylen Warren,RB,13,6.4
Kevin Austin Jr.,WR,13,4.0
Drake London,WR,13,8.3
Jameson Williams,WR,13,4.6
George Pickens,WR,13,13.4
James Cook,RB,13,18.0
Rachaad White,RB,13,7.8
Dameon Pierce,RB,13,0.1
Khalil Shakir,WR,13,3.0
Tyler Allgeier,RB,13,2.2
Jerome Ford,RB,13,6.2
Ty Chandler,RB,13,0.2
Jalen Nailor,WR,13,1.8
Andrew Ogletree,TE,13,2.2
Mike Woods,WR,13,4.3
Jalen Virgil,WR,13,0.0
Raheem Blackshear,RB,13,0.0
Stone Smartt,TE,13,0.3
Sincere McCormick,RB,13,6.5
Jordan Mason,RB,13,7.8
Lucas Krull,TE,13,2.4
Julius Chestnut,RB,13,0.0
John Metchie III,WR,13,1.6
Hassan Haskins,RB,13,-2.0
Tucker Fisk,TE,13,0.1
Alec Pierce,WR,13,7.6
Jalen Tolbert,WR,13,4.1
Maurice Alexander,WR,13,0.0
Garrett Wilson,WR,13,4.1
Jahan Dotson,WR,13,0.7
Trey McBride,TE,13,9.6
Brian Robinson,RB,13,16.9
KaVontae Turpin,WR,13,5.5
Jeremy Ruckert,TE,13,0.3
Chig Okonkwo,TE,13,2.7
Brock Purdy,QB,13,4.2
Calvin Austin III,WR,13,8.9
Isaiah Likely,TE,13,9.8
Kyren Williams,RB,13,17.3
Pierre Strong,RB,13,0.0
Daniel Bellinger,TE,13,0.0
Wan'Dale Robinson,WR,13,0.6
Breece Hall,RB,13,4.0
Christian Watson,WR,13,6.7
Cade Otton,TE,13,2.0
Kenneth Walker III,RB,13,4.6
Xavier Smith,WR,13,0.0
Dontayvion Wicks,WR,13,3.0
Will Mallory,TE,13,0.7
Eric Gray,RB,13,0.0
Bryce Ford-Wheaton,WR,13,0.0
Brady Russell,RB,13,0.0
Xavier Gipson,WR,13,-0.1
Bijan Robinson,RB,13,19.5
Jaxon Smith-Njigba,WR,13,7.9
Quentin Johnston,WR,13,1.2
Luke Schoonmaker,TE,13,3.3
Tank Bigsby,RB,13,3.5
Darnell Washington,TE,13,1.0
Michael Wilson,WR,13,5.5
Tre Tucker,WR,13,12.9
Derius Davis,WR,13,0.6
Aidan O'Connell,QB,13,19.6
Josh Whyle,TE,13,0.3
Justin Shorter,TE,13,0.0
Chase Brown,RB,13,16.0
Parker Washington,WR,13,16.3
Kayshon Boutte,WR,13,4.1
Chris Rodriguez Jr.,RB,13,15.4
Andrei Iosivas,WR,13,9.5
DeMario Douglas,WR,13,2.0
Kenny McIntosh,RB,13,0.0
Jalen Brooks,WR,13,0.0
Chris Brooks,RB,13,2.9
Emari Demercado,RB,13,1.5
Blake Whiteheart,TE,13,0.0
Julian Hill,TE,13,0.5
Hunter Luepke,RB,13,0.4
Jake Bobo,WR,13,0.0
Nate Adkins,TE,13,1.6
Jaleel McLaughlin,RB,13,8.4
Emanuel Wilson,RB,13,2.0
Rakim Jarrett,WR,13,0.0
Brenton Strange,TE,13,1.4
Jalin Hyatt,WR,13,0.8
Sean Tucker,RB,13,0.0
Marvin Mims Jr.,WR,13,16.9
Tank Dell,WR,13,2.3
Jordan Addison,WR,13,5.4
Tucker Kraft,TE,13,7.8
Roschon Johnson,RB,13,0.0
Tyjae Spears,RB,13,0.3
De'Von Achane,RB,13,13.0
Elijah Higgins,TE,13,2.3
Trey Palmer,WR,13,0.0
Jonathan Mingo,WR,13,0.2
Zay Flowers,WR,13,7.1
Sam LaPorta,TE,13,12.6
Michael Mayer,TE,13,0.5
Puka Nacua,WR,13,12.3
Jahmyr Gibbs,RB,13,8.4
Jayden Reed,WR,13,16.7
Bryce Young,QB,13,23.6
Will Levis,QB,13,16.2
C.J. Stroud,QB,13,14.4
Anthony Richardson,QB,13,19.2
Zach Charbonnet,RB,13,10.1
Carson Steele,RB,13,0.0
Malik Nabers,WR,13,7.3
Brock Bowers,TE,13,20.2
Xavier Legette,WR,13,5.3
Jonathon Brooks,RB,13,4.1
Luke McCaffrey,WR,13,1.3
Cade Stover,TE,13,0.4
Bucky Irving,RB,13,24.5
Isaac Guerendo,RB,13,7.6
Jacob Cowing,WR,13,0.0
Audric Estim,RB,13,1.2
Jamari Thrash,WR,13,1.1
Tyrone Tracy Jr.,RB,13,12.5
Kimani Vidal,RB,13,2.0
Jha'Quan Jackson,WR,13,0.0
Dylan Laube,RB,13,0.0
Devaughn Vele,WR,13,1.6
Isaiah Williams,WR,13,0.0
Brevyn Spann-Ford,TE,13,0.0
Bryce Oliver,WR,13,0.0
Bo Nix,QB,13,12.2
Tip Reiman,TE,13,0.9
Blake Corum,RB,13,4.2
Will Shipley,RB,13,0.4
Jordan Whittington,WR,13,0.0
AJ Barner,TE,13,7.4
Braelon Allen,RB,13,2.7
Rasheen Ali,RB,13,0.0
Isaiah Davis,RB,13,9.2
Jermaine Burton,WR,13,0.0
Anthony Gould,WR,13,0.0
Theo Johnson,TE,13,5.4
Marvin Harrison Jr.,WR,13,12.0
Drake Maye,QB,13,17.4
Jalen McMillan,WR,13,2.5
Troy Franklin,WR,13,2.8
Ray Davis,RB,13,12.7
Malik Washington,WR,13,0.8
Adonai Mitchell,WR,13,0.0
Brian Thomas Jr.,WR,13,14.7
Xavier Worthy,WR,13,5.4
Ja'Lynn Polk,WR,13,0.0
Jayden Daniels,QB,13,27.6
Ben Sinnott,TE,13,0.3
Ladd McConkey,WR,13,11.7
Ricky Pearsall,WR,13,0.0
Caleb Williams,QB,13,26.1
Rome Odunze,WR,13,2.5
Malachi Corley,WR,13,0.8
Trey Benson,RB,13,2.0
Aaron Rodgers,QB,14,17.6
Matthew Stafford,QB,14,20.8
Russell Wilson,QB,14,16.0
Kirk Cousins,QB,14,9.8
Adam Thielen,WR,14,10.2
Keenan Allen,WR,14,3.0
Travis Kelce,TE,14,4.5
DeAndre Hopkins,WR,14,9.2
Geno Smith,QB,14,13.3
Cordarrelle Patterson,RB,14,-1.9
Odell Beckham Jr.,WR,14,0.1
Brandin Cooks,WR,14,6.3
Derek Carr,QB,14,12.0
Davante Adams,WR,14,16.9
Mike Evans,WR,14,6.9
Jameis Winston,QB,14,15.3
Amari Cooper,WR,14,9.5
MyCole Pruitt,TE,14,-0.1
DeAndre Carter,WR,14,0.0
Taylor Heinicke,QB,14,1.2
Ameer Abdullah,RB,14,-0.2
C.J. Uzomah,TE,14,0.0
Tyler Lockett,WR,14,0.0
Sterling Shepard,WR,14,6.3
Nick Vannett,TE,14,0.4
Brandon Allen,QB,14,-2.0
Demarcus Robinson,WR,14,0.0
Tyler Boyd,WR,14,0.7
Tyreek Hill,WR,14,18.1
Ezekiel Elliott,RB,14,0.6
Jared Goff,QB,14,22.0
Johnny Mundt,TE,14,0.0
Zach Pascal,WR,14,0.0
Curtis Samuel,WR,14,1.6
George Kittle,TE,14,15.1
Aaron Jones,RB,14,14.4
Nick Mullens,QB,14,-0.2
Tim Patrick,WR,14,16.3
Pharaoh Brown,TE,14,0.6
Samaje Perine,RB,14,1.9
Mike Williams,WR,14,3.6
James Conner,RB,14,18.2
Mack Hollins,WR,14,11.7
Eric Saubert,TE,14,0.4
David Moore,WR,14,2.5
Cooper Rush,QB,14,13.8
JuJu Smith-Schuster,WR,14,3.1
Jonnu Smith,TE,14,10.4
Patrick Mahomes,QB,14,14.1
Evan Engram,TE,14,3.3
David Njoku,TE,14,10.2
Zay Jones,WR,14,1.3
Alvin Kamara,RB,14,7.9
Cooper Kupp,WR,14,15.2
Kareem Hunt,RB,14,2.9
Jamaal Williams,RB,14,1.5
Jeff Wilson,RB,14,1.1
Will Dissly,TE,14,1.9
Gus Edwards,RB,14,9.6
Tyler Conklin,TE,14,3.3
Marquez Valdes-Scantling,WR,14,5.1
Jordan Akins,TE,14,1.4
Ray-Ray McCloud,WR,14,10.1
Cedrick Wilson Jr.,WR,14,1.8
Trent Sherfield,WR,14,0.0
Allen Lazard,WR,14,1.8
Tanner Hudson,TE,14,1.9
DJ Chark,WR,14,0.9
Nick Chubb,RB,14,4.8
Durham Smythe,TE,14,0.0
DJ Moore,WR,14,4.9
Mike Gesicki,TE,14,2.4
Calvin Ridley,WR,14,5.9
Saquon Barkley,RB,14,12.4
Baker Mayfield,QB,14,21.0
Josh Allen,QB,14,51.9
Dante Pettis,WR,14,0.0
Sam Darnold,QB,14,34.6
Jakobi Meyers,WR,14,6.7
Foster Moreau,TE,14,4.0
Kyler Murray,QB,14,16.0
T.J. Hockenson,TE,14,4.5
Josh Oliver,TE,14,2.6
Devin Singletary,RB,14,0.8
Tony Pollard,RB,14,12.4
Scott Miller,WR,14,3.8
Greg Dortch,WR,14,0.5
Darius Slayton,WR,14,2.7
Ty Johnson,RB,14,11.5
Travis Homer,RB,14,1.1
Drew Sample,TE,14,1.3
DK Metcalf,WR,14,4.9
Noah Fant,TE,14,1.8
A.J. Brown,WR,14,4.3
David Montgomery,RB,14,14.4
Dawson Knox,TE,14,0.5
Josh Jacobs,RB,14,24.6
Drew Lock,QB,14,13.0
Deebo Samuel Sr.,WR,14,3.5
Patrick Taylor,RB,14,8.5
Juwan Johnson,TE,14,11.0
James Proche,WR,14,1.8
Rico Dowdle,RB,14,14.1
Mason Kinsey,WR,14,0.0
Nick Westbrook-Ikhine,WR,14,1.9
Tua Tagovailoa,QB,14,21.5
Colby Parkinson,TE,14,1.1
Collin Johnson,WR,14,0.6
Jauan Jennings,WR,14,21.0
Jordan Love,QB,14,14.5
D'Andre Swift,RB,14,4.0
Cole Kmet,TE,14,0.0
Darrynton Evans,RB,14,0.3
Darnell Mooney,WR,14,14.2
Justin Jefferson,WR,14,25.2
Devin Duvernay,WR,14,0.1
Josiah Deguara,TE,14,0.0
Justin Herbert,QB,14,13.7
CeeDee Lamb,WR,14,15.4
Jalen Reagor,WR,14,0.4
Jalen Hurts,QB,14,24.2
Jerry Jeudy,WR,14,12.4
Tee Higgins,WR,14,2.3
Cam Akers,RB,14,3.7
Van Jefferson,WR,14,7.0
DeeJay Dallas,RB,14,0.0
Charlie Woerner,TE,14,1.1
Joe Burrow,QB,14,24.6
Ke'Shawn Vaughn,RB,14,0.4
Kenny Yeboah,TE,14,0.0
Chuba Hubbard,RB,14,16.7
Jaylen Waddle,WR,14,9.9
Dee Eskridge,WR,14,0.0
Ihmir Smith-Marsette,WR,14,0.0
Noah Gray,TE,14,2.6
Brock Wright,TE,14,0.0
Kene Nwangwu,RB,14,0.0
Tutu Atwell,WR,14,4.5
Ben Skowronek,WR,14,0.0
Jaelon Darden,WR,14,0.0
Najee Harris,RB,14,11.3
Pat Freiermuth,TE,14,10.8
Ja'Marr Chase,WR,14,31.1
Khalil Herbert,RB,14,1.1
DeVonta Smith,WR,14,9.7
Kadarius Toney,WR,14,0.0
Kenny Gainwell,RB,14,3.3
Avery Williams,RB,14,0.0
Terrace Marshall Jr.,WR,14,0.6
Amon-Ra St. Brown,WR,14,5.3
Kyle Pitts,TE,14,1.4
Mac Jones,QB,14,5.1
Travis Etienne,RB,14,7.0
Elijah Moore,WR,14,3.4
Josh Palmer,WR,14,7.8
Hunter Long,TE,14,0.0
Tommy Tremble,TE,14,6.3
Grant Calcaterra,TE,14,7.6
Dareke Young,WR,14,0.0
Isiah Pacheco,RB,14,6.1
Jaylen Warren,RB,14,7.2
Kevin Austin Jr.,WR,14,0.5
Drake London,WR,14,7.0
Jameson Williams,WR,14,8.0
James Cook,RB,14,2.9
Rachaad White,RB,14,22.9
Khalil Shakir,WR,14,16.6
Tyler Allgeier,RB,14,12.3
Jerome Ford,RB,14,4.7
Ty Chandler,RB,14,0.0
Mike Woods,WR,14,1.2
Jalen Virgil,WR,14,0.0
Raheem Blackshear,RB,14,0.0
Stone Smartt,TE,14,5.4
Deven Thompkins,WR,14,0.7
Sincere McCormick,RB,14,8.9
Tucker Fisk,TE,14,0.0
Jalen Tolbert,WR,14,0.0
Maurice Alexander,WR,14,0.0
Garrett Wilson,WR,14,11.4
Jahan Dotson,WR,14,0.5
Trey McBride,TE,14,7.0
KaVontae Turpin,WR,14,3.1
Jeremy Ruckert,TE,14,0.0
Chig Okonkwo,TE,14,0.8
Brock Purdy,QB,14,22.1
Calvin Austin III,WR,14,0.4
Kyren Williams,RB,14,21.7
Jake Ferguson,TE,14,3.2
Pierre Strong,RB,14,0.9
Daniel Bellinger,TE,14,4.5
Wan'Dale Robinson,WR,14,3.8
Desmond Ridder,QB,14,4.3
Christian Watson,WR,14,9.4
Cade Otton,TE,14,7.0
Xavier Smith,WR,14,0.0
Dontayvion Wicks,WR,14,4.9
Tyson Bagent,QB,14,0.2
Bryce Ford-Wheaton,WR,14,0.0
Xavier Gipson,WR,14,0.0
Nikko Remigio,WR,14,0.0
Bijan Robinson,RB,14,16.1
Jaxon Smith-Njigba,WR,14,14.6
Quentin Johnston,WR,14,10.8
Luke Schoonmaker,TE,14,2.2
Kendre Miller,RB,14,9.2
Tank Bigsby,RB,14,12.2
Darnell Washington,TE,14,0.0
Michael Wilson,WR,14,11.7
Tre Tucker,WR,14,0.7
Derius Davis,WR,14,0.1
Aidan O'Connell,QB,14,6.8
Josh Whyle,TE,14,3.1
Chase Brown,RB,14,18.3
Parker Washington,WR,14,1.5
Andrei Iosivas,WR,14,4.1
Kenny McIntosh,RB,14,4.5
Chris Brooks,RB,14,0.3
Emari Demercado,RB,14,1.5
Blake Whiteheart,TE,14,0.0
Julian Hill,TE,14,1.4
Princeton Fant,TE,14,0.0
Hunter Luepke,RB,14,0.5
Emanuel Wilson,RB,14,0.7
Ben Sims,TE,14,0.2
Rakim Jarrett,WR,14,0.0
Ryan Miller,WR,14,0.0
Brenton Strange,TE,14,2.1
Jalin Hyatt,WR,14,0.0
Sean Tucker,RB,14,4.7
Jordan Addison,WR,14,31.3
Tucker Kraft,TE,14,10.1
Jake Haener,QB,14,-0.1
Tyjae Spears,RB,14,2.3
De'Von Achane,RB,14,12.9
Payne Durham,TE,14,0.0
Trey Palmer,WR,14,0.0
Jonathan Mingo,WR,14,0.0
Sam LaPorta,TE,14,5.4
Michael Mayer,TE,14,6.8
Puka Nacua,WR,14,29.8
Jahmyr Gibbs,RB,14,13.3
Jayden Reed,WR,14,0.0
Bryce Young,QB,14,12.5
Will Levis,QB,14,7.0
Zach Charbonnet,RB,14,31.3
Johnny Wilson,WR,14,0.0
George Holani,RB,14,-0.1
Baylor Cupp,TE,14,0.0
Malik Nabers,WR,14,7.9
Brock Bowers,TE,14,5.2
Xavier Legette,WR,14,3.9
Jonathon Brooks,RB,14,-0.3
Ja'Tavion Sanders,TE,14,0.0
Bucky Irving,RB,14,1.8
Isaac Guerendo,RB,14,24.8
Jacob Cowing,WR,14,0.0
Tyrone Tracy Jr.,RB,14,14.3
Keilan Robinson,RB,14,0.0
Kimani Vidal,RB,14,3.4
Ryan Flournoy,WR,14,0.0
Isaiah Williams,WR,14,0.0
Brevyn Spann-Ford,TE,14,0.0
Ramel Keyton,WR,14,0.0
Dallin Holker,TE,14,1.0
David Martin-Robinson,TE,14,0.0
Bryce Oliver,WR,14,1.6
Tip Reiman,TE,14,1.4
Blake Corum,RB,14,3.4
Will Shipley,RB,14,0.0
Jordan Whittington,WR,14,0.0
AJ Barner,TE,14,1.3
Braelon Allen,RB,14,8.1
Isaiah Davis,RB,14,12.7
Marvin Harrison Jr.,WR,14,4.9
Jalen McMillan,WR,14,17.9
Jaylen Wright,RB,14,1.3
Ray Davis,RB,14,0.0
Malik Washington,WR,14,0.0
Brian Thomas Jr.,WR,14,8.6
Xavier Worthy,WR,14,4.6
Ricky Pearsall,WR,14,0.5
Caleb Williams,QB,14,16.1
Rome Odunze,WR,14,16.2
Trey Benson,RB,14,1.9
Aaron Rodgers,QB,15,28.1
Josh Johnson,QB,15,-0.1
Matthew Stafford,QB,15,8.2
Russell Wilson,QB,15,8.4
Kirk Cousins,QB,15,6.5
Adam Thielen,WR,15,5.1
Zach Ertz,TE,15,2.5
Keenan Allen,WR,15,14.2
Robert Woods,WR,15,1.2
Travis Kelce,TE,15,2.7
DeAndre Hopkins,WR,15,3.6
Geno Smith,QB,15,4.5
Cordarrelle Patterson,RB,15,0.8
Brandin Cooks,WR,15,3.4
Davante Adams,WR,15,31.8
Mike Evans,WR,15,27.9
Allen Robinson,WR,15,0.0
Jameis Winston,QB,15,-0.4
Nelson Agholor,WR,15,2.6
Raheem Mostert,RB,15,2.1
Taylor Heinicke,QB,15,0.2
Jamison Crowder,WR,15,2.7
Ameer Abdullah,RB,15,12.6
Tyler Lockett,WR,15,2.2
Sterling Shepard,WR,15,1.6
Austin Hooper,TE,15,3.8
Nick Vannett,TE,15,0.7
Derrick Henry,RB,15,6.7
Demarcus Robinson,WR,15,0.0
Carson Wentz,QB,15,0.8
Tyler Boyd,WR,15,3.9
Tyreek Hill,WR,15,3.6
Ezekiel Elliott,RB,15,4.1
Hunter Henry,TE,15,2.5
Jared Goff,QB,15,41.1
Johnny Mundt,TE,15,0.0
Curtis Samuel,WR,15,0.1
George Kittle,TE,15,6.1
Aaron Jones,RB,15,16.6
Kendrick Bourne,WR,15,4.4
Tim Patrick,WR,15,9.0
Samaje Perine,RB,15,3.4
Mike Williams,WR,15,1.5
James Conner,RB,15,25.8
Mack Hollins,WR,15,0.7
Eric Saubert,TE,15,0.0
David Moore,WR,15,1.9
Cooper Rush,QB,15,19.1
Dare Ogunbowale,RB,15,3.5
JuJu Smith-Schuster,WR,15,6.7
Jonnu Smith,TE,15,10.8
Patrick Mahomes,QB,15,15.8
Zay Jones,WR,15,0.3
Joe Mixon,RB,15,5.6
Alvin Kamara,RB,15,13.0
Cooper Kupp,WR,15,0.0
Kareem Hunt,RB,15,4.9
Josh Reynolds,WR,15,0.0
Jamaal Williams,RB,15,0.0
Jeremy McNichols,RB,15,0.4
River Cracraft,WR,15,0.6
Ross Dwelley,TE,15,0.0
Tim Boyle,QB,15,6.8
Gus Edwards,RB,15,2.3
Mike Boone,RB,15,1.4
Marquez Valdes-Scantling,WR,15,6.8
Courtland Sutton,WR,15,9.2
Jordan Akins,TE,15,3.0
Dalton Schultz,TE,15,1.3
Justin Watson,WR,15,0.0
Ray-Ray McCloud,WR,15,1.4
Cedrick Wilson Jr.,WR,15,4.8
Trent Sherfield,WR,15,0.6
Allen Lazard,WR,15,0.0
Tanner Hudson,TE,15,0.9
Brandon Powell,WR,15,1.2
Mark Andrews,TE,15,8.4
Mason Rudolph,QB,15,15.8
DJ Chark,WR,15,1.6
Nick Chubb,RB,15,2.1
Lamar Jackson,QB,15,36.1
Durham Smythe,TE,15,0.8
DJ Moore,WR,15,7.0
Mike Gesicki,TE,15,3.7
Calvin Ridley,WR,15,6.0
Saquon Barkley,RB,15,7.4
KhaDarel Hodge,WR,15,0.0
Baker Mayfield,QB,15,28.0
Josh Allen,QB,15,41.3
Dante Pettis,WR,15,2.4
Sam Darnold,QB,15,11.2
Jakobi Meyers,WR,15,5.9
Alexander Mattison,RB,15,0.4
Justice Hill,RB,15,12.8
Foster Moreau,TE,15,9.9
Olamide Zaccheaus,WR,15,3.6
Kyler Murray,QB,15,10.1
T.J. Hockenson,TE,15,5.2
Josh Oliver,TE,15,0.0
Devin Singletary,RB,15,10.1
Tony Pollard,RB,15,8.5
Scott Miller,WR,15,0.0
Lil'Jordan Humphrey,WR,15,0.0
Greg Dortch,WR,15,6.6
Darius Slayton,WR,15,1.6
Ty Johnson,RB,15,12.3
Craig Reynolds,RB,15,0.0
Travis Homer,RB,15,0.7
Drew Sample,TE,15,0.8
DK Metcalf,WR,15,2.8
Noah Fant,TE,15,1.5
Terry McLaurin,WR,15,19.3
A.J. Brown,WR,15,17.0
David Montgomery,RB,15,3.5
Dawson Knox,TE,15,4.2
Josh Jacobs,RB,15,17.6
Deebo Samuel Sr.,WR,15,1.9
JaMycal Hasty,RB,15,0.0
Juwan Johnson,TE,15,1.2
James Proche,WR,15,0.0
Rico Dowdle,RB,15,14.9
Mason Kinsey,WR,15,1.1
Nick Westbrook-Ikhine,WR,15,0.9
Tua Tagovailoa,QB,15,5.8
Jonathan Taylor,RB,15,9.1
Colby Parkinson,TE,15,2.1
Michael Pittman,WR,15,3.8
Jauan Jennings,WR,15,3.1
Jordan Love,QB,15,17.6
D'Andre Swift,RB,15,8.9
Cole Kmet,TE,15,1.4
Darnell Mooney,WR,15,0.0
Justin Jefferson,WR,15,13.3
Antonio Gibson,RB,15,6.4
Devin Duvernay,WR,15,4.2
Justin Herbert,QB,15,13.8
CeeDee Lamb,WR,15,17.6
Jalen Hurts,QB,15,28.1
Jerry Jeudy,WR,15,10.8
Tee Higgins,WR,15,14.8
Cam Akers,RB,15,8.4
Van Jefferson,WR,15,0.0
Adam Trautman,TE,15,8.0
DeeJay Dallas,RB,15,1.5
Charlie Woerner,TE,15,0.7
Joe Burrow,QB,15,18.8
Rashod Bateman,WR,15,20.0
Nico Collins,WR,15,13.7
Chuba Hubbard,RB,15,4.9
Quintin Morris,TE,15,0.0
Jaylen Waddle,WR,15,0.0
Dyami Brown,WR,15,3.0
John Bates,TE,15,0.6
Tylan Wallace,WR,15,0.8
Ihmir Smith-Marsette,WR,15,0.0
Noah Gray,TE,15,8.1
Tutu Atwell,WR,15,0.6
Ben Skowronek,WR,15,1.7
Rhamondre Stevenson,RB,15,8.5
Kylen Granson,TE,15,4.7
Jaelon Darden,WR,15,0.0
Najee Harris,RB,15,2.1
Pat Freiermuth,TE,15,8.2
Ja'Marr Chase,WR,15,9.4
Khalil Herbert,RB,15,0.4
DeVonta Smith,WR,15,17.0
Kenny Gainwell,RB,15,6.0
Justin Fields,QB,15,0.8
Avery Williams,RB,15,0.0
Terrace Marshall Jr.,WR,15,0.7
Amon-Ra St. Brown,WR,15,23.3
Kyle Pitts,TE,15,2.8
Mac Jones,QB,15,18.7
Travis Etienne,RB,15,8.5
Elijah Moore,WR,15,-0.1
Trey Sermon,RB,15,1.2
Josh Palmer,WR,15,1.0
Javonte Williams,RB,15,2.3
Hunter Long,TE,15,1.7
Tommy Tremble,TE,15,1.5
Sam Howell,QB,15,-0.8
Grant Calcaterra,TE,15,2.2
Dareke Young,WR,15,0.0
Tyler Goodson,RB,15,0.3
Isiah Pacheco,RB,15,4.7
Jaylen Warren,RB,15,1.5
Kevin Austin Jr.,WR,15,0.8
Drake London,WR,15,11.3
Jameson Williams,WR,15,9.7
James Cook,RB,15,25.3
Greg Dulcich,TE,15,0.0
Rachaad White,RB,15,12.1
Khalil Shakir,WR,15,9.9
Tyler Allgeier,RB,15,4.3
Jerome Ford,RB,15,16.4
Ty Chandler,RB,15,0.4
Jalen Nailor,WR,15,0.5
Mike Woods,WR,15,0.7
Stone Smartt,TE,15,3.0
Deven Thompkins,WR,15,0.0
Sincere McCormick,RB,15,2.5
Lucas Krull,TE,15,0.8
John Metchie III,WR,15,1.7
Tucker Fisk,TE,15,0.7
Alec Pierce,WR,15,0.0
Jalen Tolbert,WR,15,7.1
Garrett Wilson,WR,15,11.6
Jahan Dotson,WR,15,0.0
Trey McBride,TE,15,8.7
Brian Robinson,RB,15,8.7
KaVontae Turpin,WR,15,2.7
Jeremy Ruckert,TE,15,1.2
Chig Okonkwo,TE,15,5.9
Romeo Doubs,WR,15,16.0
Brock Purdy,QB,15,4.0
Calvin Austin III,WR,15,6.5
Isaiah Likely,TE,15,1.7
Kyren Williams,RB,15,11.2
Jake Ferguson,TE,15,2.3
Pierre Strong,RB,15,0.0
Daniel Bellinger,TE,15,3.5
Wan'Dale Robinson,WR,15,3.8
Breece Hall,RB,15,11.1
Desmond Ridder,QB,15,11.1
Christian Watson,WR,15,5.6
Cade Otton,TE,15,2.4
Xavier Smith,WR,15,0.0
Dontayvion Wicks,WR,15,1.4
Will Mallory,TE,15,0.0
Tyson Bagent,QB,15,0.2
Tommy DeVito,QB,15,2.7
Xavier Gipson,WR,15,0.0
Grant DuBose,WR,15,-0.2
Nikko Remigio,WR,15,0.0
Bijan Robinson,RB,15,13.5
Jaxon Smith-Njigba,WR,15,8.3
Quentin Johnston,WR,15,10.5
Luke Schoonmaker,TE,15,0.0
Kendre Miller,RB,15,4.6
Tank Bigsby,RB,15,4.2
Michael Wilson,WR,15,0.9
Tre Tucker,WR,15,1.8
Derius Davis,WR,15,0.0
Clayton Tune,QB,15,0.2
Dorian Thompson-Robinson,QB,15,0.3
Josh Whyle,TE,15,9.7
Chase Brown,RB,15,23.3
Parker Washington,WR,15,5.4
Kayshon Boutte,WR,15,1.9
Chris Rodriguez Jr.,RB,15,0.2
Xavier Hutchinson,WR,15,1.3
Andrei Iosivas,WR,15,0.5
DeMario Douglas,WR,15,7.1
Kenny McIntosh,RB,15,0.9
Jalen Brooks,WR,15,7.7
Brayden Willis,TE,15,0.0
Chris Brooks,RB,15,1.5
Blake Whiteheart,TE,15,0.0
Hunter Luepke,RB,15,0.0
Jake Bobo,WR,15,0.8
Nate Adkins,TE,15,7.5
Jaleel McLaughlin,RB,15,3.4
Emanuel Wilson,RB,15,0.9
Ryan Miller,WR,15,0.1
Dalton Kincaid,TE,15,5.3
Brenton Strange,TE,15,7.3
Tyler Scott,WR,15,0.5
Sean Tucker,RB,15,1.7
Marvin Mims Jr.,WR,15,2.0
Tank Dell,WR,15,4.1
Jordan Addison,WR,15,6.3
Tucker Kraft,TE,15,3.4
Josh Downs,WR,15,3.2
Jake Haener,QB,15,0.7
Tyjae Spears,RB,15,21.2
De'Von Achane,RB,15,7.6
Elijah Higgins,TE,15,0.5
Trey Palmer,WR,15,0.0
Zay Flowers,WR,15,5.3
Sam LaPorta,TE,15,11.1
Michael Mayer,TE,15,1.1
Davis Allen,TE,15,0.0
Puka Nacua,WR,15,10.8
Jahmyr Gibbs,RB,15,23.4
Jayden Reed,WR,15,6.1
Bryce Young,QB,15,14.0
Will Levis,QB,15,-4.4
C.J. Stroud,QB,15,11.6
Anthony Richardson,QB,15,13.4
Zach Charbonnet,RB,15,12.6
Johnny Wilson,WR,15,0.0
George Holani,RB,15,1.0
Malik Nabers,WR,15,14.2
Brock Bowers,TE,15,3.5
Xavier Legette,WR,15,0.9
Luke McCaffrey,WR,15,0.0
Ja'Tavion Sanders,TE,15,0.0
Bucky Irving,RB,15,11.3
Isaac Guerendo,RB,15,7.5
Sione Vaki,RB,15,0.0
Jacob Cowing,WR,15,0.0
Audric Estim,RB,15,1.8
Spencer Rattler,QB,15,9.4
Jamari Thrash,WR,15,0.0
Tyrone Tracy Jr.,RB,15,3.5
Kimani Vidal,RB,15,2.2
Dylan Laube,RB,15,0.0
Jaheim Bell,TE,15,0.0
Devaughn Vele,WR,15,0.0
Isaiah Williams,WR,15,0.0
Jalen Coker,WR,15,17.0
Brevyn Spann-Ford,TE,15,0.2
Cam Grandy,TE,15,1.2
Bryce Oliver,WR,15,0.8
Bo Nix,QB,15,13.5
Tip Reiman,TE,15,0.8
Blake Corum,RB,15,2.0
Jordan Whittington,WR,15,0.0
Devontez Walker,WR,15,8.1
AJ Barner,TE,15,0.5
Braelon Allen,RB,15,0.5
Rasheen Ali,RB,15,3.2
Isaiah Davis,RB,15,2.6
Jermaine Burton,WR,15,0.0
Anthony Gould,WR,15,2.3
Marvin Harrison Jr.,WR,15,3.2
Drake Maye,QB,15,17.5
Jalen McMillan,WR,15,13.5
Troy Franklin,WR,15,0.9
Jaylen Wright,RB,15,0.3
Ray Davis,RB,15,8.9
Malik Washington,WR,15,5.2
Adonai Mitchell,WR,15,-3.0
Brian Thomas Jr.,WR,15,22.5
Xavier Worthy,WR,15,13.6
Keon Coleman,WR,15,6.4
Ja'Lynn Polk,WR,15,0.0
Jayden Daniels,QB,15,23.6
Ben Sinnott,TE,15,0.7
Ladd McConkey,WR,15,11.8
Ricky Pearsall,WR,15,1.6
Caleb Williams,QB,15,11.9
Rome Odunze,WR,15,3.9
Trey Benson,RB,15,2.2
Aaron Rodgers,QB,16,14.8
Matthew Stafford,QB,16,6.0
Russell Wilson,QB,16,15.4
Adam Thielen,WR,16,10.3
Zach Ertz,TE,16,1.2
Keenan Allen,WR,16,20.1
Robert Woods,WR,16,1.9
Travis Kelce,TE,16,3.0
DeAndre Hopkins,WR,16,3.7
Geno Smith,QB,16,21.4
Cordarrelle Patterson,RB,16,7.2
Brandin Cooks,WR,16,4.8
Davante Adams,WR,16,12.8
Mike Evans,WR,16,6.9
Amari Cooper,WR,16,1.0
MyCole Pruitt,TE,16,6.1
Raheem Mostert,RB,16,4.6
Jamison Crowder,WR,16,13.5
Ameer Abdullah,RB,16,14.5
C.J. Uzomah,TE,16,0.0
Tyler Lockett,WR,16,1.9
Sterling Shepard,WR,16,3.4
Austin Hooper,TE,16,5.5
Alex Erickson,WR,16,0.0
Derrick Henry,RB,16,18.9
Demarcus Robinson,WR,16,0.0
Tyler Boyd,WR,16,2.0
Tyreek Hill,WR,16,8.9
Ezekiel Elliott,RB,16,6.1
Hunter Henry,TE,16,9.9
Jared Goff,QB,16,25.3
Tyler Higbee,TE,16,7.1
Mo Alie-Cox,TE,16,1.5
George Kittle,TE,16,10.6
Aaron Jones,RB,16,9.3
Kendrick Bourne,WR,16,1.8
Tim Patrick,WR,16,0.0
Patrick Ricard,RB,16,0.0
Pharaoh Brown,TE,16,1.7
Anthony Firkser,TE,16,0.0
Samaje Perine,RB,16,5.0
Mike Williams,WR,16,2.4
James Conner,RB,16,22.6
Mack Hollins,WR,16,2.5
Eric Saubert,TE,16,6.2
David Moore,WR,16,9.9
Cooper Rush,QB,16,15.3
Dare Ogunbowale,RB,16,0.0
JuJu Smith-Schuster,WR,16,0.0
Jonnu Smith,TE,16,6.2
Patrick Mahomes,QB,16,23.7
David Njoku,TE,16,6.6
Gerald Everett,TE,16,0.6
Joe Mixon,RB,16,7.1
Cooper Kupp,WR,16,2.4
Kareem Hunt,RB,16,13.9
D'Onta Foreman,RB,16,-1.9
Josh Reynolds,WR,16,0.0
Jamaal Williams,RB,16,0.8
Jeremy McNichols,RB,16,1.8
River Cracraft,WR,16,0.6
Ross Dwelley,TE,16,0.0
Jeff Wilson,RB,16,1.2
Gus Edwards,RB,16,19.1
Mike Boone,RB,16,0.1
Tyler Conklin,TE,16,5.9
Courtland Sutton,WR,16,5.0
Jordan Akins,TE,16,0.8
Dalton Schultz,TE,16,10.5
Justin Watson,WR,16,0.0
Ray-Ray McCloud,WR,16,2.7
Cedrick Wilson Jr.,WR,16,1.3
Trent Sherfield,WR,16,0.0
Allen Lazard,WR,16,2.0
Brandon Powell,WR,16,0.0
Mark Andrews,TE,16,9.8
Mason Rudolph,QB,16,12.4
Lamar Jackson,QB,16,20.5
Durham Smythe,TE,16,0.5
DJ Moore,WR,16,7.0
Mike Gesicki,TE,16,1.4
Hayden Hurst,TE,16,0.8
Calvin Ridley,WR,16,13.8
Saquon Barkley,RB,16,27.0
Baker Mayfield,QB,16,22.3
Josh Allen,QB,16,11.2
Dante Pettis,WR,16,3.1
Sam Darnold,QB,16,22.9
Jakobi Meyers,WR,16,4.1
Alexander Mattison,RB,16,11.6
Justice Hill,RB,16,3.0
Foster Moreau,TE,16,3.3
Ashton Dulin,WR,16,0.0
Jake Browning,QB,16,-0.1
Olamide Zaccheaus,WR,16,19.0
Kyler Murray,QB,16,20.4
T.J. Hockenson,TE,16,2.7
Josh Oliver,TE,16,0.0
Devin Singletary,RB,16,1.2
Tony Pollard,RB,16,4.0
Trayveon Williams,RB,16,0.0
Greg Dortch,WR,16,2.7
Darius Slayton,WR,16,2.7
Ty Johnson,RB,16,3.0
Tom Kennedy,WR,16,0.0
Craig Reynolds,RB,16,2.3
D'Ernest Johnson,RB,16,0.8
Drew Sample,TE,16,1.2
DK Metcalf,WR,16,11.7
Noah Fant,TE,16,5.0
Terry McLaurin,WR,16,12.0
Marquise Brown,WR,16,4.5
A.J. Brown,WR,16,15.7
Dawson Knox,TE,16,2.2
Josh Jacobs,RB,16,16.7
Drew Lock,QB,16,8.5
Deebo Samuel Sr.,WR,16,18.1
Patrick Taylor,RB,16,2.5
Dan Chisena,WR,16,2.3
Juwan Johnson,TE,16,2.7
James Proche,WR,16,0.0
Rico Dowdle,RB,16,5.1
Mason Kinsey,WR,16,0.6
Nick Westbrook-Ikhine,WR,16,7.7
Reggie Gilliam,RB,16,0.0
Tua Tagovailoa,QB,16,12.5
Jonathan Taylor,RB,16,39.8
Colby Parkinson,TE,16,0.0
Michael Pittman,WR,16,1.9
Collin Johnson,WR,16,0.0
Jauan Jennings,WR,16,5.1
Jordan Love,QB,16,11.5
D'Andre Swift,RB,16,5.3
Cole Kmet,TE,16,6.9
Darnell Mooney,WR,16,8.2
Justin Jefferson,WR,16,26.4
Antonio Gibson,RB,16,3.6
Devin Duvernay,WR,16,0.3
Josiah Deguara,TE,16,0.4
Justin Herbert,QB,16,20.2
CeeDee Lamb,WR,16,10.5
Jalen Hurts,QB,16,4.5
Jerry Jeudy,WR,16,2.0
Tee Higgins,WR,16,11.8
Cam Akers,RB,16,0.3
Van Jefferson,WR,16,2.7
Adam Trautman,TE,16,0.5
DeeJay Dallas,RB,16,6.1
Charlie Woerner,TE,16,0.0
Joe Burrow,QB,16,24.0
Chris Blair,WR,16,1.7
Tim Jones,WR,16,0.0
Kenny Yeboah,TE,16,0.0
Rashod Bateman,WR,16,7.4
Nico Collins,WR,16,6.0
Chuba Hubbard,RB,16,28.5
Quintin Morris,TE,16,0.0
Dyami Brown,WR,16,3.6
John Bates,TE,16,0.0
Ihmir Smith-Marsette,WR,16,0.0
Noah Gray,TE,16,1.0
Jermar Jefferson,RB,16,2.3
Tutu Atwell,WR,16,1.2
Ben Skowronek,WR,16,2.5
Rhamondre Stevenson,RB,16,11.3
Jaelon Darden,WR,16,0.0
Luke Farrell,TE,16,0.8
Najee Harris,RB,16,4.2
Pat Freiermuth,TE,16,1.6
Ja'Marr Chase,WR,16,16.4
DeVonta Smith,WR,16,5.1
Kenny Gainwell,RB,16,1.3
Michael Carter,RB,16,4.8
Avery Williams,RB,16,0.0
Terrace Marshall Jr.,WR,16,0.0
Amon-Ra St. Brown,WR,16,13.0
Kyle Pitts,TE,16,0.7
Mac Jones,QB,16,13.9
Travis Etienne,RB,16,3.7
Elijah Moore,WR,16,2.1
Trey Sermon,RB,16,2.5
Josh Palmer,WR,16,4.1
Javonte Williams,RB,16,5.3
Hunter Long,TE,16,0.0
Tommy Tremble,TE,16,3.2
Bo Melton,WR,16,1.4
Dareke Young,WR,16,0.0
Tyler Goodson,RB,16,2.2
Isiah Pacheco,RB,16,2.5
Jaylen Warren,RB,16,9.2
Kevin Austin Jr.,WR,16,1.7
Drake London,WR,16,5.9
Jameson Williams,WR,16,21.0
James Cook,RB,16,24.6
Rachaad White,RB,16,4.0
Dameon Pierce,RB,16,0.4
Khalil Shakir,WR,16,2.2
Tyler Allgeier,RB,16,3.1
Jerome Ford,RB,16,19.1
Ty Chandler,RB,16,0.0
Jalen Nailor,WR,16,0.5
Andrew Ogletree,TE,16,0.0
Mike Woods,WR,16,0.0
Jalen Virgil,WR,16,0.0
Raheem Blackshear,RB,16,1.3
Stone Smartt,TE,16,3.7
Deven Thompkins,WR,16,0.9
Lucas Krull,TE,16,2.1
Julius Chestnut,RB,16,0.0
Hassan Haskins,RB,16,9.9
Tucker Fisk,TE,16,1.0
Jalen Tolbert,WR,16,8.0
Garrett Wilson,WR,16,5.4
Trey McBride,TE,16,2.0
Brian Robinson,RB,16,0.1
KaVontae Turpin,WR,16,1.8
Jeremy Ruckert,TE,16,1.2
Chig Okonkwo,TE,16,8.1
Romeo Doubs,WR,16,2.0
Brock Purdy,QB,16,21.1
Calvin Austin III,WR,16,6.5
Isaiah Likely,TE,16,8.9
Kyren Williams,RB,16,18.9
Jake Ferguson,TE,16,4.0
Pierre Strong,RB,16,0.9
Kenny Pickett,QB,16,9.0
Daniel Bellinger,TE,16,0.5
Wan'Dale Robinson,WR,16,6.2
Breece Hall,RB,16,9.0
Christian Watson,WR,16,2.3
Malik Willis,QB,16,1.2
Kenneth Walker III,RB,16,5.9
Dontayvion Wicks,WR,16,7.3
Eric Gray,RB,16,0.2
Xavier Gipson,WR,16,0.0
Nikko Remigio,WR,16,0.0
Bijan Robinson,RB,16,22.3
Jaxon Smith-Njigba,WR,16,16.0
Quentin Johnston,WR,16,1.8
Luke Schoonmaker,TE,16,0.3
Kendre Miller,RB,16,3.1
Tank Bigsby,RB,16,9.1
Michael Wilson,WR,16,4.4
Tre Tucker,WR,16,3.3
Derius Davis,WR,16,8.8
Aidan O'Connell,QB,16,11.5
Dorian Thompson-Robinson,QB,16,7.2
Chase Brown,RB,16,10.9
Parker Washington,WR,16,5.4
Kayshon Boutte,WR,16,15.5
Chris Rodriguez Jr.,RB,16,0.5
Xavier Hutchinson,WR,16,0.8
Andrei Iosivas,WR,16,11.3
DeMario Douglas,WR,16,3.9
Kenny McIntosh,RB,16,2.9
Brayden Willis,TE,16,0.0
Jordan Mims,RB,16,3.2
Chris Brooks,RB,16,8.5
Julian Hill,TE,16,0.0
Hunter Luepke,RB,16,0.0
Jake Bobo,WR,16,0.6
Nate Adkins,TE,16,1.8
Emanuel Wilson,RB,16,11.6
Rakim Jarrett,WR,16,0.6
Ryan Miller,WR,16,7.7
John Shenker,TE,16,0.0
Dalton Kincaid,TE,16,1.5
Brenton Strange,TE,16,0.2
Jalin Hyatt,WR,16,0.9
Tyler Scott,WR,16,0.0
Sean Tucker,RB,16,0.0
Marvin Mims Jr.,WR,16,6.5
Tank Dell,WR,16,15.8
Jordan Addison,WR,16,9.5
Tucker Kraft,TE,16,6.5
Josh Downs,WR,16,12.1
Roschon Johnson,RB,16,0.3
Tyjae Spears,RB,16,18.6
De'Von Achane,RB,16,25.0
Elijah Higgins,TE,16,0.0
Payne Durham,TE,16,2.9
Trey Palmer,WR,16,3.1
Zay Flowers,WR,16,10.3
Sam LaPorta,TE,16,10.3
Michael Mayer,TE,16,0.0
Puka Nacua,WR,16,5.6
Jahmyr Gibbs,RB,16,21.4
Luke Musgrave,TE,16,0.0
Jayden Reed,WR,16,8.1
Bryce Young,QB,16,27.1
C.J. Stroud,QB,16,16.1
Anthony Richardson,QB,16,20.2
Zach Charbonnet,RB,16,1.3
Malik Nabers,WR,16,6.8
Brock Bowers,TE,16,9.9
Luke McCaffrey,WR,16,1.3
Bucky Irving,RB,16,15.2
Sione Vaki,RB,16,2.0
Jacob Cowing,WR,16,0.0
Audric Estim,RB,16,10.8
Spencer Rattler,QB,16,6.9
Jamari Thrash,WR,16,0.0
Tyrone Tracy Jr.,RB,16,12.9
Kimani Vidal,RB,16,2.4
Ryan Flournoy,WR,16,4.1
Devaughn Vele,WR,16,8.1
Isaiah Williams,WR,16,0.0
Jalen Coker,WR,16,0.8
Brevyn Spann-Ford,TE,16,0.0
Blake Watson,RB,16,2.3
Mason Tipton,WR,16,0.0
David Martin-Robinson,TE,16,0.6
Bo Nix,QB,16,21.0
Blake Corum,RB,16,1.4
Jordan Whittington,WR,16,0.0
AJ Barner,TE,16,7.3
Braelon Allen,RB,16,1.0
Rasheen Ali,RB,16,0.2
Isaiah Davis,RB,16,1.2
Jermaine Burton,WR,16,0.0
Anthony Gould,WR,16,0.0
Marvin Harrison Jr.,WR,16,3.9
Drake Maye,QB,16,17.4
Javon Baker,WR,16,0.0
Jalen McMillan,WR,16,11.7
Troy Franklin,WR,16,2.5
Ray Davis,RB,16,2.9
Malik Washington,WR,16,2.8
Adonai Mitchell,WR,16,3.6
Brian Thomas Jr.,WR,16,19.2
Xavier Worthy,WR,16,13.5
Keon Coleman,WR,16,1.7
Jayden Daniels,QB,16,34.4
Ladd McConkey,WR,16,8.7
Ricky Pearsall,WR,16,3.7
Michael Penix Jr.,QB,16,6.4
Caleb Williams,QB,16,22.8
Rome Odunze,WR,16,5.7
Aaron Rodgers,QB,17,0.5
Joe Flacco,QB,17,17.3
Josh Johnson,QB,17,0.6
Matthew Stafford,QB,17,9.2
Tyrod Taylor,QB,17,11.9
Russell Wilson,QB,17,17.7
Adam Thielen,WR,17,23.0
Zach Ertz,TE,17,19.2
Keenan Allen,WR,17,2.5
Robert Woods,WR,17,2.1
Travis Kelce,TE,17,14.4
DeAndre Hopkins,WR,17,0.7
Geno Smith,QB,17,8.3
Cordarrelle Patterson,RB,17,0.2
Brandin Cooks,WR,17,5.2
Davante Adams,WR,17,4.7
Mike Evans,WR,17,21.7
Allen Robinson,WR,17,2.1
Chris Manhertz,TE,17,1.2
Amari Cooper,WR,17,11.6
Raheem Mostert,RB,17,1.9
Taylor Heinicke,QB,17,0.8
Jamison Crowder,WR,17,2.5
Ameer Abdullah,RB,17,14.7
Chris Conley,WR,17,1.3
Tyler Lockett,WR,17,2.0
Austin Hooper,TE,17,1.9
Nick Vannett,TE,17,6.8
Alex Erickson,WR,17,0.0
Derrick Henry,RB,17,22.5
Demarcus Robinson,WR,17,0.0
Tyler Boyd,WR,17,1.4
Tyreek Hill,WR,17,10.5
Ezekiel Elliott,RB,17,0.2
Hunter Henry,TE,17,0.0
Jared Goff,QB,17,23.8
Tyler Higbee,TE,17,0.9
Jacoby Brissett,QB,17,-0.1
Mo Alie-Cox,TE,17,0.0
Johnny Mundt,TE,17,0.7
George Kittle,TE,17,11.2
Aaron Jones,RB,17,7.7
Kendrick Bourne,WR,17,2.2
Tim Patrick,WR,17,0.0
Patrick Ricard,RB,17,0.0
Pharaoh Brown,TE,17,-1.6
Samaje Perine,RB,17,2.9
Mike Williams,WR,17,0.0
James Conner,RB,17,0.8
Mack Hollins,WR,17,3.3
Eric Saubert,TE,17,0.0
David Moore,WR,17,1.7
Cooper Rush,QB,17,6.1
Dare Ogunbowale,RB,17,1.8
JuJu Smith-Schuster,WR,17,1.8
Jonnu Smith,TE,17,8.6
Mitchell Trubisky,QB,17,6.7
Patrick Mahomes,QB,17,26.0
Zay Jones,WR,17,1.9
Gerald Everett,TE,17,0.0
Joe Mixon,RB,17,3.9
Cooper Kupp,WR,17,2.9
Kareem Hunt,RB,17,8.0
D'Onta Foreman,RB,17,4.9
Jamaal Williams,RB,17,2.4
Joshua Dobbs,QB,17,8.1
Jeremy McNichols,RB,17,1.0
River Cracraft,WR,17,1.6
Jeff Wilson,RB,17,0.5
Will Dissly,TE,17,2.1
Mike Boone,RB,17,1.1
Tyler Conklin,TE,17,11.7
Marquez Valdes-Scantling,WR,17,0.0
Courtland Sutton,WR,17,11.5
Anthony Miller,WR,17,1.6
Jordan Akins,TE,17,4.9
Dalton Schultz,TE,17,2.1
Justin Watson,WR,17,12.0
Ray-Ray McCloud,WR,17,2.7
Cedrick Wilson Jr.,WR,17,1.7
Allen Lazard,WR,17,0.9
Brandon Powell,WR,17,0.0
Mark Andrews,TE,17,12.8
Mason Rudolph,QB,17,12.0
DJ Chark,WR,17,0.0
Lamar Jackson,QB,17,29.4
DJ Moore,WR,17,6.2
Mike Gesicki,TE,17,8.6
Calvin Ridley,WR,17,9.1
Saquon Barkley,RB,17,16.9
KhaDarel Hodge,WR,17,0.9
Baker Mayfield,QB,17,34.6
Josh Allen,QB,17,23.0
Dante Pettis,WR,17,2.7
Sam Darnold,QB,17,24.8
Steven Sims,WR,17,0.0
Jakobi Meyers,WR,17,12.1
Alexander Mattison,RB,17,3.8
Foster Moreau,TE,17,10.7
Olamide Zaccheaus,WR,17,15.3
Kyler Murray,QB,17,16.0
T.J. Hockenson,TE,17,6.8
Devin Singletary,RB,17,3.0
Scott Miller,WR,17,0.0
Greg Dortch,WR,17,1.8
Darius Slayton,WR,17,9.2
Ty Johnson,RB,17,2.5
Tom Kennedy,WR,17,0.0
Craig Reynolds,RB,17,6.6
D'Ernest Johnson,RB,17,1.1
Drew Sample,TE,17,0.3
DK Metcalf,WR,17,4.2
Noah Fant,TE,17,4.3
Terry McLaurin,WR,17,0.5
Marquise Brown,WR,17,4.6
A.J. Brown,WR,17,9.6
Dawson Knox,TE,17,0.4
Josh Jacobs,RB,17,10.9
Drew Lock,QB,17,34.4
Deebo Samuel Sr.,WR,17,8.1
JaMycal Hasty,RB,17,0.0
Dan Chisena,WR,17,0.8
Tyler Huntley,QB,17,24.2
Juwan Johnson,TE,17,6.6
James Proche,WR,17,0.0
Rico Dowdle,RB,17,8.8
J.K. Dobbins,RB,17,14.3
Mason Kinsey,WR,17,0.0
Nick Westbrook-Ikhine,WR,17,3.7
Reggie Gilliam,RB,17,0.3
Jonathan Taylor,RB,17,25.6
Colby Parkinson,TE,17,0.0
Michael Pittman,WR,17,16.9
Jauan Jennings,WR,17,6.7
Jordan Love,QB,17,12.0
D'Andre Swift,RB,17,8.1
Cole Kmet,TE,17,0.0
Darnell Mooney,WR,17,3.7
Justin Jefferson,WR,17,9.2
Antonio Gibson,RB,17,6.3
Devin Duvernay,WR,17,0.4
Josiah Deguara,TE,17,0.0
K.J. Osborn,WR,17,0.0
Justin Herbert,QB,17,24.4
Clyde Edwards-Helaire,RB,17,3.0
Jerry Jeudy,WR,17,9.4
Tee Higgins,WR,17,29.1
Cam Akers,RB,17,9.3
Van Jefferson,WR,17,0.0
Adam Trautman,TE,17,0.5
DeeJay Dallas,RB,17,0.5
Charlie Woerner,TE,17,0.6
Joe Burrow,QB,17,37.0
Chris Blair,WR,17,0.0
Tim Jones,WR,17,1.1
Kenny Yeboah,TE,17,0.0
Rashod Bateman,WR,17,1.2
Nico Collins,WR,17,5.9
Quintin Morris,TE,17,0.0
Dee Eskridge,WR,17,0.8
John Bates,TE,17,1.4
Tylan Wallace,WR,17,0.2
Ihmir Smith-Marsette,WR,17,0.0
Noah Gray,TE,17,0.6
Jermar Jefferson,RB,17,0.9
Rhamondre Stevenson,RB,17,0.1
Kylen Granson,TE,17,3.4
Jaelon Darden,WR,17,0.0
Najee Harris,RB,17,8.1
Pat Freiermuth,TE,17,4.0
Davis Mills,QB,17,0.2
Ja'Marr Chase,WR,17,10.2
Khalil Herbert,RB,17,2.3
DeVonta Smith,WR,17,24.0
Kenny Gainwell,RB,17,0.9
Michael Carter,RB,17,8.1
Kyle Trask,QB,17,-0.2
Avery Williams,RB,17,0.0
Terrace Marshall Jr.,WR,17,2.8
Amon-Ra St. Brown,WR,17,12.0
Kyle Pitts,TE,17,10.4
Mac Jones,QB,17,17.2
Travis Etienne,RB,17,7.5
Elijah Moore,WR,17,0.1
Trey Sermon,RB,17,1.0
Josh Palmer,WR,17,4.1
Javonte Williams,RB,17,0.0
Hunter Long,TE,17,0.0
Trey Lance,QB,17,0.1
Grant Calcaterra,TE,17,3.4
Bo Melton,WR,17,1.8
Dareke Young,WR,17,0.0
Isiah Pacheco,RB,17,1.8
Jaylen Warren,RB,17,11.2
Kevin Austin Jr.,WR,17,2.3
Drake London,WR,17,10.6
Jameson Williams,WR,17,19.5
George Pickens,WR,17,5.0
James Cook,RB,17,11.3
Rachaad White,RB,17,3.4
Dameon Pierce,RB,17,1.3
Khalil Shakir,WR,17,2.5
Tyler Allgeier,RB,17,1.9
Jerome Ford,RB,17,2.2
Ty Chandler,RB,17,0.7
Jalen Nailor,WR,17,14.1
Mike Woods,WR,17,0.3
Raheem Blackshear,RB,17,2.0
Stone Smartt,TE,17,2.3
Lucas Krull,TE,17,0.3
Julius Chestnut,RB,17,1.7
John Metchie III,WR,17,4.8
Hassan Haskins,RB,17,4.0
Tucker Fisk,TE,17,0.8
Alec Pierce,WR,17,18.2
Jalen Tolbert,WR,17,9.0
Garrett Wilson,WR,17,10.6
Trey McBride,TE,17,18.3
Velus Jones Jr.,WR,17,0.0
Brian Robinson,RB,17,6.9
KaVontae Turpin,WR,17,3.4
Jeremy Ruckert,TE,17,0.0
Chig Okonkwo,TE,17,5.9
Romeo Doubs,WR,17,5.8
Tyrion Davis-Price,RB,17,0.7
Brock Purdy,QB,17,30.3
Calvin Austin III,WR,17,3.1
Isaiah Likely,TE,17,6.9
Kyren Williams,RB,17,13.2
Jake Ferguson,TE,17,-0.2
Pierre Strong,RB,17,4.8
Kenny Pickett,QB,17,16.0
Daniel Bellinger,TE,17,0.0
Wan'Dale Robinson,WR,17,13.1
Breece Hall,RB,17,5.3
Xavier Smith,WR,17,0.0
Dontayvion Wicks,WR,17,4.3
Tanner McKee,QB,17,10.0
Keaton Mitchell,RB,17,4.8
Malik Heath,WR,17,6.3
Xavier Gipson,WR,17,0.0
E.J. Jenkins,TE,17,0.0
Nikko Remigio,WR,17,0.0
Bijan Robinson,RB,17,21.8
Jaxon Smith-Njigba,WR,17,3.2
Quentin Johnston,WR,17,4.8
Kendre Miller,RB,17,1.9
Tank Bigsby,RB,17,3.3
Darnell Washington,TE,17,0.8
Michael Wilson,WR,17,2.9
Tre Tucker,WR,17,8.9
Derius Davis,WR,17,8.6
Aidan O'Connell,QB,17,17.6
Dorian Thompson-Robinson,QB,17,5.8
Josh Whyle,TE,17,0.0
Chase Brown,RB,17,9.1
Parker Washington,WR,17,9.1
Kayshon Boutte,WR,17,2.8
Chris Rodriguez Jr.,RB,17,8.8
Xavier Hutchinson,WR,17,2.1
Andrei Iosivas,WR,17,5.9
DeMario Douglas,WR,17,10.6
Kenny McIntosh,RB,17,4.6
Jalen Brooks,WR,17,1.2
Brayden Willis,TE,17,0.0
Tyrell Shavers,WR,17,12.9
Blake Whiteheart,TE,17,0.8
Julian Hill,TE,17,0.0
Hunter Luepke,RB,17,0.1
Nate Adkins,TE,17,0.7
Jaleel McLaughlin,RB,17,7.6
Emanuel Wilson,RB,17,8.9
Rakim Jarrett,WR,17,1.1
Ryan Miller,WR,17,2.6
Brycen Tremayne,WR,17,0.0
Dalton Kincaid,TE,17,2.4
Brenton Strange,TE,17,0.0
Tyler Scott,WR,17,0.0
Sean Tucker,RB,17,4.4
Marvin Mims Jr.,WR,17,22.2
Jordan Addison,WR,17,12.9
Tucker Kraft,TE,17,5.3
Josh Downs,WR,17,2.2
Roschon Johnson,RB,17,0.5
Tyjae Spears,RB,17,10.3
De'Von Achane,RB,17,3.8
Elijah Higgins,TE,17,2.3
Payne Durham,TE,17,9.6
Trey Palmer,WR,17,0.0
Jonathan Mingo,WR,17,1.2
Zay Flowers,WR,17,3.1
Sam LaPorta,TE,17,12.4
Michael Mayer,TE,17,1.4
Davis Allen,TE,17,0.0
Puka Nacua,WR,17,12.9
Jahmyr Gibbs,RB,17,22.3
Luke Musgrave,TE,17,0.4
Jayden Reed,WR,17,0.6
Bryce Young,QB,17,16.9
C.J. Stroud,QB,17,6.1
Zach Charbonnet,RB,17,7.6
Chris Collier,RB,17,0.6
George Holani,RB,17,0.0
Malik Nabers,WR,17,29.1
Brock Bowers,TE,17,7.6
Xavier Legette,WR,17,2.8
Luke McCaffrey,WR,17,0.0
Ja'Tavion Sanders,TE,17,0.5
Cade Stover,TE,17,0.1
Bucky Irving,RB,17,19.0
Isaac Guerendo,RB,17,9.9
Sione Vaki,RB,17,0.0
Jacob Cowing,WR,17,0.0
Audric Estim,RB,17,3.7
Spencer Rattler,QB,17,13.3
Jamari Thrash,WR,17,0.0
Tyrone Tracy Jr.,RB,17,7.3
Kimani Vidal,RB,17,2.4
Dylan Laube,RB,17,0.0
Ryan Flournoy,WR,17,0.3
Devaughn Vele,WR,17,2.7
Isaiah Williams,WR,17,0.0
Jalen Coker,WR,17,3.5
Kameron Johnson,WR,17,1.1
Cam Grandy,TE,17,0.7
David Martin-Robinson,TE,17,0.0
Bo Nix,QB,17,21.9
Blake Corum,RB,17,-0.4
Jordan Whittington,WR,17,0.6
Devin Culp,TE,17,5.2
Devontez Walker,WR,17,0.0
Braelon Allen,RB,17,2.6
Rasheen Ali,RB,17,-0.3
Isaiah Davis,RB,17,4.3
Jermaine Burton,WR,17,0.0
Anthony Gould,WR,17,0.0
Marvin Harrison Jr.,WR,17,9.6
Drake Maye,QB,17,9.9
Javon Baker,WR,17,0.0
Jalen McMillan,WR,17,18.0
Troy Franklin,WR,17,-0.1
Ray Davis,RB,17,1.3
Malik Washington,WR,17,3.0
Adonai Mitchell,WR,17,2.2
Brian Thomas Jr.,WR,17,16.9
Xavier Worthy,WR,17,14.9
Keon Coleman,WR,17,8.7
Ja'Lynn Polk,WR,17,0.0
Jayden Daniels,QB,17,31.8
Ladd McConkey,WR,17,21.4
Ricky Pearsall,WR,17,20.7
Michael Penix Jr.,QB,17,11.2
Caleb Williams,QB,17,6.6
Rome Odunze,WR,17,1.5
Aaron Rodgers,QB,18,25.0
Marcedes Lewis,TE,18,0.0
Joe Flacco,QB,18,14.6
Russell Wilson,QB,18,11.5
Adam Thielen,WR,18,4.4
Zach Ertz,TE,18,10.4
Keenan Allen,WR,18,0.5
Robert Woods,WR,18,1.9
Geno Smith,QB,18,26.3
Cordarrelle Patterson,RB,18,0.1
Brandin Cooks,WR,18,1.0
Jimmy Garoppolo,QB,18,19.9
Davante Adams,WR,18,14.8
Mike Evans,WR,18,8.9
Chris Manhertz,TE,18,1.6
Raheem Mostert,RB,18,0.0
Jamison Crowder,WR,18,0.0
Chris Conley,WR,18,5.9
Tyler Lockett,WR,18,2.8
Marcus Mariota,QB,18,26.0
Sterling Shepard,WR,18,1.1
Austin Hooper,TE,18,2.7
Nick Vannett,TE,18,2.6
Kalif Raymond,WR,18,1.1
Alex Erickson,WR,18,0.0
Derrick Henry,RB,18,28.1
Demarcus Robinson,WR,18,7.2
Carson Wentz,QB,18,3.9
Tyreek Hill,WR,18,2.0
Jared Goff,QB,18,9.2
Tyler Higbee,TE,18,10.6
Mo Alie-Cox,TE,18,0.0
Curtis Samuel,WR,18,5.2
George Kittle,TE,18,2.7
Trent Taylor,WR,18,1.1
Aaron Jones,RB,18,7.5
Kendrick Bourne,WR,18,1.2
Tim Patrick,WR,18,1.5
Patrick Ricard,RB,18,1.4
Samaje Perine,RB,18,1.4
Mike Williams,WR,18,2.5
Mack Hollins,WR,18,2.5
Eric Saubert,TE,18,1.7
David Moore,WR,18,6.9
Austin Ekeler,RB,18,3.2
Dare Ogunbowale,RB,18,2.3
JuJu Smith-Schuster,WR,18,0.4
Jonnu Smith,TE,18,9.6
Mitchell Trubisky,QB,18,9.2
Zay Jones,WR,18,4.6
Gerald Everett,TE,18,0.0
Joe Mixon,RB,18,2.8
D'Onta Foreman,RB,18,3.5
Josh Reynolds,WR,18,1.1
Jamaal Williams,RB,18,2.2
Joshua Dobbs,QB,18,22.7
River Cracraft,WR,18,3.8
Jeff Wilson,RB,18,-0.4
Will Dissly,TE,18,10.2
Mike Boone,RB,18,1.6
Tyler Conklin,TE,18,7.6
Marquez Valdes-Scantling,WR,18,3.3
Courtland Sutton,WR,18,15.8
Dallas Goedert,TE,18,5.5
Jordan Akins,TE,18,12.0
Dalton Schultz,TE,18,2.9
Justin Watson,WR,18,0.5
Mike White,QB,18,1.1
Ray-Ray McCloud,WR,18,6.6
Cedrick Wilson Jr.,WR,18,2.2
Trent Sherfield,WR,18,0.0
Allen Lazard,WR,18,13.1
Tanner Hudson,TE,18,1.1
Brandon Powell,WR,18,0.0
Mark Andrews,TE,18,11.4
Mason Rudolph,QB,18,3.3
DJ Chark,WR,18,6.6
Lamar Jackson,QB,18,23.0
Durham Smythe,TE,18,0.0
DJ Moore,WR,18,13.1
Mike Gesicki,TE,18,6.8
Calvin Ridley,WR,18,7.3
KhaDarel Hodge,WR,18,2.4
Baker Mayfield,QB,18,21.6
Dante Pettis,WR,18,7.6
Sam Darnold,QB,18,7.6
Steven Sims,WR,18,0.0
Jakobi Meyers,WR,18,18.3
Alexander Mattison,RB,18,3.1
Foster Moreau,TE,18,3.1
Ashton Dulin,WR,18,0.0
Olamide Zaccheaus,WR,18,5.1
Diontae Johnson,WR,18,1.2
Kyler Murray,QB,18,27.9
T.J. Hockenson,TE,18,0.9
Miles Sanders,RB,18,23.6
Josh Oliver,TE,18,1.6
Devin Singletary,RB,18,1.7
Tony Pollard,RB,18,6.2
Jarrett Stidham,QB,18,0.7
Trayveon Williams,RB,18,0.0
Lil'Jordan Humphrey,WR,18,2.6
Greg Dortch,WR,18,17.4
Darius Slayton,WR,18,0.0
Ty Johnson,RB,18,1.3
Craig Reynolds,RB,18,3.9
D'Ernest Johnson,RB,18,2.6
Drew Sample,TE,18,1.4
DK Metcalf,WR,18,11.3
Noah Fant,TE,18,12.3
Terry McLaurin,WR,18,12.2
Josh Jacobs,RB,18,10.6
Drew Lock,QB,18,7.8
Tony Jones,RB,18,11.5
Patrick Taylor,RB,18,12.1
Dan Chisena,WR,18,0.0
Tyler Huntley,QB,18,10.7
Juwan Johnson,TE,18,8.0
James Proche,WR,18,0.0
Rico Dowdle,RB,18,14.4
J.K. Dobbins,RB,18,7.5
Mason Kinsey,WR,18,0.0
Nick Westbrook-Ikhine,WR,18,5.0
Reggie Gilliam,RB,18,0.4
Jonathan Taylor,RB,18,24.0
Colby Parkinson,TE,18,0.6
Michael Pittman,WR,18,7.2
Collin Johnson,WR,18,0.0
Jauan Jennings,WR,18,5.2
Jordan Love,QB,18,2.8
D'Andre Swift,RB,18,12.5
Cole Kmet,TE,18,0.3
Justin Jefferson,WR,18,5.4
Antonio Gibson,RB,18,6.1
Devin Duvernay,WR,18,0.0
Justin Herbert,QB,18,26.0
Clyde Edwards-Helaire,RB,18,4.0
Joshua Kelley,RB,18,0.2
Jerry Jeudy,WR,18,6.3
Tee Higgins,WR,18,5.3
Cam Akers,RB,18,6.9
Van Jefferson,WR,18,1.8
DeeJay Dallas,RB,18,2.7
Tyler Johnson,WR,18,9.5
Charlie Woerner,TE,18,0.0
Joe Burrow,QB,18,13.0
Tim Jones,WR,18,0.0
Kenny Yeboah,TE,18,2.0
Rashod Bateman,WR,18,13.6
Nico Collins,WR,18,9.8
Quintin Morris,TE,18,2.0
Jaylen Waddle,WR,18,5.0
Dyami Brown,WR,18,2.4
John Bates,TE,18,0.0
Tylan Wallace,WR,18,0.0
Ihmir Smith-Marsette,WR,18,0.0
Noah Gray,TE,18,-0.3
Brock Wright,TE,18,0.0
Feleipe Franks,TE,18,1.2
Tutu Atwell,WR,18,3.7
Ben Skowronek,WR,18,0.0
Kylen Granson,TE,18,0.7
Jaelon Darden,WR,18,0.0
Luke Farrell,TE,18,0.4
Najee Harris,RB,18,11.6
Pat Freiermuth,TE,18,14.5
Davis Mills,QB,18,6.2
Ja'Marr Chase,WR,18,15.6
Khalil Herbert,RB,18,8.3
Kenny Gainwell,RB,18,2.3
Michael Carter,RB,18,11.9
Avery Williams,RB,18,0.0
Amon-Ra St. Brown,WR,18,7.7
Kyle Pitts,TE,18,1.5
Mac Jones,QB,18,12.7
Travis Etienne,RB,18,6.0
Elijah Moore,WR,18,3.6
Trey Sermon,RB,18,0.5
Javonte Williams,RB,18,7.8
Tommy Tremble,TE,18,9.0
Trey Lance,QB,18,12.4
Grant Calcaterra,TE,18,1.0
Bo Melton,WR,18,0.1
Jake Tonges,TE,18,0.0
Tyler Goodson,RB,18,0.5
Jaylen Warren,RB,18,2.1
Kevin Austin Jr.,WR,18,1.3
Drake London,WR,18,30.7
Jameson Williams,WR,18,3.4
George Pickens,WR,18,0.0
James Cook,RB,18,8.8
Dameon Pierce,RB,18,23.6
Tyler Allgeier,RB,18,6.9
Jalen Nailor,WR,18,5.3
Andrew Ogletree,TE,18,2.1
Ko Kieft,TE,18,0.0
Chris Oladokun,QB,18,0.5
Kaden Davis,WR,18,0.0
Raheem Blackshear,RB,18,4.7
Tay Martin,WR,18,10.9
Ronnie Rivers,RB,18,8.2
Peyton Hendershot,TE,18,2.5
Julius Chestnut,RB,18,1.1
John Metchie III,WR,18,2.4
Hassan Haskins,RB,18,9.3
Alec Pierce,WR,18,11.7
Jalen Tolbert,WR,18,9.8
Garrett Wilson,WR,18,5.1
Jahan Dotson,WR,18,9.4
Trey McBride,TE,18,12.5
Brian Robinson,RB,18,1.6
KaVontae Turpin,WR,18,5.8
Jeremy Ruckert,TE,18,0.5
Calvin Austin III,WR,18,0.0
Isaiah Likely,TE,18,3.8
Jake Ferguson,TE,18,1.2
Bailey Zappe,QB,18,7.0
Daniel Bellinger,TE,18,0.9
Wan'Dale Robinson,WR,18,4.3
Breece Hall,RB,18,13.2
Desmond Ridder,QB,18,0.4
Christian Watson,WR,18,0.0
Malik Willis,QB,18,5.7
Xavier Smith,WR,18,0.6
Dontayvion Wicks,WR,18,4.9
Eric Gray,RB,18,1.0
Tanner McKee,QB,18,18.9
Keaton Mitchell,RB,18,1.0
Malik Heath,WR,18,5.3
Xavier Gipson,WR,18,0.5
E.J. Jenkins,TE,18,6.7
Nikko Remigio,WR,18,4.8
Bijan Robinson,RB,18,29.3
Jaxon Smith-Njigba,WR,18,1.3
Quentin Johnston,WR,18,18.6
Luke Schoonmaker,TE,18,1.6
Tank Bigsby,RB,18,10.2
Tre Tucker,WR,18,2.4
Derius Davis,WR,18,0.4
Aidan O'Connell,QB,18,15.9
Clayton Tune,QB,18,0.2
Dorian Thompson-Robinson,QB,18,0.8
Josh Whyle,TE,18,2.9
Parker Washington,WR,18,7.5
Kayshon Boutte,WR,18,17.7
Chris Rodriguez Jr.,RB,18,0.0
Xavier Hutchinson,WR,18,0.5
Andrei Iosivas,WR,18,1.2
DeMario Douglas,WR,18,3.4
Deuce Vaughn,RB,18,3.7
Kenny McIntosh,RB,18,4.9
Brayden Willis,TE,18,0.0
Jordan Mims,RB,18,2.5
Chris Brooks,RB,18,5.9
Blake Whiteheart,TE,18,0.1
Julian Hill,TE,18,0.0
Hunter Luepke,RB,18,1.5
Jake Bobo,WR,18,6.4
Nate Adkins,TE,18,2.5
Jaleel McLaughlin,RB,18,4.8
Emanuel Wilson,RB,18,13.1
Brenton Strange,TE,18,6.0
Jalin Hyatt,WR,18,0.0
Tyler Scott,WR,18,0.0
Sean Tucker,RB,18,1.6
Marvin Mims Jr.,WR,18,17.1
Jordan Addison,WR,18,0.0
Tucker Kraft,TE,18,3.6
Josh Downs,WR,18,9.4
Roschon Johnson,RB,18,1.9
De'Von Achane,RB,18,18.1
Payne Durham,TE,18,7.6
Trey Palmer,WR,18,0.0
Jonathan Mingo,WR,18,2.4
Zay Flowers,WR,18,2.1
Sam LaPorta,TE,18,6.3
Michael Mayer,TE,18,2.1
Jahmyr Gibbs,RB,18,41.0
Luke Musgrave,TE,18,1.9
Jayden Reed,WR,18,3.1
Bryce Young,QB,18,36.4
Will Levis,QB,18,9.8
C.J. Stroud,QB,18,6.0
Zach Charbonnet,RB,18,9.1
Johnny Wilson,WR,18,2.4
Chris Collier,RB,18,0.2
Carson Steele,RB,18,2.7
Malik Nabers,WR,18,12.4
Brock Bowers,TE,18,11.0
Xavier Legette,WR,18,3.0
Ja'Tavion Sanders,TE,18,3.5
Cade Stover,TE,18,0.0
Bucky Irving,RB,18,14.4
Isaac Guerendo,RB,18,0.5
Jacob Cowing,WR,18,3.7
Audric Estim,RB,18,9.4
Spencer Rattler,QB,18,14.7
Jamari Thrash,WR,18,0.0
Tyrone Tracy Jr.,RB,18,6.6
Joe Milton III,QB,18,19.2
Dylan Laube,RB,18,0.0
Ryan Flournoy,WR,18,1.4
Jaheim Bell,TE,18,1.9
Devaughn Vele,WR,18,11.0
Isaiah Williams,WR,18,0.0
Brenden Bates,TE,18,0.0
Jalen Coker,WR,18,7.0
Xavier Weaver,WR,18,0.0
Dallin Holker,TE,18,1.1
Jacob Kibodi,RB,18,3.9
Cam Grandy,TE,18,0.9
David Martin-Robinson,TE,18,0.0
Bryce Oliver,WR,18,1.5
Cody Schrader,RB,18,0.9
Bo Nix,QB,18,33.5
Blake Corum,RB,18,2.2
Will Shipley,RB,18,6.7
Ainias Smith,WR,18,9.9
Jordan Whittington,WR,18,9.8
Devin Culp,TE,18,3.6
Terrell Jennings,RB,18,2.0
AJ Barner,TE,18,9.4
Braelon Allen,RB,18,2.3
Rasheen Ali,RB,18,0.0
Isaiah Davis,RB,18,4.1
Anthony Gould,WR,18,0.0
Marvin Harrison Jr.,WR,18,12.3
Drake Maye,QB,18,0.0
Javon Baker,WR,18,1.2
Jalen McMillan,WR,18,14.0
Troy Franklin,WR,18,1.2
Jaylen Wright,RB,18,-0.4
Ray Davis,RB,18,12.5
Malik Washington,WR,18,4.8
Adonai Mitchell,WR,18,0.0
Brian Thomas Jr.,WR,18,10.3
Keon Coleman,WR,18,4.0
Jayden Daniels,QB,18,4.2
Ladd McConkey,WR,18,9.5
Ricky Pearsall,WR,18,12.9
Michael Penix Jr.,QB,18,25.0
Caleb Williams,QB,18,10.9
Rome Odunze,WR,18,1.8
Matthew Stafford,QB,19,16.3
Russell Wilson,QB,19,19.4
Zach Ertz,TE,19,2.3
Robert Woods,WR,19,2.2
Cordarrelle Patterson,RB,19,0.0
Mike Evans,WR,19,15.2
Amari Cooper,WR,19,0.8
Nelson Agholor,WR,19,2.5
Jamison Crowder,WR,19,0.0
Marcus Mariota,QB,19,0.2
Derrick Henry,RB,19,30.6
Demarcus Robinson,WR,19,2.3
Tyler Higbee,TE,19,5.8
Johnny Mundt,TE,19,2.8
Curtis Samuel,WR,19,12.8
Aaron Jones,RB,19,6.0
Mike Williams,WR,19,3.7
Mack Hollins,WR,19,1.9
Austin Ekeler,RB,19,5.3
Dare Ogunbowale,RB,19,0.5
Mitchell Trubisky,QB,19,-0.3
Joe Mixon,RB,19,15.9
Cooper Kupp,WR,19,2.9
Jeremy McNichols,RB,19,0.1
Will Dissly,TE,19,1.6
Gus Edwards,RB,19,2.2
Courtland Sutton,WR,19,7.5
Dallas Goedert,TE,19,10.7
Anthony Miller,WR,19,1.2
Dalton Schultz,TE,19,2.3
Trent Sherfield,WR,19,0.8
Brandon Powell,WR,19,0.0
Mark Andrews,TE,19,3.2
DJ Chark,WR,19,1.0
Lamar Jackson,QB,19,23.1
Saquon Barkley,RB,19,12.3
Baker Mayfield,QB,19,15.7
Josh Allen,QB,19,23.5
Sam Darnold,QB,19,13.7
Steven Sims,WR,19,1.5
Justice Hill,RB,19,8.5
Olamide Zaccheaus,WR,19,1.9
Diontae Johnson,WR,19,1.2
T.J. Hockenson,TE,19,12.4
Josh Oliver,TE,19,0.5
Ty Johnson,RB,19,13.0
Terry McLaurin,WR,19,14.9
A.J. Brown,WR,19,1.0
Dawson Knox,TE,19,3.8
Josh Jacobs,RB,19,18.1
J.K. Dobbins,RB,19,2.6
Colby Parkinson,TE,19,1.3
Jordan Love,QB,19,3.5
Justin Jefferson,WR,19,5.8
Justin Herbert,QB,19,5.7
Jalen Hurts,QB,19,16.8
Cam Akers,RB,19,3.9
Van Jefferson,WR,19,9.7
Adam Trautman,TE,19,0.2
Rashod Bateman,WR,19,8.4
Nico Collins,WR,19,18.2
Dyami Brown,WR,19,14.9
John Bates,TE,19,0.0
Tylan Wallace,WR,19,2.1
Ben Skowronek,WR,19,0.0
Najee Harris,RB,19,5.8
Pat Freiermuth,TE,19,1.5
DeVonta Smith,WR,19,5.5
Kenny Gainwell,RB,19,1.4
Justin Fields,QB,19,0.0
Javonte Williams,RB,19,4.3
Hunter Long,TE,19,1.3
Tyler Badie,RB,19,0.8
Grant Calcaterra,TE,19,0.4
Bo Melton,WR,19,1.6
Jaylen Warren,RB,19,2.5
George Pickens,WR,19,14.7
James Cook,RB,19,18.0
Rachaad White,RB,19,1.5
Dameon Pierce,RB,19,1.5
Khalil Shakir,WR,19,6.1
Ty Chandler,RB,19,0.0
Jalen Nailor,WR,19,3.3
John FitzPatrick,TE,19,0.0
Lucas Krull,TE,19,0.2
Ronnie Rivers,RB,19,0.8
John Metchie III,WR,19,0.8
Hassan Haskins,RB,19,0.5
Tucker Fisk,TE,19,1.5
Jahan Dotson,WR,19,7.1
Brian Robinson,RB,19,3.8
Romeo Doubs,WR,19,1.3
Calvin Austin III,WR,19,2.5
Isaiah Likely,TE,19,5.3
Kyren Williams,RB,19,15.2
Cade Otton,TE,19,3.2
Xavier Smith,WR,19,0.0
Dontayvion Wicks,WR,19,3.9
Malik Heath,WR,19,0.0
Quentin Johnston,WR,19,0.0
Darnell Washington,TE,19,0.9
Derius Davis,WR,19,0.1
Xavier Hutchinson,WR,19,3.4
Chris Brooks,RB,19,0.9
Jaleel McLaughlin,RB,19,-0.2
Emanuel Wilson,RB,19,2.9
Ryan Miller,WR,19,0.0
Dalton Kincaid,TE,19,4.7
Marvin Mims Jr.,WR,19,1.3
Jordan Addison,WR,19,2.9
Tucker Kraft,TE,19,3.6
Davis Allen,TE,19,7.3
Puka Nacua,WR,19,5.1
Jayden Reed,WR,19,4.6
C.J. Stroud,QB,19,17.5
Luke McCaffrey,WR,19,0.0
Cade Stover,TE,19,2.8
Bucky Irving,RB,19,14.3
Devaughn Vele,WR,19,0.0
Bo Nix,QB,19,14.1
Will Shipley,RB,19,0.0
Jordan Whittington,WR,19,0.0
Jalen McMillan,WR,19,4.1
Troy Franklin,WR,19,11.4
Ray Davis,RB,19,0.3
Keon Coleman,WR,19,0.5
Jayden Daniels,QB,19,22.3
Ladd McConkey,WR,19,25.7
Matthew Stafford,QB,20,21.5
Zach Ertz,TE,20,8.8
Robert Woods,WR,20,0.0
Travis Kelce,TE,20,17.7
DeAndre Hopkins,WR,20,0.0
Teddy Bridgewater,QB,20,0.1
Amari Cooper,WR,20,0.0
Nelson Agholor,WR,20,0.0
Jamison Crowder,WR,20,2.5
Marcus Mariota,QB,20,-0.1
Kalif Raymond,WR,20,3.7
Derrick Henry,RB,20,14.4
Demarcus Robinson,WR,20,7.4
Jared Goff,QB,20,11.2
Tyler Higbee,TE,20,11.4
Curtis Samuel,WR,20,0.9
Tim Patrick,WR,20,2.2
Samaje Perine,RB,20,0.0
Mack Hollins,WR,20,1.2
Austin Ekeler,RB,20,8.8
Dare Ogunbowale,RB,20,0.9
JuJu Smith-Schuster,WR,20,0.0
Patrick Mahomes,QB,20,12.5
Joe Mixon,RB,20,16.0
Cooper Kupp,WR,20,6.1
Kareem Hunt,RB,20,10.6
Jeremy McNichols,RB,20,6.8
Dallas Goedert,TE,20,5.6
Anthony Miller,WR,20,1.6
Dalton Schultz,TE,20,6.3
Mark Andrews,TE,20,4.4
Lamar Jackson,QB,20,20.1
Saquon Barkley,RB,20,35.2
Josh Allen,QB,20,19.1
Steven Sims,WR,20,0.4
Irv Smith,TE,20,0.2
Justice Hill,RB,20,5.7
Olamide Zaccheaus,WR,20,0.0
Ty Johnson,RB,20,3.9
Craig Reynolds,RB,20,0.0
Terry McLaurin,WR,20,14.7
Marquise Brown,WR,20,0.0
A.J. Brown,WR,20,1.4
David Montgomery,RB,20,3.6
Dawson Knox,TE,20,0.0
Reggie Gilliam,RB,20,0.0
Colby Parkinson,TE,20,6.9
Jalen Hurts,QB,20,18.1
Rashod Bateman,WR,20,12.6
Nico Collins,WR,20,8.1
Dyami Brown,WR,20,9.8
John Bates,TE,20,2.0
Tylan Wallace,WR,20,2.7
Noah Gray,TE,20,1.3
Tutu Atwell,WR,20,1.8
DeVonta Smith,WR,20,2.1
Kenny Gainwell,RB,20,2.0
Amon-Ra St. Brown,WR,20,13.7
Isiah Pacheco,RB,20,1.8
Jameson Williams,WR,20,12.0
James Cook,RB,20,8.2
Dameon Pierce,RB,20,1.0
Khalil Shakir,WR,20,6.7
John Metchie III,WR,20,3.5
Brian Robinson,RB,20,19.7
Isaiah Likely,TE,20,13.3
Kyren Williams,RB,20,8.5
Charlie Kolar,TE,20,0.0
Xavier Smith,WR,20,0.0
Keaton Mitchell,RB,20,0.0
Nikko Remigio,WR,20,0.0
Xavier Hutchinson,WR,20,5.2
Jared Wayne,WR,20,0.0
Dalton Kincaid,TE,20,1.1
Sam LaPorta,TE,20,11.1
Puka Nacua,WR,20,9.7
Jahmyr Gibbs,RB,20,29.5
C.J. Stroud,QB,20,14.0
Cody Schrader,RB,20,0.0
Jordan Whittington,WR,20,1.2
Ray Davis,RB,20,8.9
Xavier Worthy,WR,20,3.7
Keon Coleman,WR,20,0.5
Jayden Daniels,QB,20,25.1
Zach Ertz,TE,21,10.4
Travis Kelce,TE,21,1.9
DeAndre Hopkins,WR,21,1.1
Amari Cooper,WR,21,3.3
Jamison Crowder,WR,21,0.4
Curtis Samuel,WR,21,6.4
Samaje Perine,RB,21,1.7
Mack Hollins,WR,21,13.3
Austin Ekeler,RB,21,1.2
JuJu Smith-Schuster,WR,21,6.0
Patrick Mahomes,QB,21,28.1
Kareem Hunt,RB,21,13.0
Jeremy McNichols,RB,21,0.0
Dallas Goedert,TE,21,9.8
Justin Watson,WR,21,0.0
Saquon Barkley,RB,21,30.2
Josh Allen,QB,21,21.4
Olamide Zaccheaus,WR,21,2.6
Ty Johnson,RB,21,1.9
Terry McLaurin,WR,21,11.1
Marquise Brown,WR,21,3.5
A.J. Brown,WR,21,15.6
Dawson Knox,TE,21,0.7
Jalen Hurts,QB,21,33.4
Dyami Brown,WR,21,2.2
John Bates,TE,21,1.1
DeVonta Smith,WR,21,4.5
Kenny Gainwell,RB,21,2.4
Isiah Pacheco,RB,21,2.4
James Cook,RB,21,25.4
Khalil Shakir,WR,21,4.6
Brian Robinson,RB,21,3.6
Kenny Pickett,QB,21,-0.3
Nikko Remigio,WR,21,0.0
Dalton Kincaid,TE,21,1.3
Luke McCaffrey,WR,21,0.0
Colson Yankoff,TE,21,0.0
Will Shipley,RB,21,13.7
Ray Davis,RB,21,0.4
Xavier Worthy,WR,21,16.1
Keon Coleman,WR,21,1.2
Jayden Daniels,QB,21,23.0
Ben Sinnott,TE,21,2.3
Travis Kelce,TE,22,3.9
DeAndre Hopkins,WR,22,7.8
Samaje Perine,RB,22,0.8
JuJu Smith-Schuster,WR,22,1.6
Patrick Mahomes,QB,22,20.8
Kareem Hunt,RB,22,1.4
Dallas Goedert,TE,22,2.7
Justin Watson,WR,22,0.0
Saquon Barkley,RB,22,9.7
Marquise Brown,WR,22,1.5
A.J. Brown,WR,22,10.3
Jalen Hurts,QB,22,28.0
Noah Gray,TE,22,0.2
DeVonta Smith,WR,22,12.9
Kenny Gainwell,RB,22,1.0
Isiah Pacheco,RB,22,1.2
Jahan Dotson,WR,22,4.2
Kenny Pickett,QB,22,-0.4
Nikko Remigio,WR,22,0.0
Johnny Wilson,WR,22,0.0
Will Shipley,RB,22,0.0
Xavier Worthy,WR,22,27.7
